"region","name","alpha_admission","alpha_D","alpha_death_hosp","alpha_H","beta1","beta10","beta11","beta12","beta13","beta14","beta15","beta16","beta17","beta2","beta3","beta4","beta5","beta6","beta7","beta8","beta9","mu_D","mu_D_2","mu_D_3","mu_D_4","mu_gamma_H","mu_gamma_H_2","p_G_D","p_G_D_2","p_H","p_H_D","p_ICU","p_ICU_2","p_ICU_D","p_NC_15_24","p_NC_25_49","p_NC_50_64","p_NC_65_79","p_NC_80_plus","p_NC_weekend_15_24","p_NC_weekend_25_49","p_NC_weekend_50_64","p_NC_weekend_65_79","p_NC_weekend_80_plus","p_W_D","rel_p_D_alpha","rel_p_H_alpha","rel_p_ICU_alpha","rho_pillar2_tests","seed_date_alpha","start_date","ta_alpha"
"east_of_england","alpha_admission",1.16906783495831e-05,-5.21063712312241e-06,1.75130812725703e-06,-5.18721320405098e-07,2.94667430016616e-08,-2.33002891083976e-07,1.95191161594629e-07,-1.3028742290495e-08,-1.46778158237207e-07,3.82270172899878e-08,-5.9298734790611e-08,-9.59500899902982e-08,8.21240478565367e-09,1.47478478016725e-06,-9.74409397024852e-08,5.25368342738053e-08,-2.39954288616118e-08,-7.16275653055525e-08,-2.25862333119839e-07,2.46990895175035e-07,1.40210180576013e-08,-8.63549916817168e-07,-2.92654988095255e-07,-6.55858906034913e-06,1.49188744239968e-05,2.18201730631998e-05,-2.29569363503302e-06,4.01997664637824e-06,9.9082844286647e-07,3.04509860685926e-06,5.98864683807565e-06,2.62572389456669e-06,-1.02648824965516e-06,-2.9079069416294e-06,-4.71718168692423e-08,-2.09054259444605e-08,-2.16115456107988e-08,-4.86890679490993e-09,-4.27271968222156e-08,-3.41290926734391e-09,-2.65401430948137e-08,-1.51771574996741e-08,-4.9093033106782e-09,-8.98770333844377e-09,-3.19535622359849e-06,2.47200076917965e-05,-1.42620566407393e-05,2.16792322883031e-05,1.43308496223248e-08,0.000139249951953985,0.000130255048450676,1.55037460057606e-06
"east_of_england","alpha_D",-5.21063712312241e-06,0.000795300818078999,-1.08776958240557e-05,1.84314004761562e-06,3.07345111694266e-06,6.73373865233222e-07,-1.17572597324058e-06,-1.09712724929293e-07,1.49752862555366e-07,-6.33447768070348e-07,4.10029061256592e-07,-1.40917904670681e-08,-8.58666656536761e-07,-1.04857685686893e-06,-2.24223645727441e-06,8.49502145177233e-07,-6.51619594396755e-07,5.53010127993107e-07,3.22536066890501e-07,-2.00899867983224e-06,-4.66727327131094e-07,2.71345248967947e-05,3.02351974381676e-05,9.10310954408266e-05,6.95601779465456e-05,-0.000156847267104663,8.34821120269597e-05,-5.72448040334982e-05,-2.5618308275395e-06,3.38106624465893e-05,-4.97457589012728e-06,-6.64697722957909e-06,3.78538139534903e-06,-5.292060907247e-05,1.18066647081862e-07,-1.52351437032873e-07,-5.05649025245652e-08,-1.28917299813312e-07,-3.34141117526708e-07,4.85979341891562e-07,-8.24022445310093e-08,-2.57743789910722e-07,1.35772623987534e-07,-6.37876012722791e-09,-9.90952146350526e-05,-0.000433626835318176,-0.000142230977147868,-4.70109780782425e-06,-2.26561896870604e-08,-0.000165574685525986,0.00076096156439655,-9.21947004837907e-06
"east_of_england","alpha_death_hosp",1.75130812725703e-06,-1.08776958240557e-05,2.1233551602572e-05,-2.03437999433052e-06,-8.34473384324315e-07,1.88310857973828e-07,-3.90757431277318e-07,3.23957322574593e-07,-3.73529254365072e-07,3.48645104629627e-07,-2.23287247557689e-07,-2.24965257728433e-08,8.41354977974755e-08,-6.00467521333974e-07,5.7183002680322e-07,-3.4474938820784e-07,2.61844735284259e-07,-5.17448378951395e-07,1.37523208040533e-07,-2.11106282714044e-08,-1.8780297318858e-07,7.2762547656887e-06,7.90651433618662e-06,8.1962409012948e-06,-2.32026513397862e-05,4.05068282767771e-05,-2.1607627022783e-05,4.5584279297465e-06,4.28258274731098e-06,4.42037703252966e-06,-1.29033962297922e-05,4.46128469369839e-06,7.9806343032872e-07,6.65589009637709e-06,-3.13476233531001e-08,-4.24662373569489e-08,-3.74284427919688e-08,-4.53823381522252e-08,4.10313033063596e-08,2.29392380736652e-08,-3.64685812083668e-08,2.21351156221589e-09,-3.41288967254789e-08,1.66764486703205e-08,1.46968486497705e-05,-1.90338957062925e-05,-1.60168870428211e-05,-3.51214460684281e-06,1.84765600626063e-08,3.71130625882892e-05,-9.21114989088074e-05,-9.30148023903207e-07
"east_of_england","alpha_H",-5.18721320405098e-07,1.84314004761562e-06,-2.03437999433052e-06,4.93605827778617e-06,2.41741536368139e-07,2.49434328310641e-08,-4.4324979094322e-08,-1.01812973813155e-08,8.38586337958445e-08,-1.85546414359567e-08,3.23927441519466e-07,6.02289843990582e-08,7.92462130754656e-08,-1.45793239265475e-06,-6.97817234854885e-08,6.42113282569076e-09,-1.5806819833677e-08,3.67106341938032e-07,-1.96690571303784e-07,2.67059475855415e-07,-2.89525997024902e-07,6.49110952214561e-06,-2.4991150077969e-06,-4.56611885645346e-07,1.32385188146929e-05,-1.85381394082926e-05,1.23139682685954e-05,-8.96171752455227e-08,-1.08138319949748e-06,-1.75782638331941e-06,1.90377328806886e-06,-9.09394496352137e-07,1.25234772518778e-06,-1.26005485890309e-06,3.49692231989394e-09,-8.1140256255556e-09,-8.69517075074423e-09,7.67371577880028e-09,8.47627818185543e-09,3.39791841765207e-08,3.902229588148e-09,-1.75895311175653e-08,-1.07235413152869e-08,-5.1053722614299e-09,3.21174772960862e-06,5.22567446666603e-06,6.89382768449761e-06,-8.61577365644841e-06,-3.50302135031965e-08,-0.0002061398710824,-6.23693245044644e-05,-3.96501575059246e-06
"east_of_england","beta1",2.94667430016616e-08,3.07345111694266e-06,-8.34473384324315e-07,2.41741536368139e-07,1.74569349178216e-06,1.34442854370589e-07,-6.01200645404798e-08,1.85181258506858e-08,3.7983414611137e-08,-3.67233154676332e-08,-8.12463395711027e-09,-1.96523600649127e-08,-4.17422048399232e-08,-1.52095468056261e-06,-3.2401573056098e-08,6.11830190760651e-08,-3.38167262642957e-08,8.31055489027768e-08,-4.80569099943319e-08,2.32340114017572e-07,-1.87898030725068e-07,2.88481274712285e-06,-7.11112274250796e-07,-3.63452309468926e-06,2.60864564335672e-05,-3.47736004715972e-07,7.87835463521647e-06,-2.76989698124938e-08,-1.55849129790996e-06,-3.24621347526106e-06,-4.64668452447133e-07,-6.79140238789233e-07,2.8198512024884e-07,-9.61228371348104e-06,4.2342848846169e-08,1.81134731213653e-08,1.25193502017475e-08,2.29351598728656e-08,-6.5722710658328e-11,1.53581738007216e-08,6.38821737723334e-09,6.3580794584406e-09,2.09319522716738e-08,-3.74547404644091e-09,7.11351755379077e-07,1.34572048458427e-05,1.44876727540997e-05,-5.80641393855787e-06,2.81261027252008e-09,7.71827438241676e-05,0.000403180705180712,2.06052781557142e-06
"east_of_england","beta10",-2.33002891083976e-07,6.73373865233222e-07,1.88310857973828e-07,2.49434328310641e-08,1.34442854370589e-07,4.74510095658397e-07,-4.89096740001723e-07,1.02388031378801e-07,-1.80910843946125e-08,1.6181133951369e-08,3.39815248222103e-08,4.97931164356486e-09,2.49519267306892e-08,-2.50655503111653e-07,4.04939715721733e-08,-2.01184510388592e-08,4.32912965693394e-10,1.11493754194022e-07,-1.46527801351717e-07,3.06396701877953e-07,-5.1667192087324e-07,-3.51460090041769e-07,-7.65633197471682e-07,8.53183814747471e-08,5.41360923731672e-07,2.48437684718577e-07,-1.75974354258726e-07,4.66618239519534e-08,-2.18585377311599e-07,-7.32301083413914e-07,2.06399555981402e-07,-1.98639900274706e-08,-4.62283419644132e-08,-4.3356881843281e-07,1.6311381329063e-09,-3.19908088023321e-09,1.6653945630095e-09,3.16074203807999e-09,1.05837654882915e-08,4.45169331479606e-09,9.51818861084978e-09,-1.49285014127096e-09,2.81818502661078e-10,1.34897790457097e-09,1.53928265736096e-06,-1.98229444596352e-06,2.95176369285051e-06,-7.31254759375937e-07,1.69740914496312e-09,-3.15718488897771e-05,2.44053301822882e-05,-3.1402577151497e-07
"east_of_england","beta11",1.95191161594629e-07,-1.17572597324058e-06,-3.90757431277318e-07,-4.4324979094322e-08,-6.01200645404798e-08,-4.89096740001723e-07,9.02421020119685e-07,-3.43059386973764e-07,1.10089253046799e-07,-6.8423047760354e-08,-3.16308738044686e-08,-1.00113865498622e-08,-4.14343073614525e-08,3.02370302259293e-07,-3.24936938781348e-08,8.94163278212735e-09,1.5513655610831e-08,-8.91347532194008e-08,8.99224339573409e-08,-1.7391353628833e-07,4.13979061875471e-07,8.18499292925265e-07,2.17422757364178e-07,1.34558495368869e-06,-4.18314393466696e-06,-3.15011120936775e-06,1.5192887190191e-06,1.17505270527583e-07,4.20290369869993e-07,1.34375015664092e-07,-5.63441555837581e-07,-5.11586817895921e-07,2.3682455307497e-07,1.46808066726199e-07,4.01608922743504e-09,1.4578195634232e-08,-2.49214397913673e-09,-3.33433913620777e-09,4.3953535519705e-09,-2.30028290695019e-09,-6.02234532866435e-09,8.22659582406463e-09,-1.38998568259431e-09,3.03068137834898e-09,-1.48530203080341e-06,-1.91598542646257e-06,-6.10497725278662e-07,-3.39722590152738e-06,-7.9034488246697e-09,0.000134105168202959,-7.83546031231757e-06,1.23002613309753e-06
"east_of_england","beta12",-1.3028742290495e-08,-1.09712724929293e-07,3.23957322574593e-07,-1.01812973813155e-08,1.85181258506858e-08,1.02388031378801e-07,-3.43059386973764e-07,3.68508121961511e-07,-2.18784648851424e-07,1.26899607889105e-07,-5.44911515684244e-08,-1.65455135492647e-08,7.81064897975298e-09,-2.8288832728414e-07,3.34328460266997e-08,-6.81365500991748e-09,-1.24327117996058e-09,1.34224391151771e-08,1.10356450575608e-08,1.13190354664958e-08,-1.13303886309754e-07,-9.07338293071769e-07,9.19247645340514e-07,9.31893961075351e-07,8.58031228963631e-07,1.67017377096574e-07,-4.73609308725019e-08,-1.76362676537843e-07,5.54863930422991e-07,-2.25336055834608e-07,4.24938038779097e-07,3.67945325555057e-07,-9.18401807727393e-08,1.82028769321415e-06,-4.78946634269788e-09,-5.33296976944197e-09,3.4476908333375e-10,3.54219123643919e-09,-1.66858884798078e-09,-4.06285686778655e-09,9.2385442630032e-10,-1.03769123025282e-10,6.57628457773779e-10,-2.76734634283113e-10,2.32385252053093e-06,-7.42542999353387e-06,7.73632314340041e-07,1.96926568426623e-06,1.35229340965182e-09,3.20579738295429e-05,-2.74080824801807e-06,6.94784889517296e-07
"east_of_england","beta13",-1.46778158237207e-07,1.49752862555366e-07,-3.73529254365072e-07,8.38586337958445e-08,3.7983414611137e-08,-1.80910843946125e-08,1.10089253046799e-07,-2.18784648851424e-07,2.35575575361282e-07,-1.52063275184122e-07,9.70937979420784e-08,3.30000056434916e-08,7.66466875451891e-09,2.37139297888094e-07,-3.96286699247049e-08,1.96076138375954e-08,-8.1733924763876e-09,9.64623500649918e-09,6.56271355438317e-09,-1.1898677430933e-08,6.68964332294525e-08,8.59681262706813e-07,-4.37692323298322e-07,-6.00539836735548e-07,1.50367981261516e-07,-7.72863170830088e-07,6.20531281056213e-08,2.156800476971e-07,-3.5710368662625e-07,-5.63400303179172e-07,-4.76629434120042e-07,-7.75223518852586e-07,1.44526894558628e-07,-1.9788450814768e-06,7.23369928604357e-09,7.81361505486415e-09,5.83261936750433e-09,1.69835683900037e-09,3.70594654916649e-10,7.876588204813e-09,5.92508884778141e-09,2.50839637142891e-10,3.54877615324486e-09,2.53638841219842e-09,-8.61865765469781e-07,4.60191367074357e-06,2.11091602758098e-06,-2.75895259423356e-06,1.22428757773642e-09,-4.96654445693205e-05,6.03997138043214e-06,-1.18426363319413e-06
"east_of_england","beta14",3.82270172899878e-08,-6.33447768070348e-07,3.48645104629627e-07,-1.85546414359567e-08,-3.67233154676332e-08,1.6181133951369e-08,-6.8423047760354e-08,1.26899607889105e-07,-1.52063275184122e-07,4.46164256235446e-07,-1.94868447733626e-07,6.08840240549319e-08,4.73102836745744e-08,4.00992437224203e-09,2.09845313734969e-08,-7.274496875219e-09,2.80477463791094e-09,4.32400127170776e-08,-7.42768156931892e-08,4.63453703968969e-08,-1.72924031783739e-08,-1.77517055139283e-06,-5.90257000486995e-07,-1.02699766322237e-06,2.41822562509434e-06,1.72250466350795e-06,-1.4886802727491e-06,2.75304119958284e-07,5.55846490317477e-09,-5.54320164016988e-08,1.48099008615139e-07,1.30464988331744e-07,-4.85374277686232e-08,3.51878479963464e-06,5.66597453855537e-09,8.0922745793788e-09,4.14085472079875e-09,1.17990667527298e-09,3.56012887851216e-09,2.4723813503523e-09,-3.18992335353038e-09,-1.36391898619473e-09,2.17596792985889e-10,9.2385319043755e-10,-1.63502580029563e-06,1.92886812771909e-06,1.96874665133872e-07,-7.01458802110285e-09,-2.20614364686956e-09,-0.000105504875163791,-4.56279615749794e-06,-2.5395871787931e-06
"east_of_england","beta15",-5.9298734790611e-08,4.10029061256592e-07,-2.23287247557689e-07,3.23927441519466e-07,-8.12463395711027e-09,3.39815248222103e-08,-3.16308738044686e-08,-5.44911515684244e-08,9.70937979420784e-08,-1.94868447733626e-07,4.08220474644423e-07,-1.72482826504486e-08,9.93302121369547e-08,1.1062787495928e-07,-1.30317430522665e-08,3.9453952468387e-09,1.42060851120987e-08,-2.35183056278953e-08,7.1349016986243e-08,-3.46123318382864e-08,-3.95718857735929e-08,-1.04317316431128e-07,-8.47744216077958e-07,1.41982050024624e-06,-6.04129709936198e-06,-4.55039574319007e-06,1.88325572211337e-06,9.40958563686387e-08,8.80985306594657e-08,-8.3149653830329e-07,9.47119657386268e-07,-4.29892356167136e-07,2.5614119682975e-07,6.51597082553381e-08,3.26246700158896e-09,1.90054712614109e-09,2.50929255464818e-09,1.32579926747475e-09,3.75651567328404e-09,2.1152827527858e-09,2.25709362132876e-09,1.87625334265365e-09,-1.94238790844958e-09,-2.05393956847504e-09,1.24855287603361e-06,-4.47587141872936e-06,3.74357310213209e-06,-1.31364785266841e-06,-7.34152743385033e-09,-0.000130863919886433,-7.74370799616941e-06,-2.25642525702936e-06
"east_of_england","beta16",-9.59500899902982e-08,-1.40917904670681e-08,-2.24965257728433e-08,6.02289843990582e-08,-1.96523600649127e-08,4.97931164356486e-09,-1.00113865498622e-08,-1.65455135492647e-08,3.30000056434916e-08,6.08840240549319e-08,-1.72482826504486e-08,5.5608960415449e-08,-2.10242393668796e-09,3.13478825828367e-08,9.62208086520258e-10,1.0767174846092e-09,4.85355315011704e-09,6.14545290328316e-09,-6.26985045919807e-09,-1.9513413549186e-09,1.54107843556146e-08,-1.31218603949617e-08,-4.06411271197558e-07,-7.93121072025775e-07,6.01122480581595e-07,3.55428069833097e-07,-7.08550908115764e-07,2.53249248201184e-07,-1.63033166063904e-07,-4.08380049896215e-07,-1.01791399004715e-07,-6.98755509750034e-08,4.9334305935421e-08,4.60921448854521e-07,3.21457122642855e-09,2.46690808511732e-09,6.51329791507621e-10,9.58383498871634e-10,1.50764064700128e-09,2.66064430709804e-09,-3.03417824511018e-10,-1.73148497712785e-09,1.78245429199794e-09,5.80931816349388e-10,-7.99059641458279e-07,3.48258243861372e-06,1.46257543683887e-06,-1.32927396752306e-06,1.91233877442577e-09,-8.04194756464252e-05,-7.85522922537532e-06,-1.63168838152194e-06
"east_of_england","beta17",8.21240478565367e-09,-8.58666656536761e-07,8.41354977974755e-08,7.92462130754656e-08,-4.17422048399232e-08,2.49519267306892e-08,-4.14343073614525e-08,7.81064897975298e-09,7.66466875451891e-09,4.73102836745744e-08,9.93302121369547e-08,-2.10242393668796e-09,1.11218014947839e-07,6.59873946103731e-08,5.93703872562999e-11,3.88780449189184e-09,1.81186525067427e-09,6.59925459155169e-09,-3.32821485116517e-09,2.14564354249034e-08,-2.30184302015478e-08,-4.10166731726454e-07,-5.12852171360896e-07,8.85089416616734e-07,-5.39854798981475e-06,-1.18781000213391e-07,-8.9067307431298e-07,1.31916897620681e-07,1.82492166729356e-07,-5.01607508443758e-07,2.78551750002822e-07,-4.79538519245992e-08,6.30186381950925e-08,1.46526799335691e-06,3.02930882604383e-09,7.70682261116086e-09,2.39477161982495e-09,2.00284831864327e-09,6.76841965532318e-09,3.53687801820226e-09,2.86573076777364e-09,2.32529860875554e-09,-2.32247619956776e-09,-1.16415614154166e-09,1.26719142209731e-06,-3.14271764858524e-06,1.88850929371697e-06,7.57960348606084e-09,-4.50751019672362e-09,-0.000104314169855563,-1.34451760313063e-05,-1.80977340729235e-06
"east_of_england","beta2",1.47478478016725e-06,-1.04857685686893e-06,-6.00467521333974e-07,-1.45793239265475e-06,-1.52095468056261e-06,-2.50655503111653e-07,3.02370302259293e-07,-2.8288832728414e-07,2.37139297888094e-07,4.00992437224203e-09,1.1062787495928e-07,3.13478825828367e-08,6.59873946103731e-08,1.00730009514574e-05,-7.60860593245406e-07,3.34465675342105e-07,-2.44058412810211e-07,-7.09430891209052e-08,-6.62676567142741e-08,-4.80272599036317e-08,1.5919799295449e-07,-2.43518726307932e-06,-3.11354753282401e-06,-1.47774335674866e-06,-1.23227307035287e-05,-5.91033677984722e-06,1.87069282668457e-07,2.66220588024607e-07,-1.29433990688973e-06,5.70382271555426e-06,-2.33136911634907e-06,-2.32537261767566e-06,-1.32199431389678e-06,7.44694404316369e-06,-2.24559575740268e-08,3.44500432337869e-09,1.09898372991606e-08,-1.44525283485961e-08,1.80342786373377e-08,4.3887864035214e-09,-5.95781242238048e-09,2.96667411648175e-10,-2.20873252323194e-08,7.46659336746035e-09,-1.15199102676317e-05,1.08766434120422e-05,-2.59037203986989e-05,1.2313634008815e-05,3.79787353628624e-08,-8.96062729515036e-05,2.36245682166936e-05,-4.38395436126001e-06
"east_of_england","beta3",-9.74409397024852e-08,-2.24223645727441e-06,5.7183002680322e-07,-6.97817234854885e-08,-3.2401573056098e-08,4.04939715721733e-08,-3.24936938781348e-08,3.34328460266997e-08,-3.96286699247049e-08,2.09845313734969e-08,-1.30317430522665e-08,9.62208086520258e-10,5.93703872562999e-11,-7.60860593245406e-07,1.74939440198292e-07,-1.1260947924032e-07,1.12462974182774e-07,-8.38624464446853e-08,6.70269179664221e-08,-5.50162952176663e-08,-8.53031920772986e-09,-7.7623815216949e-07,4.14574623279845e-07,6.26630316138061e-07,-2.75050799249416e-06,3.07653397668078e-06,-1.69571702742647e-06,2.71161545936303e-07,5.94970770676157e-07,-4.44239729231559e-07,3.34999303578943e-07,1.20703707429793e-07,1.05784925793596e-07,5.06997824245193e-07,-2.91047692280123e-09,-2.63085776455079e-09,-2.49239901933345e-09,-1.93335664302758e-09,4.97226789680965e-09,-2.55801810960979e-09,4.49124783299845e-10,3.39011159014236e-09,-4.05320504759587e-10,-2.15193273476278e-10,1.51315299083896e-06,-3.17419104789184e-06,1.6659204726535e-06,-8.86324845799926e-07,-1.07232137203599e-09,-1.66597389943755e-06,-2.5624515343168e-05,1.98344369514372e-07
"east_of_england","beta4",5.25368342738053e-08,8.49502145177233e-07,-3.4474938820784e-07,6.42113282569076e-09,6.11830190760651e-08,-2.01184510388592e-08,8.94163278212735e-09,-6.81365500991748e-09,1.96076138375954e-08,-7.274496875219e-09,3.9453952468387e-09,1.0767174846092e-09,3.88780449189184e-09,3.34465675342105e-07,-1.1260947924032e-07,1.05668368503526e-07,-1.32888902692295e-07,1.0511513069021e-07,-5.50770996203269e-08,5.54073712381276e-08,-2.16416951146799e-10,-2.51099472367313e-07,-5.25106307800654e-07,-5.40679756390503e-07,2.02143251180819e-06,-2.82488539844736e-06,1.31421522681875e-06,-2.04481508800988e-07,-3.72674161930282e-07,-4.72717522693211e-07,1.28461591048305e-07,2.18556600132125e-07,-1.40206870631849e-07,1.89526288657627e-07,3.22154839984863e-09,3.61626636026856e-09,2.59534193388588e-09,4.43441304660886e-09,-5.19521277466218e-09,9.59600370692177e-10,1.73792377046965e-09,-2.30201441562183e-09,1.36823134990419e-09,1.78138159805452e-10,-4.88190982515541e-08,1.65709187216712e-06,2.17545493800755e-06,8.36251628767516e-07,-2.73628805118578e-10,-8.6105019390574e-06,1.81516087792444e-05,-4.16209323146328e-08
"east_of_england","beta5",-2.39954288616118e-08,-6.51619594396755e-07,2.61844735284259e-07,-1.5806819833677e-08,-3.38167262642957e-08,4.32912965693394e-10,1.5513655610831e-08,-1.24327117996058e-09,-8.1733924763876e-09,2.80477463791094e-09,1.42060851120987e-08,4.85355315011704e-09,1.81186525067427e-09,-2.44058412810211e-07,1.12462974182774e-07,-1.32888902692295e-07,2.71095621971602e-07,-2.95042612747968e-07,1.66447119121711e-07,-1.43569998319397e-07,7.14393807438536e-08,8.39268101390212e-07,1.05925608605907e-06,4.29756326558822e-07,1.20613585064965e-06,4.19043360682228e-06,-2.23217544613151e-06,5.00710022472589e-07,4.50301054193956e-07,-1.07365045726761e-07,-3.39620444102806e-07,-3.08621768829338e-07,2.36330717875759e-07,-4.09741688801583e-07,-1.49481195875225e-09,2.11152668409506e-10,-2.29057699276865e-10,-2.80566815944598e-09,1.300393063918e-08,2.21509987170239e-09,5.904194284637e-10,5.95225426617381e-09,-4.4938343817613e-10,2.18596729504172e-09,-3.24763509832387e-07,-2.97649251518209e-06,-5.6584638110644e-08,-1.45001382305166e-06,2.6113500183298e-09,-5.46271654484193e-06,-1.33924437303862e-05,-1.09289359418499e-07
"east_of_england","beta6",-7.16275653055525e-08,5.53010127993107e-07,-5.17448378951395e-07,3.67106341938032e-07,8.31055489027768e-08,1.11493754194022e-07,-8.91347532194008e-08,1.34224391151771e-08,9.64623500649918e-09,4.32400127170776e-08,-2.35183056278953e-08,6.14545290328316e-09,6.59925459155169e-09,-7.09430891209052e-08,-8.38624464446853e-08,1.0511513069021e-07,-2.95042612747968e-07,6.5705132527741e-07,-5.52432501834992e-07,5.00499118199792e-07,-2.79714353187399e-07,3.16626529066407e-07,-8.27151784408412e-09,7.43730723018951e-07,-5.51910968155675e-06,-6.5960756576164e-06,3.39195829746327e-06,-5.70475067374418e-07,-3.1005969871789e-07,-5.87391654124073e-07,-2.19557640197605e-07,-2.69686907056167e-07,-1.16783951268411e-07,1.27287043601061e-06,4.59500036798415e-09,5.63905402824213e-09,3.23591109188893e-09,3.73417012281926e-09,-7.79759853670675e-09,2.6181264447419e-09,-1.6565673152585e-09,-4.96207858700014e-09,3.33783906937574e-09,-2.31864112466716e-09,9.58225208033317e-07,-1.22136929693732e-06,2.77353019506005e-06,4.62141041138326e-08,-7.74513873717046e-09,5.2733714040463e-06,7.0880733451873e-07,2.44729919858418e-08
"east_of_england","beta7",-2.25862333119839e-07,3.22536066890501e-07,1.37523208040533e-07,-1.96690571303784e-07,-4.80569099943319e-08,-1.46527801351717e-07,8.99224339573409e-08,1.10356450575608e-08,6.56271355438317e-09,-7.42768156931892e-08,7.1349016986243e-08,-6.26985045919807e-09,-3.32821485116517e-09,-6.62676567142741e-08,6.70269179664221e-08,-5.50770996203269e-08,1.66447119121711e-07,-5.52432501834992e-07,7.78271762422305e-07,-8.73306971070315e-07,4.28039805605307e-07,-3.70495281609667e-07,-6.19207261320681e-07,-4.98127871116695e-07,7.70269965672872e-06,2.07716577141748e-06,-3.05818341614583e-06,1.63929866382377e-07,2.67899373677442e-07,-9.08663089501407e-07,3.52621982980667e-07,5.01855290667307e-07,7.22642907663119e-08,-1.80437939688065e-06,-6.34168178521393e-09,-2.23787704359449e-09,2.91226451204857e-09,2.476569588781e-09,1.11527647594405e-09,-3.89565635783892e-09,9.2017776076634e-09,4.19622353303073e-09,-2.1986716555126e-09,5.13961311726734e-09,-2.93861695218944e-07,1.32901396617137e-06,3.64641450208566e-06,1.39807334008399e-07,-3.01971555941836e-09,-1.83963943040742e-05,-1.46769501605557e-05,2.03702802881503e-07
"east_of_england","beta8",2.46990895175035e-07,-2.00899867983224e-06,-2.11106282714044e-08,2.67059475855415e-07,2.32340114017572e-07,3.06396701877953e-07,-1.7391353628833e-07,1.13190354664958e-08,-1.1898677430933e-08,4.63453703968969e-08,-3.46123318382864e-08,-1.9513413549186e-09,2.14564354249034e-08,-4.80272599036317e-08,-5.50162952176663e-08,5.54073712381276e-08,-1.43569998319397e-07,5.00499118199792e-07,-8.73306971070315e-07,1.43645958125257e-06,-9.45807080173115e-07,-2.68103164102827e-07,-9.94214241295209e-08,-7.9998354022459e-07,-3.77732244075823e-06,-2.65750780281393e-06,3.6719851575434e-06,2.35397668056807e-07,-6.6004810726424e-07,-3.50531535404387e-07,-1.90852212010888e-07,-1.91093013179801e-07,8.0597685996849e-09,3.40216118199785e-06,1.29365465970431e-08,6.66628234779364e-09,-6.1053488042893e-09,4.28938643979025e-09,4.66405460153157e-09,6.83210512120247e-09,-8.26300693432014e-10,-9.37733094878492e-10,6.5434070063124e-09,-6.56164982908629e-09,3.19879821089426e-06,-1.69823016731285e-07,1.69156131543276e-06,-2.25122573435247e-06,1.08036839333567e-09,1.98195728097383e-05,5.40519108651933e-05,5.62403522426401e-08
"east_of_england","beta9",1.40210180576013e-08,-4.66727327131094e-07,-1.8780297318858e-07,-2.89525997024902e-07,-1.87898030725068e-07,-5.1667192087324e-07,4.13979061875471e-07,-1.13303886309754e-07,6.68964332294525e-08,-1.72924031783739e-08,-3.95718857735929e-08,1.54107843556146e-08,-2.30184302015478e-08,1.5919799295449e-07,-8.53031920772986e-09,-2.16416951146799e-10,7.14393807438536e-08,-2.79714353187399e-07,4.28039805605307e-07,-9.45807080173115e-07,1.10774496388375e-06,1.18587950276802e-06,1.28924751542099e-06,-6.70022076101672e-07,2.95139206482778e-06,4.27997641908471e-06,-2.99857431406439e-06,3.02254610072647e-07,3.64148725490885e-07,-2.2316387959745e-07,-1.12034284497304e-06,-4.75260018055584e-07,8.67813406022232e-08,-2.97880915276981e-06,-5.66977477637527e-09,5.4442191454513e-09,8.84483714261355e-09,-3.43134716892314e-09,-5.71791259729548e-09,-5.2130272472112e-09,-8.52319543927749e-09,2.91064358218469e-09,-4.36231532269633e-09,3.91583866678534e-09,-2.97725726338204e-06,5.85704618689664e-06,5.83571920495077e-07,1.36069481606359e-06,8.67945746947787e-09,-2.32546814357173e-05,-5.62157105737776e-05,1.19299207679484e-07
"east_of_england","mu_D",-8.63549916817168e-07,2.71345248967947e-05,7.2762547656887e-06,6.49110952214561e-06,2.88481274712285e-06,-3.51460090041769e-07,8.18499292925265e-07,-9.07338293071769e-07,8.59681262706813e-07,-1.77517055139283e-06,-1.04317316431128e-07,-1.31218603949617e-08,-4.10166731726454e-07,-2.43518726307932e-06,-7.7623815216949e-07,-2.51099472367313e-07,8.39268101390212e-07,3.16626529066407e-07,-3.70495281609667e-07,-2.68103164102827e-07,1.18587950276802e-06,0.000523218506235216,5.38569050073251e-05,8.20137430997646e-06,5.53466165967617e-05,9.12087600796822e-06,2.83044055976683e-05,-1.58850783677346e-05,-8.13958753268333e-06,-2.54921406204926e-06,-0.00012257216258209,-1.77497384214958e-05,7.57110761819132e-06,-8.69074282952144e-05,1.68166201702613e-07,-2.55720758012356e-08,1.41072434747117e-07,-1.14120653098906e-07,-1.91556707701798e-07,1.12892056685578e-07,1.40776178627653e-07,-4.68116374770595e-08,2.03011214965294e-08,7.28779289254607e-08,-4.74034510461692e-05,0.000148715375391315,1.05535884297099e-05,-5.69572123504641e-05,-6.82050785279917e-08,0.000707694842858325,0.000400038788147881,1.63564566917274e-05
"east_of_england","mu_D_2",-2.92654988095255e-07,3.02351974381676e-05,7.90651433618662e-06,-2.4991150077969e-06,-7.11112274250796e-07,-7.65633197471682e-07,2.17422757364178e-07,9.19247645340514e-07,-4.37692323298322e-07,-5.90257000486995e-07,-8.47744216077958e-07,-4.06411271197558e-07,-5.12852171360896e-07,-3.11354753282401e-06,4.14574623279845e-07,-5.25106307800654e-07,1.05925608605907e-06,-8.27151784408412e-09,-6.19207261320681e-07,-9.94214241295209e-08,1.28924751542099e-06,5.38569050073251e-05,0.000344784727193581,0.000215205111516478,0.00030570541524026,4.45385578577773e-05,-6.02497145485356e-05,-2.34049637308078e-05,6.96185845473133e-05,1.70090107577503e-06,-0.000106627285261827,-5.10651626720956e-06,1.0096553196424e-06,-3.76357528419126e-05,-1.75005053263211e-07,-9.70397877409094e-09,8.03985949935554e-08,-3.84902816650537e-08,-2.02985793429246e-07,-3.46197373099286e-08,2.08438169628803e-07,-6.72400447965461e-08,-1.58265256460676e-09,1.00218730526454e-07,-2.10794742186339e-06,-0.00117706567203449,3.25835006779284e-07,3.54444215005504e-05,-1.26061293195277e-07,0.0014238728281275,-0.000463231718651129,2.70126085805767e-05
"east_of_england","mu_D_3",-6.55858906034913e-06,9.10310954408266e-05,8.1962409012948e-06,-4.56611885645346e-07,-3.63452309468926e-06,8.53183814747471e-08,1.34558495368869e-06,9.31893961075351e-07,-6.00539836735548e-07,-1.02699766322237e-06,1.41982050024624e-06,-7.93121072025775e-07,8.85089416616734e-07,-1.47774335674866e-06,6.26630316138061e-07,-5.40679756390503e-07,4.29756326558822e-07,7.43730723018951e-07,-4.98127871116695e-07,-7.9998354022459e-07,-6.70022076101672e-07,8.20137430997646e-06,0.000215205111516478,0.000628249276687724,-0.000303592935840445,-0.000355147089438626,3.26598178852487e-05,-3.08244026000231e-05,0.00012812052013705,1.89739816117307e-05,-5.3027585707459e-05,-1.68737923440768e-05,1.08791746868244e-08,3.50664017829104e-05,-2.88162275131474e-08,-6.76150993259915e-08,4.26652192638449e-08,-9.587653933369e-08,4.36940320978782e-07,3.62999280647601e-07,3.09614523404133e-07,1.25683810234846e-07,-4.72879601591627e-08,-5.67376304657066e-08,-0.000108392054338433,-0.00237277305380201,-7.97588181278033e-05,2.6979331273021e-06,-3.21793166469578e-07,0.000560457244785566,-0.000932197036684119,3.81519656956136e-06
"east_of_england","mu_D_4",1.49188744239968e-05,6.95601779465456e-05,-2.32026513397862e-05,1.32385188146929e-05,2.60864564335672e-05,5.41360923731672e-07,-4.18314393466696e-06,8.58031228963631e-07,1.50367981261516e-07,2.41822562509434e-06,-6.04129709936198e-06,6.01122480581595e-07,-5.39854798981475e-06,-1.23227307035287e-05,-2.75050799249416e-06,2.02143251180819e-06,1.20613585064965e-06,-5.51910968155675e-06,7.70269965672872e-06,-3.77732244075823e-06,2.95139206482778e-06,5.53466165967617e-05,0.00030570541524026,-0.000303592935840445,0.00443171577801855,7.94730944403005e-05,-6.34197564510844e-05,-5.26834375924961e-05,5.66959458347328e-06,-9.80288574547426e-05,-7.41910126365423e-05,6.01989859210778e-05,1.94432815881383e-05,-0.000509634894543991,-5.35115845274072e-07,1.42550358351872e-06,1.5897375453071e-06,7.45035845682462e-07,-2.04285666875128e-06,-1.31675961612554e-06,1.34578068179317e-06,-3.44148230095694e-07,8.9907709447773e-07,3.94324624059315e-07,0.000223037287181733,0.000115214924653435,0.000502132882594092,-0.000122821276728988,2.20509343567627e-06,0.00158809592431239,0.00556265817161352,7.79490517390672e-05
"east_of_england","mu_gamma_H",2.18201730631998e-05,-0.000156847267104663,4.05068282767771e-05,-1.85381394082926e-05,-3.47736004715972e-07,2.48437684718577e-07,-3.15011120936775e-06,1.67017377096574e-07,-7.72863170830088e-07,1.72250466350795e-06,-4.55039574319007e-06,3.55428069833097e-07,-1.18781000213391e-07,-5.91033677984722e-06,3.07653397668078e-06,-2.82488539844736e-06,4.19043360682228e-06,-6.5960756576164e-06,2.07716577141748e-06,-2.65750780281393e-06,4.27997641908471e-06,9.12087600796822e-06,4.45385578577773e-05,-0.000355147089438626,7.94730944403005e-05,0.00147339364879739,-0.000468531645186683,3.65962902821678e-05,-3.88225053634799e-05,2.28126831535196e-05,-2.26526754524273e-05,2.24814355832333e-05,7.17934106464447e-06,-0.000310504838056728,-3.93042995208672e-07,-6.50464956436467e-07,-4.45477922543213e-07,-3.3071209145405e-07,-3.76928346237392e-07,-3.30103377234197e-07,-6.09111526310044e-07,-1.98941313086895e-07,-1.25337191994611e-07,-4.69857138341595e-08,0.00026610819385591,0.00137338971731143,-0.000113674057294395,8.48699030238806e-05,6.55416832462217e-07,-0.000102387324919724,0.000272959018330474,-4.15229813757549e-06
"east_of_england","mu_gamma_H_2",-2.29569363503302e-06,8.34821120269597e-05,-2.1607627022783e-05,1.23139682685954e-05,7.87835463521647e-06,-1.75974354258726e-07,1.5192887190191e-06,-4.73609308725019e-08,6.20531281056213e-08,-1.4886802727491e-06,1.88325572211337e-06,-7.08550908115764e-07,-8.9067307431298e-07,1.87069282668457e-07,-1.69571702742647e-06,1.31421522681875e-06,-2.23217544613151e-06,3.39195829746327e-06,-3.05818341614583e-06,3.6719851575434e-06,-2.99857431406439e-06,2.83044055976683e-05,-6.02497145485356e-05,3.26598178852487e-05,-6.34197564510844e-05,-0.000468531645186683,0.000759141272385889,-2.06085743313449e-05,-2.61695755682756e-05,1.39574881602352e-05,7.26218105618667e-06,-2.17291204281285e-05,-6.44173390625445e-06,0.000138117564644916,-1.30180759279634e-08,-5.57116353188893e-08,-1.23925104974282e-08,-1.28149271985177e-07,-3.62128880384929e-07,-2.18204687804897e-07,-1.14035917543209e-07,-7.22414286284809e-08,-3.13771000946296e-08,-2.12259943186402e-07,-9.38891373631756e-05,0.000135547862062998,-5.21139428215426e-05,0.000102191858319593,-8.89564032544138e-08,0.000686926169593495,0.00223017390720425,1.28608339389285e-06
"east_of_england","p_G_D",4.01997664637824e-06,-5.72448040334982e-05,4.5584279297465e-06,-8.96171752455227e-08,-2.76989698124938e-08,4.66618239519534e-08,1.17505270527583e-07,-1.76362676537843e-07,2.156800476971e-07,2.75304119958284e-07,9.40958563686387e-08,2.53249248201184e-07,1.31916897620681e-07,2.66220588024607e-07,2.71161545936303e-07,-2.04481508800988e-07,5.00710022472589e-07,-5.70475067374418e-07,1.63929866382377e-07,2.35397668056807e-07,3.02254610072647e-07,-1.58850783677346e-05,-2.34049637308078e-05,-3.08244026000231e-05,-5.26834375924961e-05,3.65962902821678e-05,-2.06085743313449e-05,6.57569192502854e-05,-5.97625233722262e-07,-4.70401565588628e-06,2.49348881747464e-05,2.51060244337619e-06,6.59224553247288e-07,-4.0914682420109e-05,-3.78769923269626e-09,-1.6793252563213e-08,-7.35627205411371e-08,4.10524459466902e-10,1.30962014805545e-07,-1.86985250605928e-08,3.93020430155712e-08,4.85372579146247e-08,-5.60761967794996e-08,-1.2620684683035e-08,5.02293997373126e-05,9.54191285103585e-05,1.57614768614856e-05,-5.500045053641e-06,-8.84486587878765e-08,-0.000463366283638564,-8.1740530729703e-05,-7.10673328688885e-06
"east_of_england","p_G_D_2",9.9082844286647e-07,-2.5618308275395e-06,4.28258274731098e-06,-1.08138319949748e-06,-1.55849129790996e-06,-2.18585377311599e-07,4.20290369869993e-07,5.54863930422991e-07,-3.5710368662625e-07,5.55846490317477e-09,8.80985306594657e-08,-1.63033166063904e-07,1.82492166729356e-07,-1.29433990688973e-06,5.94970770676157e-07,-3.72674161930282e-07,4.50301054193956e-07,-3.1005969871789e-07,2.67899373677442e-07,-6.6004810726424e-07,3.64148725490885e-07,-8.13958753268333e-06,6.96185845473133e-05,0.00012812052013705,5.66959458347328e-06,-3.88225053634799e-05,-2.61695755682756e-05,-5.97625233722262e-07,4.14243233749325e-05,1.32326539215512e-06,1.69202633694177e-06,-9.43595248775739e-07,4.14026873048947e-08,-8.34383068376415e-06,-4.62186757234783e-08,1.60219767895576e-08,4.82249981595056e-08,-9.49649317221016e-09,1.15520998609208e-07,2.68528203454518e-08,1.07518620038404e-07,3.72325118132218e-08,-1.13985677849679e-08,2.32942115427151e-08,5.20919565976483e-06,-0.000596472828812962,-4.296778210899e-06,5.13997923112881e-06,-3.58973079692242e-08,0.000249811395873578,-0.000424071397555752,2.90471794002061e-06
"east_of_england","p_H",3.04509860685926e-06,3.38106624465893e-05,4.42037703252966e-06,-1.75782638331941e-06,-3.24621347526106e-06,-7.32301083413914e-07,1.34375015664092e-07,-2.25336055834608e-07,-5.63400303179172e-07,-5.54320164016988e-08,-8.3149653830329e-07,-4.08380049896215e-07,-5.01607508443758e-07,5.70382271555426e-06,-4.44239729231559e-07,-4.72717522693211e-07,-1.07365045726761e-07,-5.87391654124073e-07,-9.08663089501407e-07,-3.50531535404387e-07,-2.2316387959745e-07,-2.54921406204926e-06,1.70090107577503e-06,1.89739816117307e-05,-9.80288574547426e-05,2.28126831535196e-05,1.39574881602352e-05,-4.70401565588628e-06,1.32326539215512e-06,7.93500815529424e-05,-2.42015540099494e-06,-4.20918493916274e-06,-4.51348221953152e-06,-1.20270000379398e-05,-6.85436401637624e-08,-2.69269577287919e-07,-1.27367179019319e-07,-2.33490466361606e-07,-2.05716670611714e-07,-4.69876080207115e-08,-2.01841361948747e-07,-1.19896208897164e-07,-8.56578339102764e-08,-8.44066550116694e-08,-4.74144993219867e-05,-4.83131530817816e-06,-0.000323944443058715,5.46025249599317e-05,3.32124573893191e-08,0.00107848970127627,-4.37037183161095e-05,1.17852980810807e-06
"east_of_england","p_H_D",5.98864683807565e-06,-4.97457589012728e-06,-1.29033962297922e-05,1.90377328806886e-06,-4.64668452447133e-07,2.06399555981402e-07,-5.63441555837581e-07,4.24938038779097e-07,-4.76629434120042e-07,1.48099008615139e-07,9.47119657386268e-07,-1.01791399004715e-07,2.78551750002822e-07,-2.33136911634907e-06,3.34999303578943e-07,1.28461591048305e-07,-3.39620444102806e-07,-2.19557640197605e-07,3.52621982980667e-07,-1.90852212010888e-07,-1.12034284497304e-06,-0.00012257216258209,-0.000106627285261827,-5.3027585707459e-05,-7.41910126365423e-05,-2.26526754524273e-05,7.26218105618667e-06,2.49348881747464e-05,1.69202633694177e-06,-2.42015540099494e-06,0.000178683726784983,1.26169284439363e-05,-1.24119366046043e-06,-3.06205562877551e-05,-1.33776708339838e-07,-1.09139639047449e-07,-2.14307414939661e-07,3.26829637160823e-09,8.68143229840097e-08,-5.21672101274285e-08,3.43394035837248e-08,-1.47686860351922e-08,-1.34196364578322e-08,-5.99254910710189e-08,2.43246313529579e-05,6.65352518470092e-06,2.05662127819476e-05,1.20072749358206e-05,6.16749172222762e-08,-0.000604546496778432,5.96673372952547e-06,-1.27273129598734e-05
"east_of_england","p_ICU",2.62572389456669e-06,-6.64697722957909e-06,4.46128469369839e-06,-9.09394496352137e-07,-6.79140238789233e-07,-1.98639900274706e-08,-5.11586817895921e-07,3.67945325555057e-07,-7.75223518852586e-07,1.30464988331744e-07,-4.29892356167136e-07,-6.98755509750034e-08,-4.79538519245992e-08,-2.32537261767566e-06,1.20703707429793e-07,2.18556600132125e-07,-3.08621768829338e-07,-2.69686907056167e-07,5.01855290667307e-07,-1.91093013179801e-07,-4.75260018055584e-07,-1.77497384214958e-05,-5.10651626720956e-06,-1.68737923440768e-05,6.01989859210778e-05,2.24814355832333e-05,-2.17291204281285e-05,2.51060244337619e-06,-9.43595248775739e-07,-4.20918493916274e-06,1.26169284439363e-05,5.09549209022068e-05,-4.25017994256552e-06,3.06274093363678e-05,-6.2723557025405e-08,-7.95531016724958e-08,-2.05739258481156e-08,3.97359292096053e-09,-7.92029819556597e-08,-8.81705859936961e-08,-1.95764638300644e-08,1.85159256210187e-08,2.08784086671684e-08,2.68245071600783e-08,5.04433101226326e-05,3.54826564001259e-05,2.48179661288549e-05,3.64989441155282e-05,1.60206093927546e-08,-0.000315065850367501,-0.000183875672653954,2.90218185156525e-06
"east_of_england","p_ICU_2",-1.02648824965516e-06,3.78538139534903e-06,7.9806343032872e-07,1.25234772518778e-06,2.8198512024884e-07,-4.62283419644132e-08,2.3682455307497e-07,-9.18401807727393e-08,1.44526894558628e-07,-4.85374277686232e-08,2.5614119682975e-07,4.9334305935421e-08,6.30186381950925e-08,-1.32199431389678e-06,1.05784925793596e-07,-1.40206870631849e-07,2.36330717875759e-07,-1.16783951268411e-07,7.22642907663119e-08,8.0597685996849e-09,8.67813406022232e-08,7.57110761819132e-06,1.0096553196424e-06,1.08791746868244e-08,1.94432815881383e-05,7.17934106464447e-06,-6.44173390625445e-06,6.59224553247288e-07,4.14026873048947e-08,-4.51348221953152e-06,-1.24119366046043e-06,-4.25017994256552e-06,7.94514330977115e-06,-9.12573105396119e-06,-1.67869240440285e-08,-6.74567258789877e-11,-2.184043945047e-08,1.63075412546399e-08,4.33092715477726e-08,2.74435280400361e-09,2.19594128034606e-09,-2.21284914522129e-09,-6.081055361003e-09,-4.13173588284474e-09,1.36748898134468e-05,4.46577585717173e-06,1.71687219189801e-05,-5.81957155896326e-05,-1.52898340167831e-08,-5.95382945368244e-05,-3.54819817909678e-05,-2.54242137291618e-06
"east_of_england","p_ICU_D",-2.9079069416294e-06,-5.292060907247e-05,6.65589009637709e-06,-1.26005485890309e-06,-9.61228371348104e-06,-4.3356881843281e-07,1.46808066726199e-07,1.82028769321415e-06,-1.9788450814768e-06,3.51878479963464e-06,6.51597082553381e-08,4.60921448854521e-07,1.46526799335691e-06,7.44694404316369e-06,5.06997824245193e-07,1.89526288657627e-07,-4.09741688801583e-07,1.27287043601061e-06,-1.80437939688065e-06,3.40216118199785e-06,-2.97880915276981e-06,-8.69074282952144e-05,-3.76357528419126e-05,3.50664017829104e-05,-0.000509634894543991,-0.000310504838056728,0.000138117564644916,-4.0914682420109e-05,-8.34383068376415e-06,-1.20270000379398e-05,-3.06205562877551e-05,3.06274093363678e-05,-9.12573105396119e-06,0.00105160157909482,2.47852226026653e-07,3.33962007808862e-07,5.57422062106025e-08,6.66039230526876e-08,1.19707727128387e-07,3.56013924662504e-07,2.07362298341903e-09,-5.00378504486771e-08,1.49654053882199e-07,1.82554769011009e-08,-0.000218127782320599,-0.000253426868863971,4.26675217594287e-05,2.68831144444797e-05,-5.68966977091105e-07,-0.00195053479376309,-0.00219479554928315,-3.27376669676022e-05
"east_of_england","p_NC_15_24",-4.71718168692423e-08,1.18066647081862e-07,-3.13476233531001e-08,3.49692231989394e-09,4.2342848846169e-08,1.6311381329063e-09,4.01608922743504e-09,-4.78946634269788e-09,7.23369928604357e-09,5.66597453855537e-09,3.26246700158896e-09,3.21457122642855e-09,3.02930882604383e-09,-2.24559575740268e-08,-2.91047692280123e-09,3.22154839984863e-09,-1.49481195875225e-09,4.59500036798415e-09,-6.34168178521393e-09,1.29365465970431e-08,-5.66977477637527e-09,1.68166201702613e-07,-1.75005053263211e-07,-2.88162275131474e-08,-5.35115845274072e-07,-3.93042995208672e-07,-1.30180759279634e-08,-3.78769923269626e-09,-4.62186757234783e-08,-6.85436401637624e-08,-1.33776708339838e-07,-6.2723557025405e-08,-1.67869240440285e-08,2.47852226026653e-07,1.0011777538765e-08,4.86756406949677e-09,2.82169518155623e-09,1.48660604522889e-09,2.74429941050097e-10,2.15153579361162e-09,1.53791618961682e-09,9.67843460891493e-10,9.31175136089796e-10,1.14471538801596e-09,-2.518280247896e-07,2.75025950028519e-07,1.68359560561731e-07,-2.81507752026679e-07,-2.75218219533045e-09,-3.48430800182318e-06,1.02196973898087e-05,-8.48776472133098e-08
"east_of_england","p_NC_25_49",-2.09054259444605e-08,-1.52351437032873e-07,-4.24662373569489e-08,-8.1140256255556e-09,1.81134731213653e-08,-3.19908088023321e-09,1.4578195634232e-08,-5.33296976944197e-09,7.81361505486415e-09,8.0922745793788e-09,1.90054712614109e-09,2.46690808511732e-09,7.70682261116086e-09,3.44500432337869e-09,-2.63085776455079e-09,3.61626636026856e-09,2.11152668409506e-10,5.63905402824213e-09,-2.23787704359449e-09,6.66628234779364e-09,5.4442191454513e-09,-2.55720758012356e-08,-9.70397877409094e-09,-6.76150993259915e-08,1.42550358351872e-06,-6.50464956436467e-07,-5.57116353188893e-08,-1.6793252563213e-08,1.60219767895576e-08,-2.69269577287919e-07,-1.09139639047449e-07,-7.95531016724958e-08,-6.74567258789877e-11,3.33962007808862e-07,4.86756406949677e-09,1.7104320040528e-08,4.72745687493537e-09,1.82162044144585e-09,2.12071449615469e-09,2.26919033009978e-09,3.60056261476892e-09,2.20508935955034e-09,1.46164291513893e-09,1.29808213443908e-09,3.00673336221979e-07,-6.80940665849501e-07,9.4723624001903e-07,-5.86571366732467e-07,-2.95921934074982e-09,-2.06878369794269e-06,2.34143601523986e-06,-2.16239060475743e-08
"east_of_england","p_NC_50_64",-2.16115456107988e-08,-5.05649025245652e-08,-3.74284427919688e-08,-8.69517075074423e-09,1.25193502017475e-08,1.6653945630095e-09,-2.49214397913673e-09,3.4476908333375e-10,5.83261936750433e-09,4.14085472079875e-09,2.50929255464818e-09,6.51329791507621e-10,2.39477161982495e-09,1.09898372991606e-08,-2.49239901933345e-09,2.59534193388588e-09,-2.29057699276865e-10,3.23591109188893e-09,2.91226451204857e-09,-6.1053488042893e-09,8.84483714261355e-09,1.41072434747117e-07,8.03985949935554e-08,4.26652192638449e-08,1.5897375453071e-06,-4.45477922543213e-07,-1.23925104974282e-08,-7.35627205411371e-08,4.82249981595056e-08,-1.27367179019319e-07,-2.14307414939661e-07,-2.05739258481156e-08,-2.184043945047e-08,5.57422062106025e-08,2.82169518155623e-09,4.72745687493537e-09,1.20123769562466e-08,1.06622822254415e-09,1.63854791370581e-09,1.55117487086824e-09,1.21043403209212e-09,9.21778508888632e-10,1.58298180882626e-09,1.57634382293608e-09,-1.27509515924204e-07,-5.90319982141277e-07,3.20666517746275e-07,1.42299837346128e-08,-2.20730709240163e-09,2.55222969740343e-07,2.20407248282132e-06,2.22542676063235e-08
"east_of_england","p_NC_65_79",-4.86890679490993e-09,-1.28917299813312e-07,-4.53823381522252e-08,7.67371577880028e-09,2.29351598728656e-08,3.16074203807999e-09,-3.33433913620777e-09,3.54219123643919e-09,1.69835683900037e-09,1.17990667527298e-09,1.32579926747475e-09,9.58383498871634e-10,2.00284831864327e-09,-1.44525283485961e-08,-1.93335664302758e-09,4.43441304660886e-09,-2.80566815944598e-09,3.73417012281926e-09,2.476569588781e-09,4.28938643979025e-09,-3.43134716892314e-09,-1.14120653098906e-07,-3.84902816650537e-08,-9.587653933369e-08,7.45035845682462e-07,-3.3071209145405e-07,-1.28149271985177e-07,4.10524459466902e-10,-9.49649317221016e-09,-2.33490466361606e-07,3.26829637160823e-09,3.97359292096053e-09,1.63075412546399e-08,6.66039230526876e-08,1.48660604522889e-09,1.82162044144585e-09,1.06622822254415e-09,3.72858041016395e-09,7.41730810353188e-10,3.51310550682848e-10,8.35959088974312e-10,7.18433217048557e-10,8.41217277303272e-10,7.04473611140521e-10,2.06309541789814e-07,7.23698309071461e-08,9.82613723836367e-07,-3.5538823105966e-07,-6.32867404489424e-11,-1.18521830321496e-06,3.69024130103741e-06,3.40223445950621e-08
"east_of_england","p_NC_80_plus",-4.27271968222156e-08,-3.34141117526708e-07,4.10313033063596e-08,8.47627818185543e-09,-6.5722710658328e-11,1.05837654882915e-08,4.3953535519705e-09,-1.66858884798078e-09,3.70594654916649e-10,3.56012887851216e-09,3.75651567328404e-09,1.50764064700128e-09,6.76841965532318e-09,1.80342786373377e-08,4.97226789680965e-09,-5.19521277466218e-09,1.300393063918e-08,-7.79759853670675e-09,1.11527647594405e-09,4.66405460153157e-09,-5.71791259729548e-09,-1.91556707701798e-07,-2.02985793429246e-07,4.36940320978782e-07,-2.04285666875128e-06,-3.76928346237392e-07,-3.62128880384929e-07,1.30962014805545e-07,1.15520998609208e-07,-2.05716670611714e-07,8.68143229840097e-08,-7.92029819556597e-08,4.33092715477726e-08,1.19707727128387e-07,2.74429941050097e-10,2.12071449615469e-09,1.63854791370581e-09,7.41730810353188e-10,1.90203686865687e-08,1.19920511170209e-09,5.59478170727538e-10,1.38526370585904e-09,-5.33658499538143e-10,1.49673560144004e-09,-1.20788912816427e-07,-1.46888298331463e-06,6.34206930721686e-07,-4.86495965988722e-07,-1.79566012666386e-09,-1.32173329484269e-06,-1.96190160890862e-08,-1.81390245935065e-08
"east_of_england","p_NC_weekend_15_24",-3.41290926734391e-09,4.85979341891562e-07,2.29392380736652e-08,3.39791841765207e-08,1.53581738007216e-08,4.45169331479606e-09,-2.30028290695019e-09,-4.06285686778655e-09,7.876588204813e-09,2.4723813503523e-09,2.1152827527858e-09,2.66064430709804e-09,3.53687801820226e-09,4.3887864035214e-09,-2.55801810960979e-09,9.59600370692177e-10,2.21509987170239e-09,2.6181264447419e-09,-3.89565635783892e-09,6.83210512120247e-09,-5.2130272472112e-09,1.12892056685578e-07,-3.46197373099286e-08,3.62999280647601e-07,-1.31675961612554e-06,-3.30103377234197e-07,-2.18204687804897e-07,-1.86985250605928e-08,2.68528203454518e-08,-4.69876080207115e-08,-5.21672101274285e-08,-8.81705859936961e-08,2.74435280400361e-09,3.56013924662504e-07,2.15153579361162e-09,2.26919033009978e-09,1.55117487086824e-09,3.51310550682848e-10,1.19920511170209e-09,8.02436374800361e-09,1.21042325666567e-09,4.44074171368676e-10,7.0640449475802e-10,1.10714627105491e-09,-1.63272119555687e-07,-1.38873494943736e-06,3.47145797239627e-08,-2.49596445152883e-07,-1.42135905793945e-09,-3.84788631810119e-06,3.44968556927812e-06,-8.52171092744121e-08
"east_of_england","p_NC_weekend_25_49",-2.65401430948137e-08,-8.24022445310093e-08,-3.64685812083668e-08,3.902229588148e-09,6.38821737723334e-09,9.51818861084978e-09,-6.02234532866435e-09,9.2385442630032e-10,5.92508884778141e-09,-3.18992335353038e-09,2.25709362132876e-09,-3.03417824511018e-10,2.86573076777364e-09,-5.95781242238048e-09,4.49124783299845e-10,1.73792377046965e-09,5.904194284637e-10,-1.6565673152585e-09,9.2017776076634e-09,-8.26300693432014e-10,-8.52319543927749e-09,1.40776178627653e-07,2.08438169628803e-07,3.09614523404133e-07,1.34578068179317e-06,-6.09111526310044e-07,-1.14035917543209e-07,3.93020430155712e-08,1.07518620038404e-07,-2.01841361948747e-07,3.43394035837248e-08,-1.95764638300644e-08,2.19594128034606e-09,2.07362298341903e-09,1.53791618961682e-09,3.60056261476892e-09,1.21043403209212e-09,8.35959088974312e-10,5.59478170727538e-10,1.21042325666567e-09,9.75910511494453e-09,-3.3946219250496e-11,1.06260887705788e-09,5.88623899089499e-10,7.79154779825136e-08,-2.02803504495242e-06,7.48539695475229e-07,-2.54637591101147e-07,-3.1347406471559e-10,3.18591180555337e-06,-3.63237299777971e-07,8.11928036736109e-08
"east_of_england","p_NC_weekend_50_64",-1.51771574996741e-08,-2.57743789910722e-07,2.21351156221589e-09,-1.75895311175653e-08,6.3580794584406e-09,-1.49285014127096e-09,8.22659582406463e-09,-1.03769123025282e-10,2.50839637142891e-10,-1.36391898619473e-09,1.87625334265365e-09,-1.73148497712785e-09,2.32529860875554e-09,2.96667411648175e-10,3.39011159014236e-09,-2.30201441562183e-09,5.95225426617381e-09,-4.96207858700014e-09,4.19622353303073e-09,-9.37733094878492e-10,2.91064358218469e-09,-4.68116374770595e-08,-6.72400447965461e-08,1.25683810234846e-07,-3.44148230095694e-07,-1.98941313086895e-07,-7.22414286284809e-08,4.85372579146247e-08,3.72325118132218e-08,-1.19896208897164e-07,-1.47686860351922e-08,1.85159256210187e-08,-2.21284914522129e-09,-5.00378504486771e-08,9.67843460891493e-10,2.20508935955034e-09,9.21778508888632e-10,7.18433217048557e-10,1.38526370585904e-09,4.44074171368676e-10,-3.3946219250496e-11,4.41424303385791e-09,1.13436880258632e-10,2.51472304254646e-10,1.32168335066741e-07,-5.41416956181525e-07,4.29228159638427e-07,-4.49608900976729e-08,-1.22514359634284e-09,4.16136406211738e-06,1.19693051951122e-06,9.21634109386669e-08
"east_of_england","p_NC_weekend_65_79",-4.9093033106782e-09,1.35772623987534e-07,-3.41288967254789e-08,-1.07235413152869e-08,2.09319522716738e-08,2.81818502661078e-10,-1.38998568259431e-09,6.57628457773779e-10,3.54877615324486e-09,2.17596792985889e-10,-1.94238790844958e-09,1.78245429199794e-09,-2.32247619956776e-09,-2.20873252323194e-08,-4.05320504759587e-10,1.36823134990419e-09,-4.4938343817613e-10,3.33783906937574e-09,-2.1986716555126e-09,6.5434070063124e-09,-4.36231532269633e-09,2.03011214965294e-08,-1.58265256460676e-09,-4.72879601591627e-08,8.9907709447773e-07,-1.25337191994611e-07,-3.13771000946296e-08,-5.60761967794996e-08,-1.13985677849679e-08,-8.56578339102764e-08,-1.34196364578322e-08,2.08784086671684e-08,-6.081055361003e-09,1.49654053882199e-07,9.31175136089796e-10,1.46164291513893e-09,1.58298180882626e-09,8.41217277303272e-10,-5.33658499538143e-10,7.0640449475802e-10,1.06260887705788e-09,1.13436880258632e-10,3.74031491910825e-09,2.96740546966766e-10,-4.30540814713397e-08,-2.15598248601635e-07,3.56754999953758e-07,-1.3691639499854e-07,1.05489816927003e-10,-5.12549869340868e-07,4.39751826656442e-06,-9.53237817247485e-11
"east_of_england","p_NC_weekend_80_plus",-8.98770333844377e-09,-6.37876012722791e-09,1.66764486703205e-08,-5.1053722614299e-09,-3.74547404644091e-09,1.34897790457097e-09,3.03068137834898e-09,-2.76734634283113e-10,2.53638841219842e-09,9.2385319043755e-10,-2.05393956847504e-09,5.80931816349388e-10,-1.16415614154166e-09,7.46659336746035e-09,-2.15193273476278e-10,1.78138159805452e-10,2.18596729504172e-09,-2.31864112466716e-09,5.13961311726734e-09,-6.56164982908629e-09,3.91583866678534e-09,7.28779289254607e-08,1.00218730526454e-07,-5.67376304657066e-08,3.94324624059315e-07,-4.69857138341595e-08,-2.12259943186402e-07,-1.2620684683035e-08,2.32942115427151e-08,-8.44066550116694e-08,-5.99254910710189e-08,2.68245071600783e-08,-4.13173588284474e-09,1.82554769011009e-08,1.14471538801596e-09,1.29808213443908e-09,1.57634382293608e-09,7.04473611140521e-10,1.49673560144004e-09,1.10714627105491e-09,5.88623899089499e-10,2.51472304254646e-10,2.96740546966766e-10,6.61502232686601e-09,-5.87706688314658e-08,-1.65693722413891e-07,2.84074636282948e-07,-2.26532085612331e-07,6.26750542078659e-10,4.7364176538832e-06,-1.57054541727469e-06,6.40654694866536e-08
"east_of_england","p_W_D",-3.19535622359849e-06,-9.90952146350526e-05,1.46968486497705e-05,3.21174772960862e-06,7.11351755379077e-07,1.53928265736096e-06,-1.48530203080341e-06,2.32385252053093e-06,-8.61865765469781e-07,-1.63502580029563e-06,1.24855287603361e-06,-7.99059641458279e-07,1.26719142209731e-06,-1.15199102676317e-05,1.51315299083896e-06,-4.88190982515541e-08,-3.24763509832387e-07,9.58225208033317e-07,-2.93861695218944e-07,3.19879821089426e-06,-2.97725726338204e-06,-4.74034510461692e-05,-2.10794742186339e-06,-0.000108392054338433,0.000223037287181733,0.00026610819385591,-9.38891373631756e-05,5.02293997373126e-05,5.20919565976483e-06,-4.74144993219867e-05,2.43246313529579e-05,5.04433101226326e-05,1.36748898134468e-05,-0.000218127782320599,-2.518280247896e-07,3.00673336221979e-07,-1.27509515924204e-07,2.06309541789814e-07,-1.20788912816427e-07,-1.63272119555687e-07,7.79154779825136e-08,1.32168335066741e-07,-4.30540814713397e-08,-5.87706688314658e-08,0.00149371374875964,0.000143591875716771,0.000161285131522141,6.61281729204787e-06,-3.45874510028622e-07,0.00106701797370421,-0.000590854632935408,3.10073622828652e-05
"east_of_england","rel_p_D_alpha",2.47200076917965e-05,-0.000433626835318176,-1.90338957062925e-05,5.22567446666603e-06,1.34572048458427e-05,-1.98229444596352e-06,-1.91598542646257e-06,-7.42542999353387e-06,4.60191367074357e-06,1.92886812771909e-06,-4.47587141872936e-06,3.48258243861372e-06,-3.14271764858524e-06,1.08766434120422e-05,-3.17419104789184e-06,1.65709187216712e-06,-2.97649251518209e-06,-1.22136929693732e-06,1.32901396617137e-06,-1.69823016731285e-07,5.85704618689664e-06,0.000148715375391315,-0.00117706567203449,-0.00237277305380201,0.000115214924653435,0.00137338971731143,0.000135547862062998,9.54191285103585e-05,-0.000596472828812962,-4.83131530817816e-06,6.65352518470092e-06,3.54826564001259e-05,4.46577585717173e-06,-0.000253426868863971,2.75025950028519e-07,-6.80940665849501e-07,-5.90319982141277e-07,7.23698309071461e-08,-1.46888298331463e-06,-1.38873494943736e-06,-2.02803504495242e-06,-5.41416956181525e-07,-2.15598248601635e-07,-1.65693722413891e-07,0.000143591875716771,0.0112436027026539,-1.49941025500116e-05,2.45782813322362e-05,1.30133777832058e-06,-0.0025866078864097,0.00402716460197211,-5.32057875271023e-05
"east_of_england","rel_p_H_alpha",-1.42620566407393e-05,-0.000142230977147868,-1.60168870428211e-05,6.89382768449761e-06,1.44876727540997e-05,2.95176369285051e-06,-6.10497725278662e-07,7.73632314340041e-07,2.11091602758098e-06,1.96874665133872e-07,3.74357310213209e-06,1.46257543683887e-06,1.88850929371697e-06,-2.59037203986989e-05,1.6659204726535e-06,2.17545493800755e-06,-5.6584638110644e-08,2.77353019506005e-06,3.64641450208566e-06,1.69156131543276e-06,5.83571920495077e-07,1.05535884297099e-05,3.25835006779284e-07,-7.97588181278033e-05,0.000502132882594092,-0.000113674057294395,-5.21139428215426e-05,1.57614768614856e-05,-4.296778210899e-06,-0.000323944443058715,2.05662127819476e-05,2.48179661288549e-05,1.71687219189801e-05,4.26675217594287e-05,1.68359560561731e-07,9.4723624001903e-07,3.20666517746275e-07,9.82613723836367e-07,6.34206930721686e-07,3.47145797239627e-08,7.48539695475229e-07,4.29228159638427e-07,3.56754999953758e-07,2.84074636282948e-07,0.000161285131522141,-1.49941025500116e-05,0.00143232794983637,-0.000253274571680271,-1.85146840478033e-07,-0.00443260852502371,0.000405551824672689,-4.49260189907792e-06
"east_of_england","rel_p_ICU_alpha",2.16792322883031e-05,-4.70109780782425e-06,-3.51214460684281e-06,-8.61577365644841e-06,-5.80641393855787e-06,-7.31254759375937e-07,-3.39722590152738e-06,1.96926568426623e-06,-2.75895259423356e-06,-7.01458802110285e-09,-1.31364785266841e-06,-1.32927396752306e-06,7.57960348606084e-09,1.2313634008815e-05,-8.86324845799926e-07,8.36251628767516e-07,-1.45001382305166e-06,4.62141041138326e-08,1.39807334008399e-07,-2.25122573435247e-06,1.36069481606359e-06,-5.69572123504641e-05,3.54444215005504e-05,2.6979331273021e-06,-0.000122821276728988,8.48699030238806e-05,0.000102191858319593,-5.500045053641e-06,5.13997923112881e-06,5.46025249599317e-05,1.20072749358206e-05,3.64989441155282e-05,-5.81957155896326e-05,2.68831144444797e-05,-2.81507752026679e-07,-5.86571366732467e-07,1.42299837346128e-08,-3.5538823105966e-07,-4.86495965988722e-07,-2.49596445152883e-07,-2.54637591101147e-07,-4.49608900976729e-08,-1.3691639499854e-07,-2.26532085612331e-07,6.61281729204787e-06,2.45782813322362e-05,-0.000253274571680271,0.000831674544795582,8.41381025162496e-08,0.000129260448743309,-0.000502129867809711,2.25990377202459e-05
"east_of_england","rho_pillar2_tests",1.43308496223248e-08,-2.26561896870604e-08,1.84765600626063e-08,-3.50302135031965e-08,2.81261027252008e-09,1.69740914496312e-09,-7.9034488246697e-09,1.35229340965182e-09,1.22428757773642e-09,-2.20614364686956e-09,-7.34152743385033e-09,1.91233877442577e-09,-4.50751019672362e-09,3.79787353628624e-08,-1.07232137203599e-09,-2.73628805118578e-10,2.6113500183298e-09,-7.74513873717046e-09,-3.01971555941836e-09,1.08036839333567e-09,8.67945746947787e-09,-6.82050785279917e-08,-1.26061293195277e-07,-3.21793166469578e-07,2.20509343567627e-06,6.55416832462217e-07,-8.89564032544138e-08,-8.84486587878765e-08,-3.58973079692242e-08,3.32124573893191e-08,6.16749172222762e-08,1.60206093927546e-08,-1.52898340167831e-08,-5.68966977091105e-07,-2.75218219533045e-09,-2.95921934074982e-09,-2.20730709240163e-09,-6.32867404489424e-11,-1.79566012666386e-09,-1.42135905793945e-09,-3.1347406471559e-10,-1.22514359634284e-09,1.05489816927003e-10,6.26750542078659e-10,-3.45874510028622e-07,1.30133777832058e-06,-1.85146840478033e-07,8.41381025162496e-08,2.39551034716567e-08,-2.54112546198731e-06,2.89040286017348e-06,-1.52673192161025e-08
"east_of_england","seed_date_alpha",0.000139249951953985,-0.000165574685525986,3.71130625882892e-05,-0.0002061398710824,7.71827438241676e-05,-3.15718488897771e-05,0.000134105168202959,3.20579738295429e-05,-4.96654445693205e-05,-0.000105504875163791,-0.000130863919886433,-8.04194756464252e-05,-0.000104314169855563,-8.96062729515036e-05,-1.66597389943755e-06,-8.6105019390574e-06,-5.46271654484193e-06,5.2733714040463e-06,-1.83963943040742e-05,1.98195728097383e-05,-2.32546814357173e-05,0.000707694842858325,0.0014238728281275,0.000560457244785566,0.00158809592431239,-0.000102387324919724,0.000686926169593495,-0.000463366283638564,0.000249811395873578,0.00107848970127627,-0.000604546496778432,-0.000315065850367501,-5.95382945368244e-05,-0.00195053479376309,-3.48430800182318e-06,-2.06878369794269e-06,2.55222969740343e-07,-1.18521830321496e-06,-1.32173329484269e-06,-3.84788631810119e-06,3.18591180555337e-06,4.16136406211738e-06,-5.12549869340868e-07,4.7364176538832e-06,0.00106701797370421,-0.0025866078864097,-0.00443260852502371,0.000129260448743309,-2.54112546198731e-06,0.323521341820037,0.0249094318126412,0.00503936565437099
"east_of_england","start_date",0.000130255048450676,0.00076096156439655,-9.21114989088074e-05,-6.23693245044644e-05,0.000403180705180712,2.44053301822882e-05,-7.83546031231757e-06,-2.74080824801807e-06,6.03997138043214e-06,-4.56279615749794e-06,-7.74370799616941e-06,-7.85522922537532e-06,-1.34451760313063e-05,2.36245682166936e-05,-2.5624515343168e-05,1.81516087792444e-05,-1.33924437303862e-05,7.0880733451873e-07,-1.46769501605557e-05,5.40519108651933e-05,-5.62157105737776e-05,0.000400038788147881,-0.000463231718651129,-0.000932197036684119,0.00556265817161352,0.000272959018330474,0.00223017390720425,-8.1740530729703e-05,-0.000424071397555752,-4.37037183161095e-05,5.96673372952547e-06,-0.000183875672653954,-3.54819817909678e-05,-0.00219479554928315,1.02196973898087e-05,2.34143601523986e-06,2.20407248282132e-06,3.69024130103741e-06,-1.96190160890862e-08,3.44968556927812e-06,-3.63237299777971e-07,1.19693051951122e-06,4.39751826656442e-06,-1.57054541727469e-06,-0.000590854632935408,0.00402716460197211,0.000405551824672689,-0.000502129867809711,2.89040286017348e-06,0.0249094318126412,0.12050872655616,0.000384872947148088
"east_of_england","ta_alpha",1.55037460057606e-06,-9.21947004837907e-06,-9.30148023903207e-07,-3.96501575059246e-06,2.06052781557142e-06,-3.1402577151497e-07,1.23002613309753e-06,6.94784889517296e-07,-1.18426363319413e-06,-2.5395871787931e-06,-2.25642525702936e-06,-1.63168838152194e-06,-1.80977340729235e-06,-4.38395436126001e-06,1.98344369514372e-07,-4.16209323146328e-08,-1.09289359418499e-07,2.44729919858418e-08,2.03702802881503e-07,5.62403522426401e-08,1.19299207679484e-07,1.63564566917274e-05,2.70126085805767e-05,3.81519656956136e-06,7.79490517390672e-05,-4.15229813757549e-06,1.28608339389285e-06,-7.10673328688885e-06,2.90471794002061e-06,1.17852980810807e-06,-1.27273129598734e-05,2.90218185156525e-06,-2.54242137291618e-06,-3.27376669676022e-05,-8.48776472133098e-08,-2.16239060475743e-08,2.22542676063235e-08,3.40223445950621e-08,-1.81390245935065e-08,-8.52171092744121e-08,8.11928036736109e-08,9.21634109386669e-08,-9.53237817247485e-11,6.40654694866536e-08,3.10073622828652e-05,-5.32057875271023e-05,-4.49260189907792e-06,2.25990377202459e-05,-1.52673192161025e-08,0.00503936565437099,0.000384872947148088,9.90613596363781e-05
"london","alpha_admission",1.74741073522662e-05,2.68181134230197e-06,-1.02881623309405e-07,-1.51422144707124e-06,-7.79634658461635e-08,-4.2809329191085e-08,2.68541830177183e-07,-3.80324486650865e-08,-3.38118760190809e-08,-1.98006108525843e-07,5.39076499524248e-07,5.89797782302521e-08,-1.49895723806319e-08,2.50693640752254e-07,-2.26982572765304e-08,3.25840342465126e-07,-6.25096043304739e-07,4.76361688361655e-07,4.68210110834245e-08,-2.39453161822428e-07,2.84165790921831e-07,-3.22411199820584e-06,2.75677695561577e-06,-6.46093766250781e-06,-1.75454923161331e-05,-6.65621716079754e-06,1.27948825250413e-05,1.58090885098443e-06,-2.13822801044345e-06,-1.6560051604687e-06,-3.94421843798219e-06,-6.16405856334934e-06,-1.41134028507964e-06,-6.09469680189953e-07,2.47320766915908e-08,-5.06436882956185e-09,4.18606481885683e-08,1.85673847797979e-08,3.58406559447361e-08,-1.53135961936935e-08,6.26742717017996e-09,1.74700334600299e-08,3.01176292461686e-08,3.94436179712692e-08,-9.32513724318795e-06,2.16698133896349e-05,6.17540376095495e-06,9.22013799909414e-07,2.90697235699501e-09,1.47665455474925e-05,-9.05176633106125e-05,1.20959034370254e-06
"london","alpha_D",2.68181134230197e-06,0.000821506469642149,-6.02719669177978e-07,1.44963343082814e-06,-7.54375242342824e-07,6.58684993302577e-07,-1.57931636048457e-06,-1.19060572319135e-07,1.18442878795051e-06,-1.08096328516035e-06,-1.31736233863453e-07,4.62133007914956e-07,-5.05711249203827e-07,-1.25377207289715e-06,-8.85034858757339e-07,1.90039016594511e-07,1.04654074750255e-06,-2.36168075358336e-06,6.99504801709395e-07,1.39812236372411e-07,-3.13258419442075e-07,-2.43174991014543e-06,2.43186562032902e-05,2.7613769512637e-05,0.000105911529294368,-3.56936193285887e-05,1.70507134368391e-05,-2.69723078213021e-05,2.86244948846299e-05,7.0378084760311e-06,-1.62317776370612e-06,2.43948793634302e-05,1.44670621845286e-05,-2.48975063762346e-06,1.16847297085383e-07,2.91864831159445e-07,9.23272477945698e-08,-1.30081669585298e-08,7.34656317959724e-07,9.82274740371326e-08,1.30894043167726e-07,-6.58224189499985e-08,7.40808649788186e-08,1.25837921567349e-07,2.84810090724861e-05,-0.000172795805047355,-0.000132754700289597,-7.42760129613887e-05,-2.55095341549741e-07,-7.33326643479972e-05,-0.000966183393490739,-5.43142810140028e-06
"london","alpha_death_hosp",-1.02881623309405e-07,-6.02719669177978e-07,2.58016338106995e-05,-8.87659047107384e-07,-2.66194555180895e-08,7.49941237229624e-08,-2.62695656949876e-07,-2.8073509071382e-08,1.3987830134939e-07,-1.65993798516241e-07,-1.63028044370485e-07,-3.2783053457401e-08,8.4032810697393e-08,6.31694796090399e-07,2.55121559543145e-07,-1.38940029917211e-07,-1.61859449460186e-07,4.45006480623353e-08,-9.45852021090955e-08,-4.98796983778381e-08,-8.86569105437138e-08,3.5636584193666e-06,4.77524930038051e-06,8.24406828367966e-06,3.82590208307834e-06,1.007178972373e-05,-6.23866396074468e-06,-6.63063633099271e-06,9.10822785097255e-07,-8.00167164267813e-07,-8.8093868183401e-06,-4.15768999998099e-06,-6.23076877838251e-07,-1.71335960139312e-06,3.28938798766948e-08,4.26050726179078e-09,5.35421988267402e-08,1.0058386884735e-08,-1.29238867801225e-08,-1.29948004299404e-08,4.38752840542942e-08,-9.95767945856279e-09,-3.50586192963348e-08,-1.43840382099341e-08,8.96768430414985e-06,-2.1574901432976e-05,-5.76644679784659e-07,-3.08514545769533e-06,-3.17074484569345e-08,7.36278377168845e-05,0.000147186398309362,7.69754983065631e-07
"london","alpha_H",-1.51422144707124e-06,1.44963343082814e-06,-8.87659047107384e-07,3.02309924856278e-06,8.40986212013369e-08,-8.25991903047506e-08,-1.4892805061483e-07,9.48338809898512e-08,1.27152012309255e-08,-2.22834060784048e-08,6.96884624915392e-08,-2.05143373286642e-09,-1.8113757832231e-08,-3.64818418141406e-07,-9.11797467639744e-08,-4.64658365175701e-08,1.33346933280339e-07,-6.68079935017258e-09,1.58760043990184e-07,-4.43128233061609e-10,-7.63592909717567e-08,2.46972348125865e-06,-3.3279591897791e-07,9.06388553411809e-07,-4.37978552520719e-06,-4.19679084346426e-06,5.47095320772211e-06,1.43589243051267e-06,5.56287632615386e-07,-8.45060020231483e-07,9.6921683808242e-07,4.87190602348466e-06,-5.73897868700707e-07,4.85088266858585e-06,-6.41924344708211e-09,3.03751660966387e-08,-4.33392345540968e-09,4.99615406166154e-09,8.1912516194821e-09,1.26574257353864e-08,8.07869228203922e-09,-5.68025659976907e-09,7.11493206201131e-09,1.02417508028991e-08,6.00296583501647e-06,-9.24425715709906e-06,2.12872433976157e-06,6.22135367671158e-06,-1.04920944646175e-08,-8.18971512930517e-05,2.01748224925129e-05,-4.27169737038486e-07
"london","beta1",-7.79634658461635e-08,-7.54375242342824e-07,-2.66194555180895e-08,8.40986212013369e-08,3.40013124894647e-07,3.87484241855078e-08,-5.23175094118916e-08,7.46670766853657e-08,4.78303096385898e-10,3.41262639787186e-09,-1.03866748825303e-08,6.95339316309168e-09,4.00084466507023e-08,-3.63519639174253e-07,1.76003920627225e-08,1.29342791580689e-09,4.84896860522407e-08,-7.92811339895243e-08,9.07928902266896e-08,-2.09183622256952e-08,-2.39225731310409e-08,-1.05747336589757e-07,-9.14260864201657e-07,2.32964177103674e-07,-4.46702983302795e-06,1.96398246318127e-07,-9.92860535504552e-07,-9.34920733941286e-08,-1.63665231405404e-07,-9.33242308417145e-07,2.43046677713536e-07,1.52671400620892e-07,1.8570458405624e-07,4.75730183450983e-07,2.81821209110212e-09,3.93670578249315e-09,5.74590332666013e-09,8.77786655403827e-09,1.69076228041652e-08,1.23789239072968e-08,1.7072387536312e-09,-3.04706586533523e-09,5.36886700441162e-09,1.01290080866544e-08,-1.64182475093743e-07,7.68793428237821e-07,2.59206354737957e-06,-3.69710559562752e-07,-1.05381028928675e-08,2.12315799709097e-05,0.000307717869093879,2.89748498220887e-07
"london","beta10",-4.2809329191085e-08,6.58684993302577e-07,7.49941237229624e-08,-8.25991903047506e-08,3.87484241855078e-08,3.98820597006334e-07,-4.05219566127329e-07,8.39176233947265e-08,-3.90838080770685e-09,4.09069242662819e-08,6.87670752042231e-09,1.55389534783129e-08,2.91548855525108e-08,-1.83659508957422e-08,2.88238153953832e-09,1.34812144828242e-08,-9.69627944745306e-09,7.63758897896072e-08,-9.74153809577374e-08,2.4323354675703e-07,-3.53522220515863e-07,-6.15538993453603e-07,-2.18886395985253e-08,2.84566120629395e-08,-1.68958588291109e-06,-1.31408130121415e-06,-8.68820527256063e-07,5.48471699323961e-08,1.62322873851758e-08,-4.41501703368577e-07,-5.49956639571051e-07,-6.91076916259628e-08,2.22041235096489e-07,-2.13270037387426e-07,1.11620393391478e-09,5.3375547208139e-09,-2.19075410739436e-09,5.7997863827032e-09,-4.15111679106659e-09,4.01360963417087e-09,5.58439186994769e-09,3.16272322658871e-09,-2.64150724168308e-10,5.47940357213502e-09,7.90763975931996e-07,2.97845825340012e-06,-3.87402986378029e-07,-9.37671827726512e-07,4.21783584880737e-09,1.13092800472695e-05,2.4465065698818e-05,-3.16423210617555e-07
"london","beta11",2.68541830177183e-07,-1.57931636048457e-06,-2.62695656949876e-07,-1.4892805061483e-07,-5.23175094118916e-08,-4.05219566127329e-07,8.63978714035464e-07,-3.50401471098952e-07,1.45082351875649e-07,-1.08582914149475e-07,8.60545767034167e-08,3.23502467884718e-09,6.81463030623174e-09,4.51150274264742e-08,4.75700867306622e-09,2.20719001127961e-08,1.03952839706517e-08,-4.65371023483369e-08,7.90866005415653e-08,-1.46125165238561e-07,3.20403850546631e-07,6.28991558657551e-07,6.2684945985497e-07,-6.02596534914775e-07,4.01080663970167e-06,1.46624419903567e-06,2.92611074121316e-07,-2.13315273935082e-07,-1.59359311766836e-07,-4.27168593749843e-07,3.78099449190057e-07,-1.48582685928554e-06,-2.21935665282067e-07,5.25852511809225e-07,3.79978361039845e-09,-3.18519638573335e-09,6.58201901255706e-09,1.81578504086146e-09,1.24816171468431e-09,-6.50256014116105e-09,-5.02846403261637e-09,3.34623844059194e-09,3.86593561656934e-09,-3.68117351905753e-09,-5.73227137302427e-06,-2.41967865696622e-06,1.92521484319205e-06,6.27992879560097e-08,1.03213324616438e-08,8.12395612740539e-06,-6.0872658128445e-05,1.42157574350894e-07
"london","beta12",-3.80324486650865e-08,-1.19060572319135e-07,-2.8073509071382e-08,9.48338809898512e-08,7.46670766853657e-08,8.39176233947265e-08,-3.50401471098952e-07,3.62181232675998e-07,-2.04555677233636e-07,1.63372004283812e-07,-5.42298534578323e-08,7.4552090132205e-09,-1.17211254120889e-08,-9.7280036660205e-08,7.71945684648083e-09,7.34176459315066e-09,-9.23159127906654e-09,1.59471646052609e-08,2.63482524668049e-08,1.35474388181777e-08,-4.25140669101661e-08,1.89987191067067e-07,1.65242613415353e-07,5.08523434784209e-07,-2.7547935501014e-06,-9.34144269676354e-07,2.01148445435448e-07,-1.56347950221682e-07,1.41019612530326e-07,-6.35844588510026e-07,-5.84491885881167e-07,4.53076504752114e-07,4.77540667396644e-07,1.296918095053e-07,-1.81766287812982e-09,2.33238681398235e-09,1.87958533122341e-09,2.27163469029932e-09,2.87116617439142e-09,3.1781269223133e-09,8.91930577166163e-10,-1.74946236306226e-09,1.68854668288207e-09,4.87347236331409e-09,4.25022452009106e-06,-3.16310176495584e-06,2.35114648683643e-06,-1.6253532727553e-06,-1.1502689514483e-08,8.44233094959667e-06,6.19343587990455e-05,3.03084547010273e-07
"london","beta13",-3.38118760190809e-08,1.18442878795051e-06,1.3987830134939e-07,1.27152012309255e-08,4.78303096385898e-10,-3.90838080770685e-09,1.45082351875649e-07,-2.04555677233636e-07,2.21299100920054e-07,-1.82519937937331e-07,9.76236337823802e-08,8.24103156527036e-09,3.35181857226518e-08,-3.5128387486632e-08,8.91801596681660e-09,-7.17671011654175e-09,3.18974824947123e-08,-1.02589886657444e-08,1.88741731525451e-10,2.28080674567684e-08,5.86019762751587e-09,-1.50023469577544e-07,-1.21934502851658e-07,-9.47472686321082e-08,3.57677152985791e-06,7.4017961857499e-08,1.73653709829199e-08,1.29763794401982e-07,-5.54122518502982e-08,-2.71169397104393e-07,5.28058086113929e-08,-2.72868621631215e-07,-7.62264630738528e-08,8.95069704172331e-08,3.82763265397608e-09,5.78278693179917e-09,3.12144626731517e-09,2.19416606154799e-09,6.50339531562431e-09,3.3347814859382e-09,3.19486898637833e-09,3.57079954595983e-09,-9.60839408628717e-11,4.57271885893032e-09,-1.6523587312964e-06,1.02016333404667e-06,-4.91469570137859e-07,-3.22500684447089e-07,1.34062351727459e-08,-6.88631082318918e-06,-8.35563070728276e-06,-4.73639745213844e-07
"london","beta14",-1.98006108525843e-07,-1.08096328516035e-06,-1.65993798516241e-07,-2.22834060784048e-08,3.41262639787186e-09,4.09069242662819e-08,-1.08582914149475e-07,1.63372004283812e-07,-1.82519937937331e-07,4.03701316895332e-07,-2.33018926668682e-07,3.93347767531969e-08,-2.73893814596504e-08,1.26824743792952e-08,1.75279956946854e-08,-3.42576314260362e-09,1.92766233915888e-08,-1.09931846865109e-08,2.37572687991107e-08,5.95131905083216e-10,-1.11423030992455e-08,2.36797419190114e-07,6.04091833251945e-07,-5.23524841798751e-07,-1.71704328895264e-06,-3.04067131928027e-07,-8.59314461732071e-07,1.62600632360596e-07,-2.36443021634235e-08,-5.51684142651206e-07,-8.82099498469854e-07,3.26413064150038e-07,2.76471874478345e-07,-9.53867185216794e-08,-8.3401060096499e-11,1.04082723353228e-09,7.9258672246614e-10,1.86968148170378e-09,-5.96556196971385e-09,-2.74950918298186e-09,-1.40010539957169e-09,8.14215186729989e-10,2.65931656710803e-10,-1.07973912478429e-08,2.90304269554475e-06,2.4276352846127e-08,4.14998767217544e-06,-1.41907569650402e-06,3.69714839545528e-10,-1.78226039761285e-05,-7.86694821883614e-07,-3.21555003253342e-07
"london","beta15",5.39076499524248e-07,-1.31736233863453e-07,-1.63028044370485e-07,6.96884624915392e-08,-1.03866748825303e-08,6.87670752042231e-09,8.60545767034167e-08,-5.42298534578323e-08,9.76236337823802e-08,-2.33018926668682e-07,3.80330166785667e-07,-4.8788062197108e-08,9.8690514782224e-08,1.11595640890386e-07,-3.44936020994071e-08,4.47728742430948e-08,-3.99985277626019e-08,4.27933951305016e-08,-3.30829195217859e-09,4.67808542277377e-08,-1.15215825196852e-08,-7.74705846649848e-07,7.4606108144069e-08,8.46203068720101e-08,3.33692574043779e-06,-1.77254874057818e-06,1.54557786805946e-06,1.67303364901499e-07,-3.47804574874084e-09,-3.63381136242615e-07,7.51099029712053e-07,-1.06534182761288e-06,1.65392549885306e-07,7.09534448938309e-07,1.70999916697354e-09,5.28501542779522e-09,3.03018594651117e-09,2.71575182264667e-09,6.02154229339788e-09,-1.7635222404805e-11,1.11442775356844e-09,1.51681463069344e-09,5.66221398529904e-09,1.19926856534143e-08,-2.74829330465468e-06,-3.32184411790862e-06,3.56736483434307e-07,-2.51351869439351e-06,-2.6894202999168e-09,-1.82048088506767e-05,-2.05608256118739e-05,-5.03725969433633e-07
"london","beta16",5.89797782302521e-08,4.62133007914956e-07,-3.2783053457401e-08,-2.05143373286642e-09,6.95339316309168e-09,1.55389534783129e-08,3.23502467884718e-09,7.4552090132205e-09,8.24103156527036e-09,3.93347767531969e-08,-4.8788062197108e-08,4.26403622195299e-08,-4.15476669087213e-08,-4.72896405047699e-08,1.19649529425409e-08,3.75872350222792e-12,6.9552502854059e-09,2.49903169207665e-09,9.97962466453513e-09,1.25621442555571e-09,9.39030619190193e-12,7.07105885380318e-08,8.90051278436397e-08,-4.96228058928978e-07,-6.70305880082824e-07,4.5279758603703e-07,-8.62961688060497e-07,1.64899844162311e-08,-8.10994221666786e-08,-3.17979853391188e-07,-4.5954341467761e-07,5.31090357468283e-08,5.55138817446738e-08,4.19551748029613e-07,1.8207767591527e-09,2.5472989643106e-09,2.47320285141262e-09,3.27589742344283e-09,-1.23230741585754e-09,1.98193431641703e-09,4.32622166814698e-10,1.22130245259936e-09,8.66150814007183e-10,-1.46521937359296e-09,1.39224038524937e-07,2.37667892230286e-06,2.53706447153711e-07,-2.36417076181368e-07,-1.24323906407947e-09,-1.0670968538162e-05,-5.84380574112389e-07,-2.74816866906588e-07
"london","beta17",-1.49895723806319e-08,-5.05711249203827e-07,8.4032810697393e-08,-1.8113757832231e-08,4.00084466507023e-08,2.91548855525108e-08,6.81463030623174e-09,-1.17211254120889e-08,3.35181857226518e-08,-2.73893814596504e-08,9.8690514782224e-08,-4.15476669087213e-08,1.19193132827315e-07,-1.98291373511666e-08,-3.01348999989538e-10,6.72309337058951e-09,1.20872720502215e-08,-8.31130397044883e-09,2.14622849142621e-09,3.83929692901434e-08,-3.90219784056558e-08,-2.70102378049679e-07,4.39879615238384e-07,1.18651573402205e-06,-3.04855504696944e-07,-7.26000505509487e-07,3.68672920723168e-07,-2.11809830502565e-08,2.08989742416205e-07,-3.2758169520519e-07,1.09012552728802e-07,-4.16263319315879e-07,3.83665427806972e-08,9.29861290726393e-08,1.7090946145589e-09,4.42555668164772e-09,1.99465078104472e-09,1.41937425655866e-09,4.91141233283156e-09,1.29438830893541e-09,3.06390346520044e-09,1.18985939532075e-09,7.69114277743548e-10,6.8938097868821e-09,-4.13049794253172e-07,-7.09858394331398e-06,4.54359474534436e-07,-5.81071395613689e-07,7.0728488863306e-09,-3.44940686402517e-06,3.3960772874395e-05,-1.69988907714506e-07
"london","beta2",2.50693640752254e-07,-1.25377207289715e-06,6.31694796090399e-07,-3.64818418141406e-07,-3.63519639174253e-07,-1.83659508957422e-08,4.51150274264742e-08,-9.7280036660205e-08,-3.5128387486632e-08,1.26824743792952e-08,1.11595640890386e-07,-4.72896405047699e-08,-1.98291373511666e-08,4.5328839572737e-06,-6.15103504145885e-07,3.26817958370125e-07,-3.6342502724301e-07,2.45328358701912e-07,-1.71755086404627e-07,1.54766003792215e-07,-6.48208509988399e-08,1.26925114623617e-07,1.35623475206434e-06,2.42524779427087e-06,3.96177213391409e-06,-6.20261225110783e-06,3.78517463339702e-06,-1.15139346829191e-06,4.93038163148715e-07,1.42152414750529e-06,1.32877043394804e-07,-2.15471351199356e-06,-5.84139702200811e-07,-3.59017348883597e-07,-1.45372556495403e-08,-1.53622696958602e-08,5.3397633735888e-09,-3.00870777260432e-08,-1.02692862172766e-08,-2.60752805594269e-08,-1.82224247730839e-09,1.68564969832446e-08,-1.35328594856422e-08,-1.61545288025768e-08,-9.40925686141712e-06,-2.14482173924787e-05,2.06440959017995e-06,-2.36031215168086e-06,1.91820965776682e-08,-3.27991846634769e-05,-8.61777239555977e-05,-3.94467646831815e-07
"london","beta3",-2.26982572765304e-08,-8.85034858757339e-07,2.55121559543145e-07,-9.11797467639744e-08,1.76003920627225e-08,2.88238153953832e-09,4.75700867306622e-09,7.71945684648083e-09,8.91801596681660e-09,1.75279956946854e-08,-3.44936020994071e-08,1.19649529425409e-08,-3.01348999989538e-10,-6.15103504145885e-07,1.63301018420251e-07,-1.14554600608541e-07,1.20330114685172e-07,-6.64211966789309e-08,1.97256441868601e-08,-2.62657151063807e-08,2.99177524817982e-08,-6.91042853153486e-08,-1.39516664300919e-07,-4.74322830737996e-07,-1.65422145799828e-07,4.51979896920407e-07,-1.28742458881166e-07,-4.29335021686319e-08,-1.4336562113572e-07,-3.81330706039384e-07,-3.79695130059343e-07,-9.80179958485152e-08,1.21315243139356e-07,3.93433775483376e-07,4.26913111764383e-09,2.47570636840454e-10,6.6672040591573e-10,6.71563094698794e-09,-2.93951315836815e-09,4.53623728897565e-09,3.61245139981547e-09,-2.15181315781427e-09,-3.7769010428618e-11,1.35134553889709e-09,1.406696593019e-06,3.63279725989701e-06,3.34622609810941e-07,-5.031626726124e-07,-1.5113011046007e-09,6.98982010800199e-06,-7.20819765517453e-06,8.51970788020257e-08
"london","beta4",3.25840342465126e-07,1.90039016594511e-07,-1.38940029917211e-07,-4.64658365175701e-08,1.29342791580689e-09,1.34812144828242e-08,2.20719001127961e-08,7.34176459315066e-09,-7.17671011654175e-09,-3.42576314260362e-09,4.47728742430948e-08,3.75872350222792e-12,6.72309337058951e-09,3.26817958370125e-07,-1.14554600608541e-07,1.37320111343938e-07,-1.72164475703914e-07,1.11468695798144e-07,-1.43903730375636e-08,2.18001174350805e-08,-8.57601779299748e-09,-3.20062154081458e-07,4.6805024280509e-07,1.46730408898574e-07,-3.32429384747481e-08,5.54070542237319e-08,-4.85390603853265e-07,-3.54119156341856e-08,7.16128402438633e-08,-3.86978453613943e-07,2.39334751672185e-07,-4.92713075995741e-07,1.97934019083895e-08,-1.85249342300939e-07,-2.36232843085096e-09,1.42097548264318e-09,2.39463736652194e-09,-2.3511308601136e-09,3.32231743636249e-09,-2.99373539597667e-09,-3.32640760973873e-09,4.30195855081503e-09,3.91784380535903e-09,5.43286302094102e-10,-7.0787176225861e-07,-3.13790554427447e-06,2.25265870601683e-06,4.09890597852775e-08,2.73749134551871e-09,-3.01035410250516e-06,2.80304063710941e-06,2.77037946907457e-08
"london","beta5",-6.25096043304739e-07,1.04654074750255e-06,-1.61859449460186e-07,1.33346933280339e-07,4.84896860522407e-08,-9.69627944745306e-09,1.03952839706517e-08,-9.23159127906654e-09,3.18974824947123e-08,1.92766233915888e-08,-3.99985277626019e-08,6.9552502854059e-09,1.20872720502215e-08,-3.6342502724301e-07,1.20330114685172e-07,-1.72164475703914e-07,3.75149499441064e-07,-3.44527965510647e-07,1.50494946638444e-07,-6.80174094043401e-08,3.13155575430795e-08,8.24844339647651e-07,-4.71337181056051e-07,1.94051973635945e-07,2.88105991021125e-08,-6.80583388613193e-07,1.50836635603696e-06,-1.77584249410147e-07,4.39056562312101e-09,-3.3825039945259e-07,-6.10216624152012e-07,1.14895594298208e-06,1.04176324693544e-09,7.89697593419535e-07,3.55549307962648e-09,3.57249595063375e-09,9.03041414742045e-10,6.1609242978112e-09,3.0014826680285e-09,4.70493498125e-09,5.70343132518507e-09,-2.51176660257805e-09,-3.24483322886527e-09,-4.36299795752807e-10,9.943023381694e-07,4.39378514541111e-07,1.56922521955096e-07,-6.5516486505084e-07,6.16348735564216e-09,1.05218676110282e-06,2.87284399672893e-05,3.47663724875672e-08
"london","beta6",4.76361688361655e-07,-2.36168075358336e-06,4.45006480623353e-08,-6.68079935017258e-09,-7.92811339895243e-08,7.63758897896072e-08,-4.65371023483369e-08,1.59471646052609e-08,-1.02589886657444e-08,-1.09931846865109e-08,4.27933951305016e-08,2.49903169207665e-09,-8.31130397044883e-09,2.45328358701912e-07,-6.64211966789309e-08,1.11468695798144e-07,-3.44527965510647e-07,6.31991102472429e-07,-4.31911091329334e-07,3.10622098444425e-07,-9.73095544031719e-08,1.25951052928557e-07,4.86480864056834e-07,9.43527303954239e-08,1.68345954474591e-06,-6.87161754615969e-08,-1.47104379393106e-06,4.93937317071264e-07,8.63716470550652e-08,-2.95180196145137e-07,6.74909263696393e-08,-4.19828961247146e-07,2.76654951791269e-07,-8.32993032968844e-07,-3.0792562800175e-09,-6.11162809712069e-10,2.72060719494456e-10,2.67236438975596e-09,-1.91715553607133e-09,-3.23751721593931e-09,-3.72086491010025e-09,-1.70333089555984e-10,3.32004790781198e-09,3.16983437833264e-09,-1.13896189284143e-06,-9.7831833508197e-08,8.68751422400318e-07,1.45906704180455e-07,1.03688782953916e-08,-5.04707415948331e-06,-8.04779918714548e-05,4.74189774061886e-08
"london","beta7",4.68210110834245e-08,6.99504801709395e-07,-9.45852021090955e-08,1.58760043990184e-07,9.07928902266896e-08,-9.74153809577374e-08,7.90866005415653e-08,2.63482524668049e-08,1.88741731525451e-10,2.37572687991107e-08,-3.30829195217859e-09,9.97962466453513e-09,2.14622849142621e-09,-1.71755086404627e-07,1.97256441868601e-08,-1.43903730375636e-08,1.50494946638444e-07,-4.31911091329334e-07,5.48926983394378e-07,-5.15773633478573e-07,1.9990193344481e-07,-2.72737312935683e-07,4.76461280787641e-07,4.73622306141037e-07,-2.82450502262654e-06,1.63890606135873e-07,8.33065078310059e-07,2.28745654548702e-08,1.40387534848918e-08,-8.22891436585759e-07,1.69029639381937e-07,-2.25793579842165e-07,2.29538824007324e-08,6.66905799260438e-07,1.35156706313801e-09,3.57226413245247e-09,2.6505439092545e-09,1.4901984677864e-09,1.67737525530587e-09,1.50576243156287e-09,2.29255610272206e-09,3.17559769069882e-09,3.0741568125224e-09,2.54796447369155e-09,9.6717833875783e-07,-6.05265581009206e-06,5.22810191822055e-06,-8.13916083959359e-07,-1.63403477554447e-08,-8.13402652123006e-06,7.09622758436484e-05,1.29925270479849e-07
"london","beta8",-2.39453161822428e-07,1.39812236372411e-07,-4.98796983778381e-08,-4.43128233061609e-10,-2.09183622256952e-08,2.4323354675703e-07,-1.46125165238561e-07,1.35474388181777e-08,2.28080674567684e-08,5.95131905083216e-10,4.67808542277377e-08,1.25621442555571e-09,3.83929692901434e-08,1.54766003792215e-07,-2.62657151063807e-08,2.18001174350805e-08,-6.80174094043401e-08,3.10622098444425e-07,-5.15773633478573e-07,8.15089735468723e-07,-4.4798246526565e-07,-7.20044578168683e-08,-2.75557596890793e-07,-3.02731499161324e-07,4.87334434947803e-06,-3.08970757242513e-06,-6.45287995480985e-07,-1.49410900646404e-07,-4.47474243669515e-10,-1.12931003059845e-07,-8.60273204936616e-07,6.94546732099197e-07,8.623550206726e-08,-3.70431362360436e-07,2.40284499589187e-09,3.72283096080324e-09,-2.38005220164687e-09,3.81592302011079e-09,2.50872585231316e-09,1.69945421061419e-11,3.40254495156243e-09,2.22691762794238e-09,-6.52229301534356e-10,-1.55617872232387e-09,-8.94320452521985e-07,4.12943459276899e-06,-2.24523251641054e-06,-1.26690580286265e-06,1.44455289113187e-08,2.15859592685893e-05,-2.70777834689361e-05,-2.3945152362087e-07
"london","beta9",2.84165790921831e-07,-3.13258419442075e-07,-8.86569105437138e-08,-7.63592909717567e-08,-2.39225731310409e-08,-3.53522220515863e-07,3.20403850546631e-07,-4.25140669101661e-08,5.86019762751587e-09,-1.11423030992455e-08,-1.15215825196852e-08,9.39030619190193e-12,-3.90219784056558e-08,-6.48208509988399e-08,2.99177524817982e-08,-8.57601779299748e-09,3.13155575430795e-08,-9.73095544031719e-08,1.9990193344481e-07,-4.4798246526565e-07,5.34966608127352e-07,9.04821301222498e-07,4.80847757769352e-07,-8.65669782971771e-08,1.78022443593707e-06,1.93929504400599e-06,9.40270715873248e-07,-5.53185093543982e-08,-1.09223293123091e-07,-4.11791765253426e-07,-5.2022570207101e-07,-5.43671165281949e-07,8.59596766469456e-08,2.0118355848161e-07,-1.46361273702699e-09,-3.94076330234079e-09,9.17456072605083e-09,-3.80014428800845e-10,7.44381647121647e-09,-2.99341772931508e-09,-3.99767049932954e-09,-4.71490085592156e-10,2.3455535417985e-09,3.89540079889199e-09,1.06250090236766e-06,-2.35705045663738e-06,3.63913874107939e-06,9.55411290441324e-08,1.10678657732565e-09,-1.41949743618127e-05,-2.98483305997592e-05,6.92416810761936e-07
"london","mu_D",-3.22411199820584e-06,-2.43174991014543e-06,3.5636584193666e-06,2.46972348125865e-06,-1.05747336589757e-07,-6.15538993453603e-07,6.28991558657551e-07,1.89987191067067e-07,-1.50023469577544e-07,2.36797419190114e-07,-7.74705846649848e-07,7.07105885380318e-08,-2.70102378049679e-07,1.26925114623617e-07,-6.91042853153486e-08,-3.20062154081458e-07,8.24844339647651e-07,1.25951052928557e-07,-2.72737312935683e-07,-7.20044578168683e-08,9.04821301222498e-07,0.000219302107069391,-1.46852095859926e-06,-5.33618669670463e-06,-4.60324008727054e-06,6.58394086715569e-06,4.01751553919805e-06,-1.5500403839074e-05,-4.47703524840387e-06,-3.01659693801419e-06,-5.22989845126429e-05,-1.14716566929704e-06,3.96373313527998e-06,1.65953274492762e-05,-2.43938219177935e-08,-5.16854961813062e-10,1.59805420131569e-08,-8.1905375261999e-08,-2.03290498145944e-07,-7.0689845250798e-08,-1.36760681073664e-08,-3.14170462385399e-08,-2.16713462364212e-08,2.54452824746093e-08,-3.7527485833964e-05,0.00011154503083267,2.10637117476285e-05,-1.37638070386769e-05,1.24909118857987e-07,0.000246492855200346,-0.000230721924571847,6.2757078891203e-06
"london","mu_D_2",2.75677695561577e-06,2.43186562032902e-05,4.77524930038051e-06,-3.3279591897791e-07,-9.14260864201657e-07,-2.18886395985253e-08,6.2684945985497e-07,1.65242613415353e-07,-1.21934502851658e-07,6.04091833251945e-07,7.4606108144069e-08,8.90051278436397e-08,4.39879615238384e-07,1.35623475206434e-06,-1.39516664300919e-07,4.6805024280509e-07,-4.71337181056051e-07,4.86480864056834e-07,4.76461280787641e-07,-2.75557596890793e-07,4.80847757769352e-07,-1.46852095859926e-06,0.000222145226758911,0.000165707416047813,0.000104534096541446,-2.3653606685306e-05,1.76789695012551e-05,-1.15766398147136e-05,4.36439480315906e-05,-2.82192069908143e-06,-9.93633586528869e-05,-1.5291028323494e-05,9.89684970182765e-06,1.12252405087731e-05,5.60428106642493e-08,6.34093703682237e-08,7.26036961931889e-08,-3.31119383600818e-08,-1.25068843597362e-07,2.30127770522765e-08,-3.90595766710769e-08,1.67332041255585e-08,9.50667216866084e-08,-6.45657162720834e-08,2.93185244859534e-05,-0.00118403702783027,-3.96526028606054e-05,-3.89844463549256e-05,9.57374126873164e-08,-0.00015525304112829,-0.00105947375241882,4.0263494075109e-07
"london","mu_D_3",-6.46093766250781e-06,2.7613769512637e-05,8.24406828367966e-06,9.06388553411809e-07,2.32964177103674e-07,2.84566120629395e-08,-6.02596534914775e-07,5.08523434784209e-07,-9.47472686321082e-08,-5.23524841798751e-07,8.46203068720101e-08,-4.96228058928978e-07,1.18651573402205e-06,2.42524779427087e-06,-4.74322830737996e-07,1.46730408898574e-07,1.94051973635945e-07,9.43527303954239e-08,4.73622306141037e-07,-3.02731499161324e-07,-8.65669782971771e-08,-5.33618669670463e-06,0.000165707416047813,0.000327086685122955,8.62813898917656e-05,-0.000153478673055206,5.63073156607055e-05,-1.5810234602987e-05,6.36689989662636e-05,-4.78005939191562e-06,-3.63835534105095e-05,7.50214491502948e-06,3.89671459988116e-06,-2.12633023360612e-05,1.68619352292851e-08,3.76534640533078e-08,-2.83971148496493e-08,-2.06316375586673e-08,-4.04187827147528e-08,-1.22293261192197e-08,9.53318006718248e-08,-1.12140965861414e-07,-1.01518794191836e-07,7.05325851898074e-08,2.20671862591441e-05,-0.00181622947538198,5.69944576214868e-05,-3.06513253537555e-05,9.47173779794179e-08,-0.000362251778584766,0.000275864314203875,2.83381714701859e-06
"london","mu_D_4",-1.75454923161331e-05,0.000105911529294368,3.82590208307834e-06,-4.37978552520719e-06,-4.46702983302795e-06,-1.68958588291109e-06,4.01080663970167e-06,-2.7547935501014e-06,3.57677152985791e-06,-1.71704328895264e-06,3.33692574043779e-06,-6.70305880082824e-07,-3.04855504696944e-07,3.96177213391409e-06,-1.65422145799828e-07,-3.32429384747481e-08,2.88105991021125e-08,1.68345954474591e-06,-2.82450502262654e-06,4.87334434947803e-06,1.78022443593707e-06,-4.60324008727054e-06,0.000104534096541446,8.62813898917656e-05,0.00243580992306737,-0.000222009198785364,6.13504791344893e-05,-5.85163345525087e-06,2.95954170951657e-05,9.13248395780939e-06,-5.32308005923572e-05,-5.57904381952807e-05,1.38413029894717e-05,-8.57942353651563e-05,4.01182188942289e-07,-3.04465351468151e-07,1.90338531052268e-08,-1.63906337170014e-07,-2.00280779605449e-07,-7.82126012604241e-07,-2.09494187795046e-07,3.83840739132622e-07,-4.72079114728778e-07,3.61982845054312e-07,8.1734875513336e-05,-0.00111513405815761,3.95284680606696e-05,-0.000274019377148251,1.22272528084501e-06,7.12901876621756e-05,-0.00488728448330147,-5.80081403625125e-06
"london","mu_gamma_H",-6.65621716079754e-06,-3.56936193285887e-05,1.007178972373e-05,-4.19679084346426e-06,1.96398246318127e-07,-1.31408130121415e-06,1.46624419903567e-06,-9.34144269676354e-07,7.4017961857499e-08,-3.04067131928027e-07,-1.77254874057818e-06,4.5279758603703e-07,-7.26000505509487e-07,-6.20261225110783e-06,4.51979896920407e-07,5.54070542237319e-08,-6.80583388613193e-07,-6.87161754615969e-08,1.63890606135873e-07,-3.08970757242513e-06,1.93929504400599e-06,6.58394086715569e-06,-2.3653606685306e-05,-0.000153478673055206,-0.000222009198785364,0.000722023502159804,-0.000286378471009034,7.6208319026178e-06,-2.35577210288423e-05,1.12662645828873e-05,-2.85845007859027e-05,-4.19104417443637e-06,-1.08411161028877e-06,6.2099438807726e-05,-7.41258513026792e-08,-4.6358141949276e-07,1.52630001304606e-07,-1.01194897693893e-07,-1.30323710646784e-07,3.89233764890136e-08,-2.22736490884432e-07,1.04807850948933e-07,-8.25987132783243e-08,-2.94172947399272e-07,-8.95173853580648e-05,0.00103674399914393,-0.000358145895535433,0.000161013102131323,-1.45369426610684e-07,-4.77348713841894e-05,0.000115040193232559,-4.01339205119403e-06
"london","mu_gamma_H_2",1.27948825250413e-05,1.70507134368391e-05,-6.23866396074468e-06,5.47095320772211e-06,-9.92860535504552e-07,-8.68820527256063e-07,2.92611074121316e-07,2.01148445435448e-07,1.73653709829199e-08,-8.59314461732071e-07,1.54557786805946e-06,-8.62961688060497e-07,3.68672920723168e-07,3.78517463339702e-06,-1.28742458881166e-07,-4.85390603853265e-07,1.50836635603696e-06,-1.47104379393106e-06,8.33065078310059e-07,-6.45287995480985e-07,9.40270715873248e-07,4.01751553919805e-06,1.76789695012551e-05,5.63073156607055e-05,6.13504791344893e-05,-0.000286378471009034,0.000680027676730578,-1.4004794352354e-05,8.11162984864818e-06,-5.46294478929739e-07,-5.67677623441284e-06,1.67737215206905e-05,-6.48989698755673e-07,-1.78384464242746e-05,-1.16151824770121e-07,8.18375387136565e-08,-9.64478175579365e-08,-2.17267264972689e-08,1.80107227373493e-08,-1.33469199361047e-07,-7.24158833506724e-10,-3.90990820356819e-08,2.80637272497841e-07,-9.36722867206668e-08,4.90950360371933e-05,-0.000186978932333092,-8.82134776695421e-05,8.12811936072931e-05,3.94522882441276e-07,-0.000241378267188472,-0.000788960787108341,2.97191507693882e-06
"london","p_G_D",1.58090885098443e-06,-2.69723078213021e-05,-6.63063633099271e-06,1.43589243051267e-06,-9.34920733941286e-08,5.48471699323961e-08,-2.13315273935082e-07,-1.56347950221682e-07,1.29763794401982e-07,1.62600632360596e-07,1.67303364901499e-07,1.64899844162311e-08,-2.11809830502565e-08,-1.15139346829191e-06,-4.29335021686319e-08,-3.54119156341856e-08,-1.77584249410147e-07,4.93937317071264e-07,2.28745654548702e-08,-1.49410900646404e-07,-5.53185093543982e-08,-1.5500403839074e-05,-1.15766398147136e-05,-1.5810234602987e-05,-5.85163345525087e-06,7.6208319026178e-06,-1.4004794352354e-05,7.55683476102401e-05,-3.17380275780842e-06,5.22803528523788e-06,3.24846791397669e-05,4.85643156006016e-06,-3.30819513567633e-07,-3.30703073468433e-05,1.67700963312611e-08,1.63424163612629e-08,-7.15040032070776e-08,-3.91406819343866e-08,-8.47574781049543e-08,-7.07821463535002e-08,-5.86145193537466e-08,-5.14992993558628e-08,-4.32459158525337e-08,-3.56810693664057e-08,4.73272181639131e-05,3.16066449589294e-06,2.25460561610086e-05,-1.23278484958764e-05,-3.5528622726925e-08,-0.000137562215106923,-0.000233524708751713,-3.99122694589724e-06
"london","p_G_D_2",-2.13822801044345e-06,2.86244948846299e-05,9.10822785097255e-07,5.56287632615386e-07,-1.63665231405404e-07,1.62322873851758e-08,-1.59359311766836e-07,1.41019612530326e-07,-5.54122518502982e-08,-2.36443021634235e-08,-3.47804574874084e-09,-8.10994221666786e-08,2.08989742416205e-07,4.93038163148715e-07,-1.4336562113572e-07,7.16128402438633e-08,4.39056562312101e-09,8.63716470550652e-08,1.40387534848918e-08,-4.47474243669515e-10,-1.09223293123091e-07,-4.47703524840387e-06,4.36439480315906e-05,6.36689989662636e-05,2.95954170951657e-05,-2.35577210288423e-05,8.11162984864818e-06,-3.17380275780842e-06,2.06797294713653e-05,-1.4812423902726e-06,9.12071433582779e-07,9.92902296898314e-07,2.93566210241777e-06,-1.53210288762355e-06,1.35771850846607e-08,1.02590547700978e-08,5.71092422258735e-09,-4.86486674335486e-10,3.21176283180953e-08,1.4324566796885e-09,-1.71757078754513e-09,-1.72545659662841e-08,-5.0097123344246e-09,-2.93928186722305e-08,7.02316914096939e-06,-0.000419973254640972,5.94361252805362e-06,-1.68435016631375e-05,5.89233290099092e-09,-0.000116796931825645,-0.000161864719007849,-2.35658243498277e-07
"london","p_H",-1.6560051604687e-06,7.0378084760311e-06,-8.00167164267813e-07,-8.45060020231483e-07,-9.33242308417145e-07,-4.41501703368577e-07,-4.27168593749843e-07,-6.35844588510026e-07,-2.71169397104393e-07,-5.51684142651206e-07,-3.63381136242615e-07,-3.17979853391188e-07,-3.2758169520519e-07,1.42152414750529e-06,-3.81330706039384e-07,-3.86978453613943e-07,-3.3825039945259e-07,-2.95180196145137e-07,-8.22891436585759e-07,-1.12931003059845e-07,-4.11791765253426e-07,-3.01659693801419e-06,-2.82192069908143e-06,-4.78005939191562e-06,9.13248395780939e-06,1.12662645828873e-05,-5.46294478929739e-07,5.22803528523788e-06,-1.4812423902726e-06,3.65977246566378e-05,-5.35851250634885e-06,-9.56296286988051e-06,-7.44757355473792e-06,-9.9457297090312e-06,-3.63888450661247e-08,-1.04316829196607e-07,-1.11725364261189e-07,-1.54570061346283e-07,-1.75061493624374e-07,-5.07010101004482e-08,-4.15106760587898e-08,-7.44005264474144e-08,-8.10042817530906e-08,-7.46878268332188e-08,-1.58035833702995e-05,7.28901929878306e-05,-0.000155676927282422,3.91309971909026e-05,-7.46012282927585e-08,0.000110487640860897,-0.000459390863311578,-3.270007269456e-06
"london","p_H_D",-3.94421843798219e-06,-1.62317776370612e-06,-8.8093868183401e-06,9.6921683808242e-07,2.43046677713536e-07,-5.49956639571051e-07,3.78099449190057e-07,-5.84491885881167e-07,5.28058086113929e-08,-8.82099498469854e-07,7.51099029712053e-07,-4.5954341467761e-07,1.09012552728802e-07,1.32877043394804e-07,-3.79695130059343e-07,2.39334751672185e-07,-6.10216624152012e-07,6.74909263696393e-08,1.69029639381937e-07,-8.60273204936616e-07,-5.2022570207101e-07,-5.22989845126429e-05,-9.93633586528869e-05,-3.63835534105095e-05,-5.32308005923572e-05,-2.85845007859027e-05,-5.67677623441284e-06,3.24846791397669e-05,9.12071433582779e-07,-5.35851250634885e-06,0.00022594058921059,1.26230267507941e-05,-5.426647020244e-06,-5.49390323248176e-05,9.21659561013205e-09,-7.32497381382308e-08,-3.81520770429905e-08,1.9061482224047e-08,2.47070637961706e-07,-6.02332127320565e-08,-2.37426729670959e-08,3.58890349664834e-08,3.92818373461663e-08,-1.32384583620537e-07,2.65345274593794e-06,-4.06203346524945e-05,0.000114178006754984,8.02835643138385e-06,-1.46568441892515e-07,-0.000214650714978125,0.000476336000170924,-3.44814631301737e-06
"london","p_ICU",-6.16405856334934e-06,2.43948793634302e-05,-4.15768999998099e-06,4.87190602348466e-06,1.52671400620892e-07,-6.91076916259628e-08,-1.48582685928554e-06,4.53076504752114e-07,-2.72868621631215e-07,3.26413064150038e-07,-1.06534182761288e-06,5.31090357468283e-08,-4.16263319315879e-07,-2.15471351199356e-06,-9.80179958485152e-08,-4.92713075995741e-07,1.14895594298208e-06,-4.19828961247146e-07,-2.25793579842165e-07,6.94546732099197e-07,-5.43671165281949e-07,-1.14716566929704e-06,-1.5291028323494e-05,7.50214491502948e-06,-5.57904381952807e-05,-4.19104417443637e-06,1.67737215206905e-05,4.85643156006016e-06,9.92902296898314e-07,-9.56296286988051e-06,1.26230267507941e-05,0.000102194237953675,-7.91174471773224e-06,2.14835959263881e-05,-6.29030846415563e-08,3.50886597853309e-08,-5.24473888234872e-08,2.69626945576775e-08,2.26547461296852e-07,2.65726127412319e-08,9.21143597278961e-08,-6.06303703412443e-08,-7.4436325592475e-08,-8.33875277232311e-09,3.04853502905702e-05,-9.70129542806607e-06,4.87566142115988e-05,4.61630707258949e-05,-1.20223767684022e-07,-0.000175009500996795,2.15042144282295e-05,3.55869773636227e-06
"london","p_ICU_2",-1.41134028507964e-06,1.44670621845286e-05,-6.23076877838251e-07,-5.73897868700707e-07,1.8570458405624e-07,2.22041235096489e-07,-2.21935665282067e-07,4.77540667396644e-07,-7.62264630738528e-08,2.76471874478345e-07,1.65392549885306e-07,5.55138817446738e-08,3.83665427806972e-08,-5.84139702200811e-07,1.21315243139356e-07,1.97934019083895e-08,1.04176324693544e-09,2.76654951791269e-07,2.29538824007324e-08,8.623550206726e-08,8.59596766469456e-08,3.96373313527998e-06,9.89684970182765e-06,3.89671459988116e-06,1.38413029894717e-05,-1.08411161028877e-06,-6.48989698755673e-07,-3.30819513567633e-07,2.93566210241777e-06,-7.44757355473792e-06,-5.426647020244e-06,-7.91174471773224e-06,1.91682485076768e-05,-8.38004372846059e-07,4.56792478270734e-09,-2.22287798528155e-08,-1.46050824072696e-08,-8.61710250886559e-10,-1.89573362174203e-08,-3.25616992416749e-09,-2.8364559487619e-08,8.76043336330869e-09,2.16217646296162e-09,1.05063263830398e-07,8.71128523132405e-06,-5.16139660304201e-05,4.71931297073692e-05,-9.44268223311207e-05,-1.09067133636909e-08,6.30677839633838e-06,3.58056149033249e-05,-1.59451688751859e-06
"london","p_ICU_D",-6.09469680189953e-07,-2.48975063762346e-06,-1.71335960139312e-06,4.85088266858585e-06,4.75730183450983e-07,-2.13270037387426e-07,5.25852511809225e-07,1.296918095053e-07,8.95069704172331e-08,-9.53867185216794e-08,7.09534448938309e-07,4.19551748029613e-07,9.29861290726393e-08,-3.59017348883597e-07,3.93433775483376e-07,-1.85249342300939e-07,7.89697593419535e-07,-8.32993032968844e-07,6.66905799260438e-07,-3.70431362360436e-07,2.0118355848161e-07,1.65953274492762e-05,1.12252405087731e-05,-2.12633023360612e-05,-8.57942353651563e-05,6.2099438807726e-05,-1.78384464242746e-05,-3.30703073468433e-05,-1.53210288762355e-06,-9.9457297090312e-06,-5.49390323248176e-05,2.14835959263881e-05,-8.38004372846059e-07,0.000245019225729442,-6.56898989115821e-08,2.08650550460248e-08,3.68497916959664e-08,3.22931482029093e-08,1.57162649200002e-07,2.41123420769497e-07,1.08017226418484e-07,6.17796178309989e-08,9.77041949573151e-08,1.15899316006694e-07,-0.000246301084045213,8.27156637474732e-05,-7.52569445294117e-05,3.07187795907536e-05,-3.42859195188461e-08,-0.000204790519438799,0.000455025791086046,-1.53233213857499e-06
"london","p_NC_15_24",2.47320766915908e-08,1.16847297085383e-07,3.28938798766948e-08,-6.41924344708211e-09,2.81821209110212e-09,1.11620393391478e-09,3.79978361039845e-09,-1.81766287812982e-09,3.82763265397608e-09,-8.3401060096499e-11,1.70999916697354e-09,1.8207767591527e-09,1.7090946145589e-09,-1.45372556495403e-08,4.26913111764383e-09,-2.36232843085096e-09,3.55549307962648e-09,-3.0792562800175e-09,1.35156706313801e-09,2.40284499589187e-09,-1.46361273702699e-09,-2.43938219177935e-08,5.60428106642493e-08,1.68619352292851e-08,4.01182188942289e-07,-7.41258513026792e-08,-1.16151824770121e-07,1.67700963312611e-08,1.35771850846607e-08,-3.63888450661247e-08,9.21659561013205e-09,-6.29030846415563e-08,4.56792478270734e-09,-6.56898989115821e-08,2.9365485805611e-09,8.69570710754033e-10,1.01064665805284e-09,8.84322852340476e-10,1.31073138662358e-09,9.37900444586084e-10,9.40090711735286e-10,2.46749137921672e-10,2.63278719568934e-10,8.45545932065585e-11,2.11659583396954e-08,-5.16978258587044e-07,-3.07338868162556e-07,-2.17974908292667e-07,-2.49258604792356e-10,-7.41347606209181e-08,2.18571290087184e-06,-4.28561785560563e-09
"london","p_NC_25_49",-5.06436882956185e-09,2.91864831159445e-07,4.26050726179078e-09,3.03751660966387e-08,3.93670578249315e-09,5.3375547208139e-09,-3.18519638573335e-09,2.33238681398235e-09,5.78278693179917e-09,1.04082723353228e-09,5.28501542779522e-09,2.5472989643106e-09,4.42555668164772e-09,-1.53622696958602e-08,2.47570636840454e-10,1.42097548264318e-09,3.57249595063375e-09,-6.11162809712069e-10,3.57226413245247e-09,3.72283096080324e-09,-3.94076330234079e-09,-5.16854961813062e-10,6.34093703682237e-08,3.76534640533078e-08,-3.04465351468151e-07,-4.6358141949276e-07,8.18375387136565e-08,1.63424163612629e-08,1.02590547700978e-08,-1.04316829196607e-07,-7.32497381382308e-08,3.50886597853309e-08,-2.22287798528155e-08,2.08650550460248e-08,8.69570710754033e-10,5.45918106029924e-09,1.4957083815874e-09,9.34159566906664e-10,2.66248998555629e-09,8.62384854092907e-10,8.16317635651177e-10,-1.55404010401282e-10,5.08979799920813e-10,4.50204128748057e-10,-2.40202838657093e-08,-4.69716029458671e-07,5.09049041490791e-09,-5.69246515105305e-08,5.59881842595229e-11,-1.48520073327841e-06,1.20333355058383e-06,-2.47757767445685e-08
"london","p_NC_50_64",4.18606481885683e-08,9.23272477945698e-08,5.35421988267402e-08,-4.33392345540968e-09,5.74590332666013e-09,-2.19075410739436e-09,6.58201901255706e-09,1.87958533122341e-09,3.12144626731517e-09,7.9258672246614e-10,3.03018594651117e-09,2.47320285141262e-09,1.99465078104472e-09,5.3397633735888e-09,6.6672040591573e-10,2.39463736652194e-09,9.03041414742045e-10,2.72060719494456e-10,2.6505439092545e-09,-2.38005220164687e-09,9.17456072605083e-09,1.59805420131569e-08,7.26036961931889e-08,-2.83971148496493e-08,1.90338531052268e-08,1.52630001304606e-07,-9.64478175579365e-08,-7.15040032070776e-08,5.71092422258735e-09,-1.11725364261189e-07,-3.81520770429905e-08,-5.24473888234872e-08,-1.46050824072696e-08,3.68497916959664e-08,1.01064665805284e-09,1.4957083815874e-09,6.18080864499805e-09,1.92768393839587e-09,1.40701637441373e-09,2.70690310588173e-10,1.503658809965e-09,1.04140655089892e-09,9.69915584816693e-10,4.80110712407151e-10,-2.31515643166434e-07,6.50101567363071e-08,-4.39446096333283e-07,3.23859654104795e-10,-6.74847095092381e-10,-5.00593523238837e-07,4.95005230722987e-06,3.31071644049482e-08
"london","p_NC_65_79",1.85673847797979e-08,-1.30081669585298e-08,1.0058386884735e-08,4.99615406166154e-09,8.77786655403827e-09,5.7997863827032e-09,1.81578504086146e-09,2.27163469029932e-09,2.19416606154799e-09,1.86968148170378e-09,2.71575182264667e-09,3.27589742344283e-09,1.41937425655866e-09,-3.00870777260432e-08,6.71563094698794e-09,-2.3511308601136e-09,6.1609242978112e-09,2.67236438975596e-09,1.4901984677864e-09,3.81592302011079e-09,-3.80014428800845e-10,-8.1905375261999e-08,-3.31119383600818e-08,-2.06316375586673e-08,-1.63906337170014e-07,-1.01194897693893e-07,-2.17267264972689e-08,-3.91406819343866e-08,-4.86486674335486e-10,-1.54570061346283e-07,1.9061482224047e-08,2.69626945576775e-08,-8.61710250886559e-10,3.22931482029093e-08,8.84322852340476e-10,9.34159566906664e-10,1.92768393839587e-09,4.46533687081829e-09,1.33065652992042e-09,9.30512352586025e-10,8.6893890787398e-10,6.69958910138158e-10,8.60754749361329e-10,1.65563250620818e-09,-1.31741941193493e-07,2.99339447235958e-07,-3.13738834885035e-08,-1.85461557675741e-09,9.75662880179772e-11,9.13115079824741e-08,5.16369846235764e-06,3.84509181398025e-08
"london","p_NC_80_plus",3.58406559447361e-08,7.34656317959724e-07,-1.29238867801225e-08,8.1912516194821e-09,1.69076228041652e-08,-4.15111679106659e-09,1.24816171468431e-09,2.87116617439142e-09,6.50339531562431e-09,-5.96556196971385e-09,6.02154229339788e-09,-1.23230741585754e-09,4.91141233283156e-09,-1.02692862172766e-08,-2.93951315836815e-09,3.32231743636249e-09,3.0014826680285e-09,-1.91715553607133e-09,1.67737525530587e-09,2.50872585231316e-09,7.44381647121647e-09,-2.03290498145944e-07,-1.25068843597362e-07,-4.04187827147528e-08,-2.00280779605449e-07,-1.30323710646784e-07,1.80107227373493e-08,-8.47574781049543e-08,3.21176283180953e-08,-1.75061493624374e-07,2.47070637961706e-07,2.26547461296852e-07,-1.89573362174203e-08,1.57162649200002e-07,1.31073138662358e-09,2.66248998555629e-09,1.40701637441373e-09,1.33065652992042e-09,1.95375367572304e-08,1.73430240087859e-09,1.5552827408569e-09,6.60909450030288e-10,1.66646704464627e-09,5.47067867828154e-09,-1.64789153400449e-07,-1.57787506198547e-07,-6.80810924485709e-08,-3.06726719838819e-08,9.24351411699617e-11,2.20976781875897e-06,1.49626498088867e-05,8.96738827453088e-08
"london","p_NC_weekend_15_24",-1.53135961936935e-08,9.82274740371326e-08,-1.29948004299404e-08,1.26574257353864e-08,1.23789239072968e-08,4.01360963417087e-09,-6.50256014116105e-09,3.1781269223133e-09,3.3347814859382e-09,-2.74950918298186e-09,-1.7635222404805e-11,1.98193431641703e-09,1.29438830893541e-09,-2.60752805594269e-08,4.53623728897565e-09,-2.99373539597667e-09,4.70493498125e-09,-3.23751721593931e-09,1.50576243156287e-09,1.69945421061419e-11,-2.99341772931508e-09,-7.0689845250798e-08,2.30127770522765e-08,-1.22293261192197e-08,-7.82126012604241e-07,3.89233764890136e-08,-1.33469199361047e-07,-7.07821463535002e-08,1.4324566796885e-09,-5.07010101004482e-08,-6.02332127320565e-08,2.65726127412319e-08,-3.25616992416749e-09,2.41123420769497e-07,9.37900444586084e-10,8.62384854092907e-10,2.70690310588173e-10,9.30512352586025e-10,1.73430240087859e-09,5.10019437772219e-09,3.24969140379614e-10,-8.98998719879436e-11,4.26941908398379e-10,7.99422636368922e-10,4.89313223742863e-08,2.14663808009792e-07,-4.88596763510141e-07,5.58283518815553e-08,-5.88472953253194e-10,3.85847239852456e-07,1.13915606960817e-05,4.01103962137293e-09
"london","p_NC_weekend_25_49",6.26742717017996e-09,1.30894043167726e-07,4.38752840542942e-08,8.07869228203922e-09,1.7072387536312e-09,5.58439186994769e-09,-5.02846403261637e-09,8.91930577166163e-10,3.19486898637833e-09,-1.40010539957169e-09,1.11442775356844e-09,4.32622166814698e-10,3.06390346520044e-09,-1.82224247730839e-09,3.61245139981547e-09,-3.32640760973873e-09,5.70343132518507e-09,-3.72086491010025e-09,2.29255610272206e-09,3.40254495156243e-09,-3.99767049932954e-09,-1.36760681073664e-08,-3.90595766710769e-08,9.53318006718248e-08,-2.09494187795046e-07,-2.22736490884432e-07,-7.24158833506724e-10,-5.86145193537466e-08,-1.71757078754513e-09,-4.15106760587898e-08,-2.37426729670959e-08,9.21143597278961e-08,-2.8364559487619e-08,1.08017226418484e-07,9.40090711735286e-10,8.16317635651177e-10,1.503658809965e-09,8.6893890787398e-10,1.5552827408569e-09,3.24969140379614e-10,5.19003173859118e-09,3.54852819095333e-10,5.72871265255054e-10,1.14104811328357e-09,-2.06307163154428e-07,-2.9511109421163e-07,-2.09386187327433e-07,-4.36372976368937e-08,1.3453557758525e-11,8.28484676374104e-07,1.79407811618236e-06,3.01042003290087e-08
"london","p_NC_weekend_50_64",1.74700334600299e-08,-6.58224189499985e-08,-9.95767945856279e-09,-5.68025659976907e-09,-3.04706586533523e-09,3.16272322658871e-09,3.34623844059194e-09,-1.74946236306226e-09,3.57079954595983e-09,8.14215186729989e-10,1.51681463069344e-09,1.22130245259936e-09,1.18985939532075e-09,1.68564969832446e-08,-2.15181315781427e-09,4.30195855081503e-09,-2.51176660257805e-09,-1.70333089555984e-10,3.17559769069882e-09,2.22691762794238e-09,-4.71490085592156e-10,-3.14170462385399e-08,1.67332041255585e-08,-1.12140965861414e-07,3.83840739132622e-07,1.04807850948933e-07,-3.90990820356819e-08,-5.14992993558628e-08,-1.72545659662841e-08,-7.44005264474144e-08,3.58890349664834e-08,-6.06303703412443e-08,8.76043336330869e-09,6.17796178309989e-08,2.46749137921672e-10,-1.55404010401282e-10,1.04140655089892e-09,6.69958910138158e-10,6.60909450030288e-10,-8.98998719879436e-11,3.54852819095333e-10,4.46762282047262e-09,1.74704463804783e-10,7.27102023006468e-10,-1.54558660893799e-07,2.97652934335268e-07,-1.31999083865241e-07,9.61054234838757e-09,1.53372815398421e-09,4.47050645939408e-07,-3.30583294060914e-06,1.79316715447916e-08
"london","p_NC_weekend_65_79",3.01176292461686e-08,7.40808649788186e-08,-3.50586192963348e-08,7.11493206201131e-09,5.36886700441162e-09,-2.64150724168308e-10,3.86593561656934e-09,1.68854668288207e-09,-9.60839408628717e-11,2.65931656710803e-10,5.66221398529904e-09,8.66150814007183e-10,7.69114277743548e-10,-1.35328594856422e-08,-3.7769010428618e-11,3.91784380535903e-09,-3.24483322886527e-09,3.32004790781198e-09,3.0741568125224e-09,-6.52229301534356e-10,2.3455535417985e-09,-2.16713462364212e-08,9.50667216866084e-08,-1.01518794191836e-07,-4.72079114728778e-07,-8.25987132783243e-08,2.80637272497841e-07,-4.32459158525337e-08,-5.0097123344246e-09,-8.10042817530906e-08,3.92818373461663e-08,-7.4436325592475e-08,2.16217646296162e-09,9.77041949573151e-08,2.63278719568934e-10,5.08979799920813e-10,9.69915584816693e-10,8.60754749361329e-10,1.66646704464627e-09,4.26941908398379e-10,5.72871265255054e-10,1.74704463804783e-10,3.94083827329688e-09,1.68176629772742e-10,-1.35215970817228e-07,6.4915062767717e-08,-1.84753287308376e-09,-4.26620538501546e-08,-5.24460145858218e-11,-8.00208807104178e-07,3.08225398225178e-06,2.40549089054856e-08
"london","p_NC_weekend_80_plus",3.94436179712692e-08,1.25837921567349e-07,-1.43840382099341e-08,1.02417508028991e-08,1.01290080866544e-08,5.47940357213502e-09,-3.68117351905753e-09,4.87347236331409e-09,4.57271885893032e-09,-1.07973912478429e-08,1.19926856534143e-08,-1.46521937359296e-09,6.8938097868821e-09,-1.61545288025768e-08,1.35134553889709e-09,5.43286302094102e-10,-4.36299795752807e-10,3.16983437833264e-09,2.54796447369155e-09,-1.55617872232387e-09,3.89540079889199e-09,2.54452824746093e-08,-6.45657162720834e-08,7.05325851898074e-08,3.61982845054312e-07,-2.94172947399272e-07,-9.36722867206668e-08,-3.56810693664057e-08,-2.93928186722305e-08,-7.46878268332188e-08,-1.32384583620537e-07,-8.33875277232311e-09,1.05063263830398e-07,1.15899316006694e-07,8.45545932065585e-11,4.50204128748057e-10,4.80110712407151e-10,1.65563250620818e-09,5.47067867828154e-09,7.99422636368922e-10,1.14104811328357e-09,7.27102023006468e-10,1.68176629772742e-10,1.63769746045044e-08,5.67966582248762e-08,1.90044184358965e-07,-1.89830996575792e-07,-5.81021825853227e-07,-8.78126633421491e-10,2.95887507885129e-06,7.54646836388569e-06,5.48943344300321e-08
"london","p_W_D",-9.32513724318795e-06,2.84810090724861e-05,8.96768430414985e-06,6.00296583501647e-06,-1.64182475093743e-07,7.90763975931996e-07,-5.73227137302427e-06,4.25022452009106e-06,-1.6523587312964e-06,2.90304269554475e-06,-2.74829330465468e-06,1.39224038524937e-07,-4.13049794253172e-07,-9.40925686141712e-06,1.406696593019e-06,-7.0787176225861e-07,9.943023381694e-07,-1.13896189284143e-06,9.6717833875783e-07,-8.94320452521985e-07,1.06250090236766e-06,-3.7527485833964e-05,2.93185244859534e-05,2.20671862591441e-05,8.1734875513336e-05,-8.95173853580648e-05,4.90950360371933e-05,4.73272181639131e-05,7.02316914096939e-06,-1.58035833702995e-05,2.65345274593794e-06,3.04853502905702e-05,8.71128523132405e-06,-0.000246301084045213,2.11659583396954e-08,-2.40202838657093e-08,-2.31515643166434e-07,-1.31741941193493e-07,-1.64789153400449e-07,4.89313223742863e-08,-2.06307163154428e-07,-1.54558660893799e-07,-1.35215970817228e-07,5.67966582248762e-08,0.00125716567699379,-0.000361208266848123,0.00012276416739644,5.83926381048629e-05,4.66275550823939e-07,-0.000363766658200192,-0.00077305512200309,-1.14648428701624e-06
"london","rel_p_D_alpha",2.16698133896349e-05,-0.000172795805047355,-2.1574901432976e-05,-9.24425715709906e-06,7.68793428237821e-07,2.97845825340012e-06,-2.41967865696622e-06,-3.16310176495584e-06,1.02016333404667e-06,2.4276352846127e-08,-3.32184411790862e-06,2.37667892230286e-06,-7.09858394331398e-06,-2.14482173924787e-05,3.63279725989701e-06,-3.13790554427447e-06,4.39378514541111e-07,-9.7831833508197e-08,-6.05265581009206e-06,4.12943459276899e-06,-2.35705045663738e-06,0.00011154503083267,-0.00118403702783027,-0.00181622947538198,-0.00111513405815761,0.00103674399914393,-0.000186978932333092,3.16066449589294e-06,-0.000419973254640972,7.28901929878306e-05,-4.06203346524945e-05,-9.70129542806607e-06,-5.16139660304201e-05,8.27156637474732e-05,-5.16978258587044e-07,-4.69716029458671e-07,6.50101567363071e-08,2.99339447235958e-07,-1.57787506198547e-07,2.14663808009792e-07,-2.9511109421163e-07,2.97652934335268e-07,6.4915062767717e-08,1.90044184358965e-07,-0.000361208266848123,0.0128234225597298,-0.000876789673941029,0.000524007264440193,-6.75166461416273e-07,0.00316948205988229,0.000695009173129049,2.973746830911e-07
"london","rel_p_H_alpha",6.17540376095495e-06,-0.000132754700289597,-5.76644679784659e-07,2.12872433976157e-06,2.59206354737957e-06,-3.87402986378029e-07,1.92521484319205e-06,2.35114648683643e-06,-4.91469570137859e-07,4.14998767217544e-06,3.56736483434307e-07,2.53706447153711e-07,4.54359474534436e-07,2.06440959017995e-06,3.34622609810941e-07,2.25265870601683e-06,1.56922521955096e-07,8.68751422400318e-07,5.22810191822055e-06,-2.24523251641054e-06,3.63913874107939e-06,2.10637117476285e-05,-3.96526028606054e-05,5.69944576214868e-05,3.95284680606696e-05,-0.000358145895535433,-8.82134776695421e-05,2.25460561610086e-05,5.94361252805362e-06,-0.000155676927282422,0.000114178006754984,4.87566142115988e-05,4.71931297073692e-05,-7.52569445294117e-05,-3.07338868162556e-07,5.09049041490791e-09,-4.39446096333283e-07,-3.13738834885035e-08,-6.80810924485709e-08,-4.88596763510141e-07,-2.09386187327433e-07,-1.31999083865241e-07,-1.84753287308376e-09,-1.89830996575792e-07,0.00012276416739644,-0.000876789673941029,0.00193806059396368,-0.000597044767290864,7.36048471902622e-08,-0.0006611997198648,0.00110438566462694,5.86631411459879e-06
"london","rel_p_ICU_alpha",9.22013799909414e-07,-7.42760129613887e-05,-3.08514545769533e-06,6.22135367671158e-06,-3.69710559562752e-07,-9.37671827726512e-07,6.27992879560097e-08,-1.6253532727553e-06,-3.22500684447089e-07,-1.41907569650402e-06,-2.51351869439351e-06,-2.36417076181368e-07,-5.81071395613689e-07,-2.36031215168086e-06,-5.031626726124e-07,4.09890597852775e-08,-6.5516486505084e-07,1.45906704180455e-07,-8.13916083959359e-07,-1.26690580286265e-06,9.55411290441324e-08,-1.37638070386769e-05,-3.89844463549256e-05,-3.06513253537555e-05,-0.000274019377148251,0.000161013102131323,8.12811936072931e-05,-1.23278484958764e-05,-1.68435016631375e-05,3.91309971909026e-05,8.02835643138385e-06,4.61630707258949e-05,-9.44268223311207e-05,3.07187795907536e-05,-2.17974908292667e-07,-5.69246515105305e-08,3.23859654104795e-10,-1.85461557675741e-09,-3.06726719838819e-08,5.58283518815553e-08,-4.36372976368937e-08,9.61054234838757e-09,-4.26620538501546e-08,-5.81021825853227e-07,5.83926381048629e-05,0.000524007264440193,-0.000597044767290864,0.000880476537021362,6.88289573904307e-08,-7.73034000950466e-06,1.35563069486688e-05,1.60828808087088e-05
"london","rho_pillar2_tests",2.90697235699501e-09,-2.55095341549741e-07,-3.17074484569345e-08,-1.04920944646175e-08,-1.05381028928675e-08,4.21783584880737e-09,1.03213324616438e-08,-1.1502689514483e-08,1.34062351727459e-08,3.69714839545528e-10,-2.6894202999168e-09,-1.24323906407947e-09,7.0728488863306e-09,1.91820965776682e-08,-1.5113011046007e-09,2.73749134551871e-09,6.16348735564216e-09,1.03688782953916e-08,-1.63403477554447e-08,1.44455289113187e-08,1.10678657732565e-09,1.24909118857987e-07,9.57374126873164e-08,9.47173779794179e-08,1.22272528084501e-06,-1.45369426610684e-07,3.94522882441276e-07,-3.5528622726925e-08,5.89233290099092e-09,-7.46012282927585e-08,-1.46568441892515e-07,-1.20223767684022e-07,-1.09067133636909e-08,-3.42859195188461e-08,-2.49258604792356e-10,5.59881842595229e-11,-6.74847095092381e-10,9.75662880179772e-11,9.24351411699617e-11,-5.88472953253194e-10,1.3453557758525e-11,1.53372815398421e-09,-5.24460145858218e-11,-8.78126633421491e-10,4.66275550823939e-07,-6.75166461416273e-07,7.36048471902622e-08,6.88289573904307e-08,1.92199233327078e-08,1.72140646570627e-06,-1.20403888157313e-05,2.25420090346301e-08
"london","seed_date_alpha",1.47665455474925e-05,-7.33326643479972e-05,7.36278377168845e-05,-8.18971512930517e-05,2.12315799709097e-05,1.13092800472695e-05,8.12395612740539e-06,8.44233094959667e-06,-6.88631082318918e-06,-1.78226039761285e-05,-1.82048088506767e-05,-1.0670968538162e-05,-3.44940686402517e-06,-3.27991846634769e-05,6.98982010800199e-06,-3.01035410250516e-06,1.05218676110282e-06,-5.04707415948331e-06,-8.13402652123006e-06,2.15859592685893e-05,-1.41949743618127e-05,0.000246492855200346,-0.00015525304112829,-0.000362251778584766,7.12901876621756e-05,-4.77348713841894e-05,-0.000241378267188472,-0.000137562215106923,-0.000116796931825645,0.000110487640860897,-0.000214650714978125,-0.000175009500996795,6.30677839633838e-06,-0.000204790519438799,-7.41347606209181e-08,-1.48520073327841e-06,-5.00593523238837e-07,9.13115079824741e-08,2.20976781875897e-06,3.85847239852456e-07,8.28484676374104e-07,4.47050645939408e-07,-8.00208807104178e-07,2.95887507885129e-06,-0.000363766658200192,0.00316948205988229,-0.0006611997198648,-7.73034000950466e-06,1.72140646570627e-06,0.0463166976568107,0.0202101388373383,0.000624394107116515
"london","start_date",-9.05176633106125e-05,-0.000966183393490739,0.000147186398309362,2.01748224925129e-05,0.000307717869093879,2.4465065698818e-05,-6.0872658128445e-05,6.19343587990455e-05,-8.35563070728276e-06,-7.86694821883614e-07,-2.05608256118739e-05,-5.84380574112389e-07,3.3960772874395e-05,-8.61777239555977e-05,-7.20819765517453e-06,2.80304063710941e-06,2.87284399672893e-05,-8.04779918714548e-05,7.09622758436484e-05,-2.70777834689361e-05,-2.98483305997592e-05,-0.000230721924571847,-0.00105947375241882,0.000275864314203875,-0.00488728448330147,0.000115040193232559,-0.000788960787108341,-0.000233524708751713,-0.000161864719007849,-0.000459390863311578,0.000476336000170924,2.15042144282295e-05,3.58056149033249e-05,0.000455025791086046,2.18571290087184e-06,1.20333355058383e-06,4.95005230722987e-06,5.16369846235764e-06,1.49626498088867e-05,1.13915606960817e-05,1.79407811618236e-06,-3.30583294060914e-06,3.08225398225178e-06,7.54646836388569e-06,-0.00077305512200309,0.000695009173129049,0.00110438566462694,1.35563069486688e-05,-1.20403888157313e-05,0.0202101388373383,0.305249518679909,0.000227225219028451
"london","ta_alpha",1.20959034370254e-06,-5.43142810140028e-06,7.69754983065631e-07,-4.27169737038486e-07,2.89748498220887e-07,-3.16423210617555e-07,1.42157574350894e-07,3.03084547010273e-07,-4.73639745213844e-07,-3.21555003253342e-07,-5.03725969433633e-07,-2.74816866906588e-07,-1.69988907714506e-07,-3.94467646831815e-07,8.51970788020257e-08,2.77037946907457e-08,3.47663724875672e-08,4.74189774061886e-08,1.29925270479849e-07,-2.3945152362087e-07,6.92416810761936e-07,6.2757078891203e-06,4.0263494075109e-07,2.83381714701859e-06,-5.80081403625125e-06,-4.01339205119403e-06,2.97191507693882e-06,-3.99122694589724e-06,-2.35658243498277e-07,-3.270007269456e-06,-3.44814631301737e-06,3.55869773636227e-06,-1.59451688751859e-06,-1.53233213857499e-06,-4.28561785560563e-09,-2.47757767445685e-08,3.31071644049482e-08,3.84509181398025e-08,8.96738827453088e-08,4.01103962137293e-09,3.01042003290087e-08,1.79316715447916e-08,2.40549089054856e-08,5.48943344300321e-08,-1.14648428701624e-06,2.973746830911e-07,5.86631411459879e-06,1.60828808087088e-05,2.25420090346301e-08,0.000624394107116515,0.000227225219028451,1.75827319337922e-05
"midlands","alpha_admission",1.17241672830049e-05,-4.1942283599328e-06,1.1525810072473e-07,-1.1093002773403e-06,-4.37935721196262e-07,-1.47062806131433e-07,4.10151477745961e-08,-2.58489174604068e-08,-7.59062188507466e-08,-1.56777174310622e-07,-2.14595431849189e-07,-3.12145496263471e-08,5.07782539660351e-08,1.2602384632861e-06,6.74789201929099e-08,-1.11655524678501e-07,1.84759224163685e-07,-1.85608066413385e-07,1.89342552683269e-07,-2.77005212654492e-07,1.14129843922629e-07,8.89180430935959e-07,-1.13062927058199e-06,-5.84369980005623e-06,-2.51607735295202e-05,1.25858194413206e-05,1.96930638978796e-06,5.90793385777736e-06,-2.6059486838355e-07,2.49523232987052e-06,3.60792562387953e-06,7.49284692523984e-07,2.59827139503909e-07,-9.01147106592409e-06,-2.4912131616162e-09,-2.01174286015027e-09,-4.96405198742516e-08,-3.47190346888567e-08,-8.59724274046496e-09,-1.80945152243011e-08,-2.88731186338992e-08,-2.11367434718826e-08,-1.0910689043903e-08,-1.70904234836272e-08,-1.23500420292628e-05,4.1619796062402e-05,7.97329733054593e-06,3.72944146603902e-06,-1.40949766455482e-07,-0.000185110054769373,-8.22378883687005e-05,-1.40856909986357e-06
"midlands","alpha_D",-4.1942283599328e-06,0.000591089737507774,-4.10728656437882e-06,2.1523512355297e-06,1.24428978067186e-06,-1.58712771941675e-06,-1.32307825391739e-08,-4.34590592863987e-07,4.70415927568978e-07,-1.18254531045266e-06,-7.71172887698635e-07,-7.07787018512662e-07,-7.7895076900156e-07,-5.82133205580832e-07,-8.76145855420763e-07,1.87535469920744e-07,5.08096408474324e-08,-7.30758093161928e-07,1.25941222102412e-07,-7.85052775858867e-07,1.10880076905603e-06,3.06886722053799e-05,-1.62814144452395e-06,5.61144944139365e-05,0.000226435583891597,-0.000193707657384224,-8.174116874063e-06,-4.56814033645292e-05,2.48700596506261e-06,2.48054448146857e-05,-1.39500256123617e-06,5.39871473702492e-06,-4.85684322405067e-06,-5.75924062209748e-06,3.47071739393642e-08,-2.62161377862028e-07,-2.02947707495768e-08,-9.30823269988346e-08,-1.90417323712409e-07,-1.8472844264777e-08,-1.08746608216708e-07,4.41027979781513e-08,-1.58791531727533e-08,-4.10568461158017e-07,3.63423043347168e-05,-0.00029360776444597,-1.50907025074625e-05,-3.35813275991656e-05,5.30060323441026e-07,0.0013597952608701,0.000707898739142713,1.86544267513199e-05
"midlands","alpha_death_hosp",1.1525810072473e-07,-4.10728656437882e-06,1.20538826725413e-05,-5.34864740592527e-07,1.79680207134943e-07,1.32949860718849e-07,1.5484528511041e-07,-1.63292437536019e-07,-8.07749183843103e-08,3.52216589454491e-07,-2.85113956004869e-07,-3.32837737361768e-08,-1.21123362402615e-07,1.98519408309453e-07,1.02588977612656e-07,-2.2484750814362e-08,1.04840236223737e-08,-1.34523153814696e-07,1.47829056464687e-07,-5.36357678300680e-09,-1.65216864817417e-07,2.49493022294761e-06,5.97430566439155e-06,-3.12418218823358e-06,1.17446446952957e-05,1.73896878910837e-05,-1.33505929029394e-05,4.9923231006112e-06,1.50690904999331e-07,-1.65794886112322e-06,-9.50284667296904e-06,8.30489102962225e-07,3.87895245392847e-07,1.38483120649401e-05,1.03557614808461e-08,-8.5190707768372e-09,-1.01547795241132e-08,2.55903340417099e-08,-2.39415299899049e-08,2.7150767409399e-09,-2.76069139154295e-08,7.49790735673566e-09,-2.70666100580895e-09,1.61275349957095e-08,-1.13007515608995e-05,-2.49284851942866e-06,1.62308908885533e-05,-1.47079829727823e-05,-7.33329538209256e-08,0.000215185136012625,0.000115350010524602,4.26370156708876e-06
"midlands","alpha_H",-1.1093002773403e-06,2.1523512355297e-06,-5.34864740592527e-07,7.63386786058125e-06,-9.11140951838956e-07,-3.34485274347525e-08,2.50706405560204e-08,-8.05620624275044e-08,3.34767764359274e-08,1.2821878555773e-07,-3.80629952463286e-07,-3.19633033336983e-08,-1.19173794471972e-07,3.6488955216728e-07,-2.62990454120525e-08,-8.64597890029743e-09,-3.55532519090445e-08,1.6518897858498e-07,-4.47803225057803e-09,-9.29409732384695e-09,-1.1938823734379e-07,-5.03371769464654e-07,-1.36508850742379e-06,7.89058860688658e-06,8.30973042188245e-06,-2.61890796774757e-05,1.02429323325939e-05,9.45858359169036e-07,2.02751083132773e-06,-1.72635249702006e-06,6.67694299566329e-06,1.19183998740807e-07,-6.18437987329971e-07,-1.19349389343895e-06,8.50507180430024e-10,-1.18935826838464e-09,-6.53505316162614e-09,-1.58122364517963e-09,1.58426099167868e-09,1.04536865667986e-08,-4.39951034490274e-09,5.64746127573453e-09,-1.41820361759563e-08,-1.94391894948337e-08,-7.63535608738706e-07,-1.97040771227981e-05,6.75967236726074e-06,1.0962536281384e-05,-8.45308142538677e-09,0.000260639681209043,-0.000357478302414681,4.13535717449145e-06
"midlands","beta1",-4.37935721196262e-07,1.24428978067186e-06,1.79680207134943e-07,-9.11140951838956e-07,2.09059674954453e-06,8.83398233368057e-08,3.81370757470033e-08,-4.68356231752507e-08,-8.39010753337054e-09,4.93763591608001e-08,1.26563773944309e-07,-2.1670659849539e-08,8.55708881337325e-08,-2.41217922433476e-06,8.84994135018211e-08,-5.61303531687861e-09,-2.92245685550037e-08,4.5123077023082e-08,-5.25254147222678e-08,8.97033463245801e-08,-1.22220597455817e-07,6.55143262199867e-07,2.41731116407928e-06,7.15750656273826e-06,2.12778845313757e-05,3.26522508442948e-06,-7.01660806726715e-07,-2.19349578702369e-06,1.16405813591735e-06,-3.75434308062229e-07,-2.68786408807467e-06,9.24090205170101e-07,2.33588722649611e-07,2.54854089548048e-06,-3.19552654359476e-09,7.79430333216903e-09,-1.33729675431681e-08,1.13174972619739e-08,1.34803419324157e-08,3.2379493698782e-08,4.21724994579065e-09,-9.24187909682551e-09,2.4722819060125e-09,1.72545608055038e-08,-2.20761004556738e-06,-2.24035429231597e-05,-1.05631100231581e-06,-9.74544850482007e-06,2.86312344209149e-08,-5.75738614160122e-05,0.000731316602668603,-1.10792699317715e-06
"midlands","beta10",-1.47062806131433e-07,-1.58712771941675e-06,1.32949860718849e-07,-3.34485274347525e-08,8.83398233368057e-08,3.68770159630296e-07,-3.45120092004442e-07,1.04428068686232e-07,-4.45941014688752e-08,8.03090571052546e-08,-3.66380907951881e-08,7.328900193192e-09,-1.72066634662109e-08,1.80306880058125e-09,-1.80895104717202e-08,2.05961985213849e-08,-1.56057447884196e-08,2.6881409508674e-08,-4.98025539104501e-08,2.13052070317693e-07,-3.58116724163243e-07,-2.84182417909814e-08,-8.52649462558236e-07,-1.36163800217098e-06,-3.23985447093869e-06,1.26609350770351e-07,5.77797638310559e-07,2.65401034196946e-08,-2.18503785505229e-07,-1.27015909046119e-06,1.44908149885857e-07,-1.70360724184972e-07,6.64206366179439e-08,-1.23772287825046e-06,1.10592674361096e-08,7.33360368123518e-09,4.55319669069913e-09,7.51347104226923e-09,3.31489582189922e-10,-1.22211165635081e-09,5.71772174902846e-09,6.28045758167023e-09,-4.66203377410724e-10,1.03752461402493e-08,-2.84352695693251e-07,5.83403063837105e-06,1.47793781624613e-06,-2.46912802774381e-07,1.3766936012308e-08,-1.51068627148279e-05,2.30689620432432e-05,7.56063594080207e-07
"midlands","beta11",4.10151477745961e-08,-1.32307825391739e-08,1.5484528511041e-07,2.50706405560204e-08,3.81370757470033e-08,-3.45120092004442e-07,5.81491578683316e-07,-2.64733248699139e-07,1.10335189568122e-07,-1.08847425011787e-07,7.82705872501221e-08,-9.31814815220051e-09,3.62079342542649e-08,-1.19109388188819e-07,5.77235902466515e-09,-1.51910688169433e-09,-1.63499615301167e-09,-1.61917253370272e-08,3.81372029373573e-08,-1.3963751771482e-07,3.00073665994564e-07,-1.27067541274856e-07,6.83197462979938e-07,9.41233361697867e-07,1.37317450257351e-06,2.0106177642021e-08,2.76288622961976e-07,4.78068444939605e-08,4.35311152256071e-08,2.91653266391533e-07,-5.57956571149538e-07,-1.27430618232913e-07,5.02534911508815e-08,1.43919029734986e-06,-8.42470734876337e-09,2.64407628086964e-09,2.23665346059068e-09,-2.42655979142202e-09,7.62937912025514e-09,6.23848607012961e-09,-2.04715243999814e-10,-5.32378512374041e-09,2.54767257230651e-09,-6.22437919987786e-09,1.18680948606862e-06,-3.31059359330702e-06,-7.80637735374173e-07,4.21761667012459e-07,-1.47119614549835e-08,1.51015496503543e-05,8.02252387377447e-06,-4.11062991122884e-07
"midlands","beta12",-2.58489174604068e-08,-4.34590592863987e-07,-1.63292437536019e-07,-8.05620624275044e-08,-4.68356231752507e-08,1.04428068686232e-07,-2.64733248699139e-07,2.78900935122048e-07,-1.74529543668022e-07,1.81281881816873e-07,-6.7004623169857e-08,1.85287131407059e-08,-1.40023696932041e-08,5.91170870998241e-08,-7.38341123473221e-09,6.48458769526662e-09,3.99073402297569e-09,2.84393959418804e-08,-3.61586903296238e-08,8.82813046871684e-08,-1.02014645581714e-07,4.9128430481201e-07,3.15920678183866e-07,-1.18064703801333e-06,-9.1224883245805e-09,1.35685181543447e-06,-7.58524345782064e-07,2.55966951498269e-07,-5.4702639843263e-08,-9.97499420896082e-07,2.0821467768786e-07,-1.26993507183317e-07,6.25339135279442e-08,-1.34772712557401e-06,4.74158141457294e-09,2.03326992686629e-09,7.91040831288613e-10,2.57260406857803e-09,-1.26785304591536e-09,1.20605482878968e-10,6.16776892791309e-09,3.25613566258174e-09,-5.18477187857802e-10,3.91678194472521e-09,-4.00628878101242e-08,1.74088006333842e-06,2.55842315951844e-06,1.42250893272495e-07,4.45343275627836e-09,1.05064498725357e-06,-2.71766776694442e-05,-2.49769018206509e-08
"midlands","beta13",-7.59062188507466e-08,4.70415927568978e-07,-8.07749183843103e-08,3.34767764359274e-08,-8.39010753337054e-09,-4.45941014688752e-08,1.10335189568122e-07,-1.74529543668022e-07,2.03527317942501e-07,-2.66877903127658e-07,1.35362445966068e-07,-2.02530575686633e-08,8.83165366945440e-09,-2.05549828302714e-08,1.26373594627251e-10,2.15265622333583e-09,1.68527097538708e-09,-1.0314796612516e-08,2.58763882112547e-08,-5.22097854573001e-08,5.79915328275781e-08,-4.65695756217772e-07,3.400956182982e-07,1.62793089310656e-07,2.67271290045e-06,-4.42033654433566e-07,2.93176387421627e-07,-3.63022236828467e-07,-5.77271169543427e-09,-1.78977475907372e-07,-4.82825490924258e-07,2.53974173892566e-07,-4.73567633194111e-08,1.02277281536887e-06,-6.36282818222883e-10,5.08862062702112e-10,4.54282604732993e-09,-3.97583006008815e-10,1.06001291410809e-09,1.40312751784618e-10,-2.78235513929955e-09,1.08147518936735e-09,1.60908432127605e-09,-1.93482721149048e-09,-9.18209571371045e-07,-3.42593491458679e-07,-7.51633854014673e-07,-4.15371947608685e-07,8.64358044213641e-09,3.93816515212414e-05,-6.58157805605015e-06,5.24040856303718e-07
"midlands","beta14",-1.56777174310622e-07,-1.18254531045266e-06,3.52216589454491e-07,1.2821878555773e-07,4.93763591608001e-08,8.03090571052546e-08,-1.08847425011787e-07,1.81281881816873e-07,-2.66877903127658e-07,6.58138885343399e-07,-4.31161180081812e-07,4.67647823242637e-08,-3.37807113819384e-08,1.21185140161542e-07,-2.88402884738618e-08,2.27696725180495e-08,-2.15359582603468e-08,1.63549706381841e-08,-2.44981643857942e-08,8.16158096498366e-08,-6.89097090606753e-08,2.57764293610376e-07,-1.99425343160472e-07,-9.49296603281169e-08,-3.87805937414256e-06,1.21021255884879e-06,8.81077743445064e-07,1.30094081975232e-07,6.44170107634258e-08,-4.94481084455063e-07,1.46057205370037e-07,-3.49227882350136e-07,5.28469961303382e-08,4.47709961018111e-07,1.07881864715331e-09,5.74358588515735e-09,3.37055388256805e-09,8.45774430386980e-09,7.57906320807244e-09,1.49435206466186e-09,8.22825532963292e-09,4.28619763569432e-09,-9.0268224672461e-10,6.08287613332327e-09,3.35441741593667e-06,-1.28086885297108e-06,-3.87458205171037e-07,1.8864474383033e-06,-7.13147702892846e-09,2.19647551170744e-05,1.69214609882089e-05,1.03856913205451e-07
"midlands","beta15",-2.14595431849189e-07,-7.71172887698635e-07,-2.85113956004869e-07,-3.80629952463286e-07,1.26563773944309e-07,-3.66380907951881e-08,7.82705872501221e-08,-6.7004623169857e-08,1.35362445966068e-07,-4.31161180081812e-07,6.67908678583105e-07,-3.92370232951387e-08,1.23536256522133e-07,-3.64072292316451e-07,2.32468499404414e-08,-5.36326981337579e-09,6.29904899616019e-09,3.2649368028731e-08,-2.50074223191766e-08,-1.67433610787502e-09,4.22933481512932e-08,7.59710134851316e-07,1.08165404744227e-06,6.28069384454078e-07,2.43484280915209e-06,-6.8976578783311e-08,1.44971881009224e-06,-8.09349184042332e-07,9.48667222899197e-08,-7.70091480124671e-07,-1.17523793507619e-06,3.58934269496931e-08,3.45241286025955e-08,-4.29775192493554e-07,4.2225104942681e-09,1.19852920304617e-08,-3.02033785592071e-10,1.18228989125514e-09,-3.09308154542196e-09,2.32361311872105e-09,3.39505803109192e-09,-1.96998535016774e-09,3.12069166231371e-09,-1.92658888759206e-10,-3.48335269861798e-06,-3.84950632306257e-07,2.02057492212156e-07,-2.2828227597199e-06,7.99355316589369e-09,-7.4544771426844e-05,2.46967780296137e-05,-1.85723391815966e-06
"midlands","beta16",-3.12145496263471e-08,-7.07787018512662e-07,-3.32837737361768e-08,-3.19633033336983e-08,-2.1670659849539e-08,7.328900193192e-09,-9.31814815220051e-09,1.85287131407059e-08,-2.02530575686633e-08,4.67647823242637e-08,-3.92370232951387e-08,5.13284746258319e-08,-1.03343805029696e-08,4.10470077822623e-08,-1.8666000935313e-09,2.99243761518517e-10,2.33436801287799e-09,3.93011792860386e-09,4.46544592301836e-10,1.21887192353621e-08,-3.65099099924616e-09,-1.9329268291289e-07,8.86645954876514e-09,-6.72765736756915e-07,1.15299022307745e-06,1.06927547587347e-06,-1.56466710995637e-06,9.07535545649534e-08,-8.43944739692468e-08,-3.24627152575966e-07,-1.42310364888701e-07,-9.04595583646848e-08,1.29063604677569e-11,4.72477097727088e-07,1.11370691368076e-09,5.04810232188862e-10,1.2432605361693e-09,6.22329783395778e-10,1.3465355182723e-09,1.70176335346156e-09,8.34056033192547e-10,1.55754711609234e-09,1.40415169687983e-10,1.82217462997253e-09,-5.64605554078239e-08,1.76295933808304e-06,5.61327245749109e-07,-1.89688943943731e-07,-3.89852483624164e-09,-8.66694319101948e-05,-1.23533801629366e-05,-1.343677546446e-06
"midlands","beta17",5.07782539660351e-08,-7.7895076900156e-07,-1.21123362402615e-07,-1.19173794471972e-07,8.55708881337325e-08,-1.72066634662109e-08,3.62079342542649e-08,-1.40023696932041e-08,8.83165366945440e-09,-3.37807113819384e-08,1.23536256522133e-07,-1.03343805029696e-08,1.01251275509635e-07,-1.41496875805493e-07,5.30892445071331e-09,-1.75208333601765e-09,1.13527033231926e-09,1.01019119584484e-08,8.20512132633324e-09,-1.40396301407542e-08,1.678619395072e-08,4.83327543236473e-07,2.40933413941895e-07,6.37875258687533e-07,-3.47600079302044e-06,1.71669346365161e-06,1.77444968249101e-06,-4.01511630108986e-07,3.90620924856113e-08,-4.16895153176777e-07,-4.0180842111827e-07,-2.04202565022371e-08,5.10863756326255e-08,-2.72028193399742e-07,2.10068852820967e-09,5.51226310450176e-09,1.47029974262565e-10,4.79632124154619e-10,1.79771827357372e-09,2.99378923632155e-09,2.91815379145542e-10,-9.407079925754e-10,9.81383636786505e-10,-1.34617429166097e-09,-1.87568661779911e-07,2.72782954109774e-07,-1.01449434107451e-07,2.82893116376578e-07,-3.59800651726262e-09,-9.79193604770233e-05,2.2211200829202e-05,-1.55642797764749e-06
"midlands","beta2",1.2602384632861e-06,-5.82133205580832e-07,1.98519408309453e-07,3.6488955216728e-07,-2.41217922433476e-06,1.80306880058125e-09,-1.19109388188819e-07,5.91170870998241e-08,-2.05549828302714e-08,1.21185140161542e-07,-3.64072292316451e-07,4.10470077822623e-08,-1.41496875805493e-07,8.44850085795575e-06,-6.14872789852757e-07,2.26618306119783e-07,-1.36535084450507e-07,-3.33200276547763e-08,1.76846398922399e-07,-2.33836218543701e-07,1.3447382449369e-07,-2.12290938938026e-06,-5.08484096247244e-06,-1.01668561899554e-05,-3.14410871373771e-05,-4.92565329226852e-06,3.46630690680846e-06,4.46923292580461e-06,-9.28722667527293e-07,2.35803109382144e-07,2.18748743915297e-06,-3.98635916784597e-06,-1.38915925091565e-07,-1.1044291208008e-05,5.20398875709475e-09,-1.13000660094918e-08,3.08572186919661e-08,-5.25220462451308e-09,-1.17643028173389e-08,-5.29469838504096e-08,-7.67218467924547e-09,7.01563111111574e-10,-1.66151664942786e-09,-4.29827810929059e-08,8.91108498695944e-06,3.57378292216731e-05,4.39791688515917e-06,1.36879353365809e-05,-5.10515287292597e-08,1.02826928073814e-05,-0.000579758135275591,1.48851992372085e-06
"midlands","beta3",6.74789201929099e-08,-8.76145855420763e-07,1.02588977612656e-07,-2.62990454120525e-08,8.84994135018211e-08,-1.80895104717202e-08,5.77235902466515e-09,-7.38341123473221e-09,1.26373594627251e-10,-2.88402884738618e-08,2.32468499404414e-08,-1.8666000935313e-09,5.30892445071331e-09,-6.14872789852757e-07,1.31286502329462e-07,-8.71813388835721e-08,7.71398162131255e-08,-4.73518707259593e-08,1.41291537585959e-08,-1.13322511744191e-08,4.0541256344799e-09,-5.50500055916723e-07,-9.40083353685253e-08,-2.05031412468096e-08,-2.55059271242218e-07,4.39377481817703e-07,-8.36607895190842e-08,1.50612077826209e-07,1.55457881407338e-09,3.0907670053806e-07,4.83323247361606e-07,2.41557334091788e-07,-2.37407982864382e-08,1.39935579227201e-06,-1.46367835315131e-09,-1.1782461864692e-09,-7.33640831650427e-10,-9.25766698459286e-10,9.10388831890407e-10,1.45525337138314e-09,-2.83657712236353e-09,5.64181353744249e-10,1.11894038722006e-09,-1.67999027364649e-10,-1.55153935986374e-06,-7.19945591564206e-07,-1.47264497004843e-07,-1.22245088975208e-06,-2.01377846171792e-09,-1.37643221940087e-05,2.53915066429073e-05,-2.45721534090595e-07
"midlands","beta4",-1.11655524678501e-07,1.87535469920744e-07,-2.2484750814362e-08,-8.64597890029743e-09,-5.61303531687861e-09,2.05961985213849e-08,-1.51910688169433e-09,6.48458769526662e-09,2.15265622333583e-09,2.27696725180495e-08,-5.36326981337579e-09,2.99243761518517e-10,-1.75208333601765e-09,2.26618306119783e-07,-8.71813388835721e-08,8.09423019054146e-08,-9.30367073277567e-08,6.86992709779119e-08,-3.63699041980977e-08,3.83422191179686e-08,-1.31806085723267e-08,1.09731969348662e-08,1.14245667693963e-07,-3.47792504283865e-07,1.20772603225739e-06,3.77369469140882e-07,-4.73173656072375e-07,-1.68337442860777e-07,-5.68856518645744e-08,-4.81627507436432e-07,-3.31749606888084e-07,-2.41917629281103e-08,1.77041296164588e-08,-3.03166918037894e-07,1.36934115907826e-09,2.62032348122566e-09,1.61448860737968e-09,1.41413445417689e-09,6.68692846970669e-10,4.10675101504976e-10,3.78983884330091e-09,1.44236066579015e-10,-5.99417099894736e-10,2.4622729132962e-09,6.91521487337572e-07,9.82146421720796e-07,3.27635864737128e-07,8.75635123603918e-07,4.58894416240655e-09,1.96572693577255e-05,-5.25271781268734e-06,3.14237148035542e-07
"midlands","beta5",1.84759224163685e-07,5.08096408474324e-08,1.04840236223737e-08,-3.55532519090445e-08,-2.92245685550037e-08,-1.56057447884196e-08,-1.63499615301167e-09,3.99073402297569e-09,1.68527097538708e-09,-2.15359582603468e-08,6.29904899616019e-09,2.33436801287799e-09,1.13527033231926e-09,-1.36535084450507e-07,7.71398162131255e-08,-9.30367073277567e-08,1.97110361793666e-07,-2.17949900297729e-07,1.32758121620574e-07,-9.1913906682109e-08,2.89929697824719e-08,8.00374549324724e-08,-2.05168630937678e-07,-6.48986036364222e-09,-3.82046631988786e-06,-1.18828857906206e-06,2.36189872553932e-06,2.17600035044711e-07,6.61454275941449e-08,-3.91519417397191e-07,6.13675338697e-07,2.55660302991268e-08,2.4790385953029e-08,2.90155427907179e-07,6.15346090064364e-10,1.15664638682452e-09,3.40916487309058e-09,1.81738467804902e-09,3.46853209478489e-09,2.60462379652405e-09,-2.89994837130393e-09,1.98879343029738e-09,8.42470999526608e-10,-1.64593485060433e-09,-1.49967358354719e-06,2.30902710079691e-08,1.17115759311711e-06,-1.29221493582913e-06,-1.3496999180133e-08,-2.39901759846603e-05,-1.63061533041197e-05,-1.47644454594985e-07
"midlands","beta6",-1.85608066413385e-07,-7.30758093161928e-07,-1.34523153814696e-07,1.6518897858498e-07,4.5123077023082e-08,2.6881409508674e-08,-1.61917253370272e-08,2.84393959418804e-08,-1.0314796612516e-08,1.63549706381841e-08,3.2649368028731e-08,3.93011792860386e-09,1.01019119584484e-08,-3.33200276547763e-08,-4.73518707259593e-08,6.86992709779119e-08,-2.17949900297729e-07,4.50709511616659e-07,-3.76616374976894e-07,2.69326201415982e-07,-5.75762878025458e-08,5.06982967924958e-07,8.24397232908369e-07,-1.4273169138101e-07,4.73975946895167e-06,8.97121897682144e-07,-3.49746395702421e-06,-3.61735049695838e-07,-1.49141294588083e-07,-1.92531412961989e-07,-1.09591340159295e-06,6.47736983097983e-08,-6.08799781104551e-08,-7.67516632046013e-07,1.60092933446562e-09,-2.23652587710749e-09,-6.67681392873907e-09,-2.00476636813692e-09,-1.38508013196047e-09,-3.2791601166064e-09,5.27383253630001e-09,-2.22766873288478e-09,1.68231654590975e-09,2.51546563225223e-09,1.74795345320318e-06,-5.13659433917207e-07,6.56110804863659e-07,2.79838616708257e-06,1.64428240505907e-08,1.01038978069428e-05,7.71058009026735e-06,-1.13314246610924e-07
"midlands","beta7",1.89342552683269e-07,1.25941222102412e-07,1.47829056464687e-07,-4.47803225057803e-09,-5.25254147222678e-08,-4.98025539104501e-08,3.81372029373573e-08,-3.61586903296238e-08,2.58763882112547e-08,-2.44981643857942e-08,-2.50074223191766e-08,4.46544592301836e-10,8.20512132633324e-09,1.76846398922399e-07,1.41291537585959e-08,-3.63699041980977e-08,1.32758121620574e-07,-3.76616374976894e-07,4.99613448159733e-07,-4.99591222148199e-07,1.30509291996137e-07,-2.87942557220847e-07,-6.63052786834035e-07,-2.28883833658789e-07,-4.12885120662339e-06,-3.0263269120477e-07,3.69950340796761e-06,3.22246563025976e-07,1.26013051161162e-07,-3.2192406111275e-07,8.1927716535008e-07,-3.13346517760331e-07,3.80455379230764e-09,5.40379062593838e-08,-1.15931840760547e-09,5.77788909129818e-09,6.46782908632859e-09,2.71307955356229e-09,2.61633206814989e-09,5.43587732398687e-09,1.00090365978785e-09,3.09193617271832e-09,-1.48854367938219e-10,8.479789282359e-11,-6.35475524008917e-07,2.48790542309465e-06,9.14782341510101e-07,-6.11342932743338e-07,-2.21447994844525e-08,-2.30407359834048e-05,-1.28839913255298e-05,-7.46457217348515e-08
"midlands","beta8",-2.77005212654492e-07,-7.85052775858867e-07,-5.36357678300680e-09,-9.29409732384695e-09,8.97033463245801e-08,2.13052070317693e-07,-1.3963751771482e-07,8.82813046871684e-08,-5.22097854573001e-08,8.16158096498366e-08,-1.67433610787502e-09,1.21887192353621e-08,-1.40396301407542e-08,-2.33836218543701e-07,-1.13322511744191e-08,3.83422191179686e-08,-9.1913906682109e-08,2.69326201415982e-07,-4.99591222148199e-07,8.20663920826965e-07,-4.20811653924408e-07,-7.55703302378814e-08,1.28014958849691e-06,-1.17264605033921e-06,5.48389826350583e-06,2.44319759885038e-06,-4.39241240182434e-06,-1.89488269731644e-07,-9.77116027660378e-08,-1.2586587094118e-06,-7.82789099854302e-07,1.44217650653826e-07,1.67062500742372e-07,-3.0498281013273e-07,7.75650414329516e-09,1.76909589069782e-09,5.08563109706021e-09,6.20117447552163e-09,-3.53081682798632e-09,-3.17963790461517e-09,-1.51887832633649e-09,9.03893277850837e-10,-1.42590641085505e-09,7.03568275895146e-09,-1.11274407205516e-06,1.52108628506472e-06,1.92722673234724e-06,-3.28801226356873e-06,2.6004668871385e-08,1.05247923345154e-05,9.16468094302648e-06,4.08107336548415e-07
"midlands","beta9",1.14129843922629e-07,1.10880076905603e-06,-1.65216864817417e-07,-1.1938823734379e-07,-1.22220597455817e-07,-3.58116724163243e-07,3.00073665994564e-07,-1.02014645581714e-07,5.79915328275781e-08,-6.89097090606753e-08,4.22933481512932e-08,-3.65099099924616e-09,1.678619395072e-08,1.3447382449369e-07,4.0541256344799e-09,-1.31806085723267e-08,2.89929697824719e-08,-5.75762878025458e-08,1.30509291996137e-07,-4.20811653924408e-07,5.30489179989235e-07,6.34616722806661e-07,2.27306005920777e-07,9.41150133090928e-07,-1.11501237813205e-06,-6.41336250017668e-07,1.79563630354304e-06,-7.34117905978014e-08,7.69943061567543e-08,5.72232892278828e-07,-6.57215836395742e-07,-1.8505733790191e-07,-7.76210323579912e-08,1.14900066073492e-06,-9.92865259116573e-09,-8.86631765330873e-10,-2.01691961453878e-09,-6.92648321855413e-09,4.98350290695347e-09,1.86255479141387e-09,-1.49756203332339e-09,-2.65858975311998e-09,2.61996279926776e-09,-8.92388832758289e-09,3.76938817482111e-07,-2.61089233108418e-06,-1.10510539757281e-06,1.93564643047336e-06,-1.23819842443508e-08,6.2484491398027e-06,-4.38651490497977e-05,-4.6793884209904e-07
"midlands","mu_D",8.89180430935959e-07,3.06886722053799e-05,2.49493022294761e-06,-5.03371769464654e-07,6.55143262199867e-07,-2.84182417909814e-08,-1.27067541274856e-07,4.9128430481201e-07,-4.65695756217772e-07,2.57764293610376e-07,7.59710134851316e-07,-1.9329268291289e-07,4.83327543236473e-07,-2.12290938938026e-06,-5.50500055916723e-07,1.09731969348662e-08,8.00374549324724e-08,5.06982967924958e-07,-2.87942557220847e-07,-7.55703302378814e-08,6.34616722806661e-07,0.000207659977169417,5.38768055907375e-05,8.55533765868689e-05,5.68497926429817e-05,-3.90733630966845e-05,4.61627956281524e-05,-1.56732513106849e-05,6.92727054399434e-06,9.04484148940687e-07,-8.7666843058597e-05,9.0603966061064e-06,-4.03538073501063e-07,-5.008973425454e-05,5.44136440885521e-08,1.40993989034786e-08,-1.53718409815781e-07,3.25676553820852e-08,-1.66219362849313e-07,7.49147076620672e-08,-1.14426350316423e-08,1.95737628774421e-08,4.92338499948738e-08,1.01867990394256e-07,-6.671743190147e-06,-0.000131968860831009,1.28279000741157e-06,-1.06703201565905e-06,2.20840086663934e-08,-0.00042720160314769,-0.00022259240595379,-5.58933499269119e-06
"midlands","mu_D_2",-1.13062927058199e-06,-1.62814144452395e-06,5.97430566439155e-06,-1.36508850742379e-06,2.41731116407928e-06,-8.52649462558236e-07,6.83197462979938e-07,3.15920678183866e-07,3.400956182982e-07,-1.99425343160472e-07,1.08165404744227e-06,8.86645954876514e-09,2.40933413941895e-07,-5.08484096247244e-06,-9.40083353685253e-08,1.14245667693963e-07,-2.05168630937678e-07,8.24397232908369e-07,-6.63052786834035e-07,1.28014958849691e-06,2.27306005920777e-07,5.38768055907375e-05,0.000178247664813404,0.000108865773936035,0.000292512520948211,0.000124202538823295,-5.99237682398911e-05,-2.23572716136747e-05,2.424679653305e-05,-9.96843020413251e-06,-0.000110595705811085,-5.09244965139367e-06,4.1322482879954e-06,-3.52615693003241e-05,2.35466482229776e-08,-1.01369903284739e-08,7.06863318518545e-09,6.94143290975383e-08,-5.8601017193033e-08,1.23204461934366e-08,-6.62548784036029e-08,-1.05526695466394e-07,1.96545545117865e-08,1.64464499092731e-07,-3.1358647413579e-05,-0.000363410033617331,2.64595553445093e-05,-7.92055925204321e-05,-1.48995180976005e-08,0.000978406182734448,0.000345115781123596,1.67139229283504e-06
"midlands","mu_D_3",-5.84369980005623e-06,5.61144944139365e-05,-3.12418218823358e-06,7.89058860688658e-06,7.15750656273826e-06,-1.36163800217098e-06,9.41233361697867e-07,-1.18064703801333e-06,1.62793089310656e-07,-9.49296603281169e-08,6.28069384454078e-07,-6.72765736756915e-07,6.37875258687533e-07,-1.01668561899554e-05,-2.05031412468096e-08,-3.47792504283865e-07,-6.48986036364222e-09,-1.4273169138101e-07,-2.28883833658789e-07,-1.17264605033921e-06,9.41150133090928e-07,8.55533765868689e-05,0.000108865773936035,0.000672623481267208,0.000227200895285543,-0.000330822399450053,9.05439527086026e-05,-6.05469327905305e-05,9.77374785574515e-05,4.81637220596626e-05,-9.45235031833828e-05,8.54945795651982e-06,6.81361941968216e-06,-5.43266852494454e-05,-1.12172582916375e-07,-8.01860105214549e-08,-4.9369114676345e-07,-8.05454786674725e-08,-3.82873923713634e-07,-1.50519908048174e-07,-1.43700364634616e-07,-1.66683371564836e-07,-7.09595483911716e-08,2.33013937621863e-08,2.21796281899992e-05,-0.00180162836393992,-4.32260068831998e-05,-0.000133211425871959,1.37527968291963e-07,0.000604464886161077,0.00276881282331714,-1.43671825808659e-05
"midlands","mu_D_4",-2.51607735295202e-05,0.000226435583891597,1.17446446952957e-05,8.30973042188245e-06,2.12778845313757e-05,-3.23985447093869e-06,1.37317450257351e-06,-9.1224883245805e-09,2.67271290045e-06,-3.87805937414256e-06,2.43484280915209e-06,1.15299022307745e-06,-3.47600079302044e-06,-3.14410871373771e-05,-2.55059271242218e-07,1.20772603225739e-06,-3.82046631988786e-06,4.73975946895167e-06,-4.12885120662339e-06,5.48389826350583e-06,-1.11501237813205e-06,5.68497926429817e-05,0.000292512520948211,0.000227200895285543,0.00366159257435576,0.000132507633825494,-0.00088347474524018,-5.47372368999844e-05,6.5679371155551e-05,1.34378827798593e-05,-0.000136058305361011,1.72466969900006e-05,2.52930938020667e-08,1.51457433940869e-05,-6.68633304043464e-07,-5.16391894989446e-07,-4.1671922781996e-07,-5.05826654836804e-07,5.74258709003961e-07,-9.77695609573213e-09,-7.85747094831238e-07,-5.41557221977448e-07,-1.42477863971707e-08,-1.59875300316695e-08,-0.000116552584505941,-0.00165503479981137,0.000151155942712102,-0.000316095942066995,1.85655162164025e-06,0.00342881438860249,0.00711357802120503,-4.13614941960647e-06
"midlands","mu_gamma_H",1.25858194413206e-05,-0.000193707657384224,1.73896878910837e-05,-2.61890796774757e-05,3.26522508442948e-06,1.26609350770351e-07,2.0106177642021e-08,1.35685181543447e-06,-4.42033654433566e-07,1.21021255884879e-06,-6.8976578783311e-08,1.06927547587347e-06,1.71669346365161e-06,-4.92565329226852e-06,4.39377481817703e-07,3.77369469140882e-07,-1.18828857906206e-06,8.97121897682144e-07,-3.0263269120477e-07,2.44319759885038e-06,-6.41336250017668e-07,-3.90733630966845e-05,0.000124202538823295,-0.000330822399450053,0.000132507633825494,0.00122394366594581,-0.000417584710492376,3.71814534702512e-05,-3.31253887758569e-05,-1.54268186592386e-05,-4.93399554241555e-05,-2.43649657043903e-05,5.02579695988025e-06,-4.39798197352488e-05,2.80434819390264e-08,2.37944244728528e-07,2.47865407531816e-07,1.96239372486948e-07,-3.87190066855947e-08,2.60643114743811e-07,6.65219032558178e-08,-1.47554256426136e-07,-7.55526902333139e-08,1.59674957779418e-07,-6.28824316370102e-05,0.000889934933421896,-7.268518268385e-05,0.000119218309476251,7.94639249105414e-08,-0.00267113567702637,0.000626845439068693,-5.00294212252935e-05
"midlands","mu_gamma_H_2",1.96930638978796e-06,-8.174116874063e-06,-1.33505929029394e-05,1.02429323325939e-05,-7.01660806726715e-07,5.77797638310559e-07,2.76288622961976e-07,-7.58524345782064e-07,2.93176387421627e-07,8.81077743445064e-07,1.44971881009224e-06,-1.56466710995637e-06,1.77444968249101e-06,3.46630690680846e-06,-8.36607895190842e-08,-4.73173656072375e-07,2.36189872553932e-06,-3.49746395702421e-06,3.69950340796761e-06,-4.39241240182434e-06,1.79563630354304e-06,4.61627956281524e-05,-5.99237682398911e-05,9.05439527086026e-05,-0.00088347474524018,-0.000417584710492376,0.00136031094023458,-1.68097986112954e-05,4.06223576868243e-06,-2.83766740404547e-05,-4.99574675437362e-06,3.05902997809864e-05,2.64304162496286e-06,6.2287272302364e-05,2.04403439285139e-07,1.71718819215892e-07,7.69588923707889e-09,3.03838037507987e-07,6.25915283089239e-08,8.79486095875929e-08,2.91328328310084e-07,5.64033523496943e-08,2.75532375880923e-08,-2.01780481408919e-07,0.000223900814020571,0.000173597350684173,-2.78463180347521e-05,-3.96431761901551e-05,-3.89586398936047e-07,-0.000966688927021488,-0.000546561647389875,2.93202453954417e-06
"midlands","p_G_D",5.90793385777736e-06,-4.56814033645292e-05,4.9923231006112e-06,9.45858359169036e-07,-2.19349578702369e-06,2.65401034196946e-08,4.78068444939605e-08,2.55966951498269e-07,-3.63022236828467e-07,1.30094081975232e-07,-8.09349184042332e-07,9.07535545649534e-08,-4.01511630108986e-07,4.46923292580461e-06,1.50612077826209e-07,-1.68337442860777e-07,2.17600035044711e-07,-3.61735049695838e-07,3.22246563025976e-07,-1.89488269731644e-07,-7.34117905978014e-08,-1.56732513106849e-05,-2.23572716136747e-05,-6.05469327905305e-05,-5.47372368999844e-05,3.71814534702512e-05,-1.68097986112954e-05,5.53225552468998e-05,-8.00550797566208e-06,4.89046358951954e-06,2.26895433019698e-05,-4.74666175872899e-06,-2.19488010057088e-06,6.56809546588946e-06,-5.62899183799007e-08,-5.2141599908888e-08,-1.82550921774112e-08,-2.82621526981759e-08,-3.14874253298158e-08,-6.10979420986479e-08,-2.78925870988729e-08,-2.80685493852571e-08,-3.44825637871474e-08,-3.7226596133894e-08,-2.41731295576977e-05,0.000179838253622377,-3.58394322535703e-06,4.04754050415298e-05,-2.14350727617386e-07,3.00379320752111e-05,-0.000620105772342844,4.00685583649019e-06
"midlands","p_G_D_2",-2.6059486838355e-07,2.48700596506261e-06,1.50690904999331e-07,2.02751083132773e-06,1.16405813591735e-06,-2.18503785505229e-07,4.35311152256071e-08,-5.4702639843263e-08,-5.77271169543427e-09,6.44170107634258e-08,9.48667222899197e-08,-8.43944739692468e-08,3.90620924856113e-08,-9.28722667527293e-07,1.55457881407338e-09,-5.68856518645744e-08,6.61454275941449e-08,-1.49141294588083e-07,1.26013051161162e-07,-9.77116027660378e-08,7.69943061567543e-08,6.92727054399434e-06,2.424679653305e-05,9.77374785574515e-05,6.5679371155551e-05,-3.31253887758569e-05,4.06223576868243e-06,-8.00550797566208e-06,2.58498911066259e-05,2.32681017756608e-06,-5.93063220477045e-06,-2.49015323435434e-06,1.53560814738561e-06,-1.58916862730366e-05,-1.65941610809723e-08,2.12382146824935e-08,-3.42659510311676e-08,2.66565461750118e-08,-5.17485845135918e-08,-1.68579541982717e-08,-1.36385995410819e-08,-1.39496757271847e-08,-9.85169311648852e-09,4.90122732303419e-08,2.14859288755046e-06,-0.000306425062514387,3.70064294753352e-06,-2.38487186095714e-05,-1.51244885712029e-08,0.000198738671049476,0.000469598201053729,3.80315430005256e-07
"midlands","p_H",2.49523232987052e-06,2.48054448146857e-05,-1.65794886112322e-06,-1.72635249702006e-06,-3.75434308062229e-07,-1.27015909046119e-06,2.91653266391533e-07,-9.97499420896082e-07,-1.78977475907372e-07,-4.94481084455063e-07,-7.70091480124671e-07,-3.24627152575966e-07,-4.16895153176777e-07,2.35803109382144e-07,3.0907670053806e-07,-4.81627507436432e-07,-3.91519417397191e-07,-1.92531412961989e-07,-3.2192406111275e-07,-1.2586587094118e-06,5.72232892278828e-07,9.04484148940687e-07,-9.96843020413251e-06,4.81637220596626e-05,1.34378827798593e-05,-1.54268186592386e-05,-2.83766740404547e-05,4.89046358951954e-06,2.32681017756608e-06,8.22977859101915e-05,-6.54029876839278e-06,4.29553664856482e-07,-4.9684442652283e-06,-4.21464087513872e-07,-1.64826975224025e-07,-3.22329641728054e-07,-2.75704617316007e-07,-2.00704104387004e-07,-2.35603879650165e-07,-1.7766922816309e-07,-2.32596104884235e-07,-1.41205240977112e-07,-6.97583727156011e-08,-1.83283277337711e-07,1.65984192393734e-05,-0.000118836536388398,-0.000165493118428552,2.86871312170192e-05,-2.72914780923269e-09,0.000349970500129876,0.000638882870366243,-8.13688351129522e-06
"midlands","p_H_D",3.60792562387953e-06,-1.39500256123617e-06,-9.50284667296904e-06,6.67694299566329e-06,-2.68786408807467e-06,1.44908149885857e-07,-5.57956571149538e-07,2.0821467768786e-07,-4.82825490924258e-07,1.46057205370037e-07,-1.17523793507619e-06,-1.42310364888701e-07,-4.0180842111827e-07,2.18748743915297e-06,4.83323247361606e-07,-3.31749606888084e-07,6.13675338697e-07,-1.09591340159295e-06,8.1927716535008e-07,-7.82789099854302e-07,-6.57215836395742e-07,-8.7666843058597e-05,-0.000110595705811085,-9.45235031833828e-05,-0.000136058305361011,-4.93399554241555e-05,-4.99574675437362e-06,2.26895433019698e-05,-5.93063220477045e-06,-6.54029876839278e-06,0.000178792244329267,-3.2818994600259e-06,-2.41497366163509e-06,-4.64003518727981e-05,-9.94931909240715e-08,-6.76513815156647e-08,-3.19379858242228e-08,-1.11781887914613e-07,7.27061231258639e-08,-5.5239138181138e-08,6.44928151227664e-08,6.30830152684828e-08,-6.13822733441089e-08,-1.45056475559074e-07,-1.04332224016927e-05,0.000151142591732044,4.80713750491339e-05,3.67640917803576e-05,-4.18914086828444e-08,6.69604315019614e-05,-0.000573823428152266,6.63196777026416e-06
"midlands","p_ICU",7.49284692523984e-07,5.39871473702492e-06,8.30489102962225e-07,1.19183998740807e-07,9.24090205170101e-07,-1.70360724184972e-07,-1.27430618232913e-07,-1.26993507183317e-07,2.53974173892566e-07,-3.49227882350136e-07,3.58934269496931e-08,-9.04595583646848e-08,-2.04202565022371e-08,-3.98635916784597e-06,2.41557334091788e-07,-2.41917629281103e-08,2.55660302991268e-08,6.47736983097983e-08,-3.13346517760331e-07,1.44217650653826e-07,-1.8505733790191e-07,9.0603966061064e-06,-5.09244965139367e-06,8.54945795651982e-06,1.72466969900006e-05,-2.43649657043903e-05,3.05902997809864e-05,-4.74666175872899e-06,-2.49015323435434e-06,4.29553664856482e-07,-3.2818994600259e-06,4.51381271182521e-05,-1.39661717651109e-06,5.41270874143602e-06,9.65552329015777e-10,1.00183282999356e-07,-4.92104052325951e-08,-4.54254954238863e-08,1.05646186508107e-07,1.15455697516252e-07,4.81338892128595e-08,2.68096280984437e-10,-1.27970130462495e-08,8.92008804977317e-09,4.69907720921043e-05,-1.5930183323525e-05,2.97606448723456e-06,2.12278796823788e-05,-6.49542528834279e-09,5.54877164668838e-05,0.000340179407037041,-7.71408797038184e-07
"midlands","p_ICU_2",2.59827139503909e-07,-4.85684322405067e-06,3.87895245392847e-07,-6.18437987329971e-07,2.33588722649611e-07,6.64206366179439e-08,5.02534911508815e-08,6.25339135279442e-08,-4.73567633194111e-08,5.28469961303382e-08,3.45241286025955e-08,1.29063604677569e-11,5.10863756326255e-08,-1.38915925091565e-07,-2.37407982864382e-08,1.77041296164588e-08,2.4790385953029e-08,-6.08799781104551e-08,3.80455379230764e-09,1.67062500742372e-07,-7.76210323579912e-08,-4.03538073501063e-07,4.1322482879954e-06,6.81361941968216e-06,2.52930938020667e-08,5.02579695988025e-06,2.64304162496286e-06,-2.19488010057088e-06,1.53560814738561e-06,-4.9684442652283e-06,-2.41497366163509e-06,-1.39661717651109e-06,6.37766953652228e-06,2.22987268163638e-07,8.52682292066992e-09,1.22091218735775e-08,-3.14151582984474e-08,9.21829756527097e-09,-3.26133399772254e-08,-2.44428877073702e-08,-1.94303936100063e-08,-1.77482074663547e-08,-2.59629180775845e-09,2.96125492774341e-08,1.09011574711957e-05,-1.65552393063883e-05,1.69629784085893e-05,-7.80205698730575e-05,3.52526496903328e-08,-9.75803076470927e-06,4.05533741508968e-05,-4.1568004230345e-07
"midlands","p_ICU_D",-9.01147106592409e-06,-5.75924062209748e-06,1.38483120649401e-05,-1.19349389343895e-06,2.54854089548048e-06,-1.23772287825046e-06,1.43919029734986e-06,-1.34772712557401e-06,1.02277281536887e-06,4.47709961018111e-07,-4.29775192493554e-07,4.72477097727088e-07,-2.72028193399742e-07,-1.1044291208008e-05,1.39935579227201e-06,-3.03166918037894e-07,2.90155427907179e-07,-7.67516632046013e-07,5.40379062593838e-08,-3.0498281013273e-07,1.14900066073492e-06,-5.008973425454e-05,-3.52615693003241e-05,-5.43266852494454e-05,1.51457433940869e-05,-4.39798197352488e-05,6.2287272302364e-05,6.56809546588946e-06,-1.58916862730366e-05,-4.21464087513872e-07,-4.64003518727981e-05,5.41270874143602e-06,2.22987268163638e-07,0.000770458355473072,-6.19854252815912e-08,-7.18601979983869e-09,3.2891914879669e-08,9.37118697182795e-08,-2.06294678490448e-08,2.83897236318001e-07,3.52905531733938e-08,-3.36374490083698e-08,2.13948688537802e-07,5.8464539666815e-08,-0.000176111960747489,7.16966197884231e-06,-7.0136832390894e-05,-5.29972069161179e-05,-1.54714687995574e-07,2.7238284919619e-05,0.000844006212535349,-4.9558751094983e-06
"midlands","p_NC_15_24",-2.4912131616162e-09,3.47071739393642e-08,1.03557614808461e-08,8.50507180430024e-10,-3.19552654359476e-09,1.10592674361096e-08,-8.42470734876337e-09,4.74158141457294e-09,-6.36282818222883e-10,1.07881864715331e-09,4.2225104942681e-09,1.11370691368076e-09,2.10068852820967e-09,5.20398875709475e-09,-1.46367835315131e-09,1.36934115907826e-09,6.15346090064364e-10,1.60092933446562e-09,-1.15931840760547e-09,7.75650414329516e-09,-9.92865259116573e-09,5.44136440885521e-08,2.35466482229776e-08,-1.12172582916375e-07,-6.68633304043464e-07,2.80434819390264e-08,2.04403439285139e-07,-5.62899183799007e-08,-1.65941610809723e-08,-1.64826975224025e-07,-9.94931909240715e-08,9.65552329015777e-10,8.52682292066992e-09,-6.19854252815912e-08,5.70931806518614e-09,2.01641178537694e-09,1.02917417659937e-09,1.10173728960994e-09,-1.47373281029302e-10,1.51702523480484e-09,1.3674633020366e-09,5.20686348291935e-10,3.30696581865529e-10,5.30334501909679e-10,-1.5795001443668e-08,4.50583885786774e-07,7.95580879925145e-08,9.90554540771072e-08,-1.13223472392284e-09,-2.17155210460418e-06,-2.80200769870365e-06,2.40884434795634e-08
"midlands","p_NC_25_49",-2.01174286015027e-09,-2.62161377862028e-07,-8.5190707768372e-09,-1.18935826838464e-09,7.79430333216903e-09,7.33360368123518e-09,2.64407628086964e-09,2.03326992686629e-09,5.08862062702112e-10,5.74358588515735e-09,1.19852920304617e-08,5.04810232188862e-10,5.51226310450176e-09,-1.13000660094918e-08,-1.1782461864692e-09,2.62032348122566e-09,1.15664638682452e-09,-2.23652587710749e-09,5.77788909129818e-09,1.76909589069782e-09,-8.86631765330873e-10,1.40993989034786e-08,-1.01369903284739e-08,-8.01860105214549e-08,-5.16391894989446e-07,2.37944244728528e-07,1.71718819215892e-07,-5.2141599908888e-08,2.12382146824935e-08,-3.22329641728054e-07,-6.76513815156647e-08,1.00183282999356e-07,1.22091218735775e-08,-7.18601979983869e-09,2.01641178537694e-09,1.31084964814207e-08,1.94846136763121e-09,1.30299503904481e-09,1.36160366423709e-09,1.94001210037044e-09,1.75672244457345e-09,1.51515553429201e-09,8.50870930737616e-10,1.60144598025267e-09,-1.80680395689734e-07,6.01246414372145e-07,1.40936834654894e-07,7.90570482520645e-07,-3.77916872476766e-09,-2.13218426009616e-07,-7.20952263805752e-07,5.63251901713816e-08
"midlands","p_NC_50_64",-4.96405198742516e-08,-2.02947707495768e-08,-1.01547795241132e-08,-6.53505316162614e-09,-1.33729675431681e-08,4.55319669069913e-09,2.23665346059068e-09,7.91040831288613e-10,4.54282604732993e-09,3.37055388256805e-09,-3.02033785592071e-10,1.2432605361693e-09,1.47029974262565e-10,3.08572186919661e-08,-7.33640831650427e-10,1.61448860737968e-09,3.40916487309058e-09,-6.67681392873907e-09,6.46782908632859e-09,5.08563109706021e-09,-2.01691961453878e-09,-1.53718409815781e-07,7.06863318518545e-09,-4.9369114676345e-07,-4.1671922781996e-07,2.47865407531816e-07,7.69588923707889e-09,-1.82550921774112e-08,-3.42659510311676e-08,-2.75704617316007e-07,-3.19379858242228e-08,-4.92104052325951e-08,-3.14151582984474e-08,3.2891914879669e-08,1.02917417659937e-09,1.94846136763121e-09,9.70521169745072e-09,1.3439656431028e-09,1.76134274809476e-09,1.08026678595508e-09,7.21378003737164e-10,1.81620237678111e-09,1.28633937989208e-09,8.75759194927549e-10,5.10630137446244e-08,9.40502994213377e-07,2.6816932942182e-08,3.93099525755984e-07,-1.3656589530824e-09,3.49051553656206e-06,-6.55562733456256e-06,1.31787629790979e-07
"midlands","p_NC_65_79",-3.47190346888567e-08,-9.30823269988346e-08,2.55903340417099e-08,-1.58122364517963e-09,1.13174972619739e-08,7.51347104226923e-09,-2.42655979142202e-09,2.57260406857803e-09,-3.97583006008815e-10,8.45774430386980e-09,1.18228989125514e-09,6.22329783395778e-10,4.79632124154619e-10,-5.25220462451308e-09,-9.25766698459286e-10,1.41413445417689e-09,1.81738467804902e-09,-2.00476636813692e-09,2.71307955356229e-09,6.20117447552163e-09,-6.92648321855413e-09,3.25676553820852e-08,6.94143290975383e-08,-8.05454786674725e-08,-5.05826654836804e-07,1.96239372486948e-07,3.03838037507987e-07,-2.82621526981759e-08,2.66565461750118e-08,-2.00704104387004e-07,-1.11781887914613e-07,-4.54254954238863e-08,9.21829756527097e-09,9.37118697182795e-08,1.10173728960994e-09,1.30299503904481e-09,1.3439656431028e-09,4.0540325539194e-09,6.42645503916987e-10,1.34485228022476e-09,7.04123743881348e-10,1.4617040440852e-09,2.73621355626405e-10,1.00468904805003e-09,-1.1498320661125e-07,2.77277321281135e-07,-1.74682801594245e-08,1.79105374249584e-07,-1.08750178011238e-09,3.82042009295332e-06,2.40820127980164e-06,9.23935533066296e-08
"midlands","p_NC_80_plus",-8.59724274046496e-09,-1.90417323712409e-07,-2.39415299899049e-08,1.58426099167868e-09,1.34803419324157e-08,3.31489582189922e-10,7.62937912025514e-09,-1.26785304591536e-09,1.06001291410809e-09,7.57906320807244e-09,-3.09308154542196e-09,1.3465355182723e-09,1.79771827357372e-09,-1.17643028173389e-08,9.10388831890407e-10,6.68692846970669e-10,3.46853209478489e-09,-1.38508013196047e-09,2.61633206814989e-09,-3.53081682798632e-09,4.98350290695347e-09,-1.66219362849313e-07,-5.8601017193033e-08,-3.82873923713634e-07,5.74258709003961e-07,-3.87190066855947e-08,6.25915283089239e-08,-3.14874253298158e-08,-5.17485845135918e-08,-2.35603879650165e-07,7.27061231258639e-08,1.05646186508107e-07,-3.26133399772254e-08,-2.06294678490448e-08,-1.47373281029302e-10,1.36160366423709e-09,1.76134274809476e-09,6.42645503916987e-10,1.21390492108564e-08,5.61182032557168e-10,1.23346562019846e-09,5.74898309939765e-10,4.86769270821742e-10,6.99112942271093e-10,2.3563400145112e-07,6.36662076456396e-07,1.5258168334383e-07,9.9964227381495e-07,-5.99516614524364e-10,-1.57442744902679e-06,3.28267776385172e-06,3.61032550764988e-08
"midlands","p_NC_weekend_15_24",-1.80945152243011e-08,-1.8472844264777e-08,2.7150767409399e-09,1.04536865667986e-08,3.2379493698782e-08,-1.22211165635081e-09,6.23848607012961e-09,1.20605482878968e-10,1.40312751784618e-10,1.49435206466186e-09,2.32361311872105e-09,1.70176335346156e-09,2.99378923632155e-09,-5.29469838504096e-08,1.45525337138314e-09,4.10675101504976e-10,2.60462379652405e-09,-3.2791601166064e-09,5.43587732398687e-09,-3.17963790461517e-09,1.86255479141387e-09,7.49147076620672e-08,1.23204461934366e-08,-1.50519908048174e-07,-9.77695609573213e-09,2.60643114743811e-07,8.79486095875929e-08,-6.10979420986479e-08,-1.68579541982717e-08,-1.7766922816309e-07,-5.5239138181138e-08,1.15455697516252e-07,-2.44428877073702e-08,2.83897236318001e-07,1.51702523480484e-09,1.94001210037044e-09,1.08026678595508e-09,1.34485228022476e-09,5.61182032557168e-10,5.03434894797877e-09,1.05820449017693e-09,6.35038014451459e-10,3.98226113869569e-10,9.74764104375022e-10,-1.29815706050692e-07,5.76755848342841e-07,-1.30493939958946e-08,3.99348549047996e-07,-1.42256589637834e-09,-4.26320029421219e-06,9.3067079137617e-06,-2.55035065920672e-08
"midlands","p_NC_weekend_25_49",-2.88731186338992e-08,-1.08746608216708e-07,-2.76069139154295e-08,-4.39951034490274e-09,4.21724994579065e-09,5.71772174902846e-09,-2.04715243999814e-10,6.16776892791309e-09,-2.78235513929955e-09,8.22825532963292e-09,3.39505803109192e-09,8.34056033192547e-10,2.91815379145542e-10,-7.67218467924547e-09,-2.83657712236353e-09,3.78983884330091e-09,-2.89994837130393e-09,5.27383253630001e-09,1.00090365978785e-09,-1.51887832633649e-09,-1.49756203332339e-09,-1.14426350316423e-08,-6.62548784036029e-08,-1.43700364634616e-07,-7.85747094831238e-07,6.65219032558178e-08,2.91328328310084e-07,-2.78925870988729e-08,-1.36385995410819e-08,-2.32596104884235e-07,6.44928151227664e-08,4.81338892128595e-08,-1.94303936100063e-08,3.52905531733938e-08,1.3674633020366e-09,1.75672244457345e-09,7.21378003737164e-10,7.04123743881348e-10,1.23346562019846e-09,1.05820449017693e-09,6.33656265424362e-09,1.53808830100212e-09,1.34668940544921e-10,4.03280628182575e-10,1.76327825158862e-07,2.48168325029591e-07,9.79305221198146e-08,5.57903739889151e-07,9.39233012641868e-10,4.9807047860475e-06,-9.42073357974133e-07,9.89036629173364e-08
"midlands","p_NC_weekend_50_64",-2.11367434718826e-08,4.41027979781513e-08,7.49790735673566e-09,5.64746127573453e-09,-9.24187909682551e-09,6.28045758167023e-09,-5.32378512374041e-09,3.25613566258174e-09,1.08147518936735e-09,4.28619763569432e-09,-1.96998535016774e-09,1.55754711609234e-09,-9.407079925754e-10,7.01563111111574e-10,5.64181353744249e-10,1.44236066579015e-10,1.98879343029738e-09,-2.22766873288478e-09,3.09193617271832e-09,9.03893277850837e-10,-2.65858975311998e-09,1.95737628774421e-08,-1.05526695466394e-07,-1.66683371564836e-07,-5.41557221977448e-07,-1.47554256426136e-07,5.64033523496943e-08,-2.80685493852571e-08,-1.39496757271847e-08,-1.41205240977112e-07,6.30830152684828e-08,2.68096280984437e-10,-1.77482074663547e-08,-3.36374490083698e-08,5.20686348291935e-10,1.51515553429201e-09,1.81620237678111e-09,1.4617040440852e-09,5.74898309939765e-10,6.35038014451459e-10,1.53808830100212e-09,3.53701253073903e-09,2.77559976848142e-10,1.4573978177446e-10,-1.17828966291545e-07,3.33387458772435e-07,-5.56340480315075e-08,3.84665088005987e-07,6.61899445464542e-11,2.02783424957576e-06,-4.87934793678452e-06,7.10047386366362e-08
"midlands","p_NC_weekend_65_79",-1.0910689043903e-08,-1.58791531727533e-08,-2.70666100580895e-09,-1.41820361759563e-08,2.4722819060125e-09,-4.66203377410724e-10,2.54767257230651e-09,-5.18477187857802e-10,1.60908432127605e-09,-9.0268224672461e-10,3.12069166231371e-09,1.40415169687983e-10,9.81383636786505e-10,-1.66151664942786e-09,1.11894038722006e-09,-5.99417099894736e-10,8.42470999526608e-10,1.68231654590975e-09,-1.48854367938219e-10,-1.42590641085505e-09,2.61996279926776e-09,4.92338499948738e-08,1.96545545117865e-08,-7.09595483911716e-08,-1.42477863971707e-08,-7.55526902333139e-08,2.75532375880923e-08,-3.44825637871474e-08,-9.85169311648852e-09,-6.97583727156011e-08,-6.13822733441089e-08,-1.27970130462495e-08,-2.59629180775845e-09,2.13948688537802e-07,3.30696581865529e-10,8.50870930737616e-10,1.28633937989208e-09,2.73621355626405e-10,4.86769270821742e-10,3.98226113869569e-10,1.34668940544921e-10,2.77559976848142e-10,1.7021197496333e-09,3.33223725202208e-10,-5.86085907123422e-08,-6.29170534939427e-08,3.17907211530656e-08,-7.50100729437663e-08,-1.82468867312226e-10,-9.42145985557899e-07,4.27191446218439e-07,8.31438304447138e-09
"midlands","p_NC_weekend_80_plus",-1.70904234836272e-08,-4.10568461158017e-07,1.61275349957095e-08,-1.94391894948337e-08,1.72545608055038e-08,1.03752461402493e-08,-6.22437919987786e-09,3.91678194472521e-09,-1.93482721149048e-09,6.08287613332327e-09,-1.92658888759206e-10,1.82217462997253e-09,-1.34617429166097e-09,-4.29827810929059e-08,-1.67999027364649e-10,2.4622729132962e-09,-1.64593485060433e-09,2.51546563225223e-09,8.479789282359e-11,7.03568275895146e-09,-8.92388832758289e-09,1.01867990394256e-07,1.64464499092731e-07,2.33013937621863e-08,-1.59875300316695e-08,1.59674957779418e-07,-2.01780481408919e-07,-3.7226596133894e-08,4.90122732303419e-08,-1.83283277337711e-07,-1.45056475559074e-07,8.92008804977317e-09,2.96125492774341e-08,5.8464539666815e-08,5.30334501909679e-10,1.60144598025267e-09,8.75759194927549e-10,1.00468904805003e-09,6.99112942271093e-10,9.74764104375022e-10,4.03280628182575e-10,1.4573978177446e-10,3.33223725202208e-10,6.60879163902593e-09,-2.43808260899878e-07,7.84428466785967e-08,2.66397618813209e-07,4.31838112943722e-08,-2.58960749488665e-09,3.5083414172153e-06,2.54746019525106e-06,8.22280772385398e-08
"midlands","p_W_D",-1.23500420292628e-05,3.63423043347168e-05,-1.13007515608995e-05,-7.63535608738706e-07,-2.20761004556738e-06,-2.84352695693251e-07,1.18680948606862e-06,-4.00628878101242e-08,-9.18209571371045e-07,3.35441741593667e-06,-3.48335269861798e-06,-5.64605554078239e-08,-1.87568661779911e-07,8.91108498695944e-06,-1.55153935986374e-06,6.91521487337572e-07,-1.49967358354719e-06,1.74795345320318e-06,-6.35475524008917e-07,-1.11274407205516e-06,3.76938817482111e-07,-6.671743190147e-06,-3.1358647413579e-05,2.21796281899992e-05,-0.000116552584505941,-6.28824316370102e-05,0.000223900814020571,-2.41731295576977e-05,2.14859288755046e-06,1.65984192393734e-05,-1.04332224016927e-05,4.69907720921043e-05,1.09011574711957e-05,-0.000176111960747489,-1.5795001443668e-08,-1.80680395689734e-07,5.10630137446244e-08,-1.1498320661125e-07,2.3563400145112e-07,-1.29815706050692e-07,1.76327825158862e-07,-1.17828966291545e-07,-5.86085907123422e-08,-2.43808260899878e-07,0.00156947439391833,-0.000207633845287241,-4.05728047775672e-06,8.13190645174144e-05,4.87406534290656e-07,0.000104444506844908,-0.000441819033581705,-6.61778817643678e-06
"midlands","rel_p_D_alpha",4.1619796062402e-05,-0.00029360776444597,-2.49284851942866e-06,-1.97040771227981e-05,-2.24035429231597e-05,5.83403063837105e-06,-3.31059359330702e-06,1.74088006333842e-06,-3.42593491458679e-07,-1.28086885297108e-06,-3.84950632306257e-07,1.76295933808304e-06,2.72782954109774e-07,3.57378292216731e-05,-7.19945591564206e-07,9.82146421720796e-07,2.30902710079691e-08,-5.13659433917207e-07,2.48790542309465e-06,1.52108628506472e-06,-2.61089233108418e-06,-0.000131968860831009,-0.000363410033617331,-0.00180162836393992,-0.00165503479981137,0.000889934933421896,0.000173597350684173,0.000179838253622377,-0.000306425062514387,-0.000118836536388398,0.000151142591732044,-1.5930183323525e-05,-1.65552393063883e-05,7.16966197884231e-06,4.50583885786774e-07,6.01246414372145e-07,9.40502994213377e-07,2.77277321281135e-07,6.36662076456396e-07,5.76755848342841e-07,2.48168325029591e-07,3.33387458772435e-07,-6.29170534939427e-08,7.84428466785967e-08,-0.000207633845287241,0.00624538287384489,-8.24717022666388e-05,0.000619736532789907,-1.34625537146531e-06,-0.00539193498773204,-0.00881582879087355,4.24677756333555e-07
"midlands","rel_p_H_alpha",7.97329733054593e-06,-1.50907025074625e-05,1.62308908885533e-05,6.75967236726074e-06,-1.05631100231581e-06,1.47793781624613e-06,-7.80637735374173e-07,2.55842315951844e-06,-7.51633854014673e-07,-3.87458205171037e-07,2.02057492212156e-07,5.61327245749109e-07,-1.01449434107451e-07,4.39791688515917e-06,-1.47264497004843e-07,3.27635864737128e-07,1.17115759311711e-06,6.56110804863659e-07,9.14782341510101e-07,1.92722673234724e-06,-1.10510539757281e-06,1.28279000741157e-06,2.64595553445093e-05,-4.32260068831998e-05,0.000151155942712102,-7.268518268385e-05,-2.78463180347521e-05,-3.58394322535703e-06,3.70064294753352e-06,-0.000165493118428552,4.80713750491339e-05,2.97606448723456e-06,1.69629784085893e-05,-7.0136832390894e-05,7.95580879925145e-08,1.40936834654894e-07,2.6816932942182e-08,-1.74682801594245e-08,1.5258168334383e-07,-1.30493939958946e-08,9.79305221198146e-08,-5.56340480315075e-08,3.17907211530656e-08,2.66397618813209e-07,-4.05728047775672e-06,-8.24717022666388e-05,0.00102099677499528,-0.000502724194176113,-3.61193963877607e-07,-0.00178352875233525,-0.00158914004821628,-3.0826735760798e-07
"midlands","rel_p_ICU_alpha",3.72944146603902e-06,-3.35813275991656e-05,-1.47079829727823e-05,1.0962536281384e-05,-9.74544850482007e-06,-2.46912802774381e-07,4.21761667012459e-07,1.42250893272495e-07,-4.15371947608685e-07,1.8864474383033e-06,-2.2828227597199e-06,-1.89688943943731e-07,2.82893116376578e-07,1.36879353365809e-05,-1.22245088975208e-06,8.75635123603918e-07,-1.29221493582913e-06,2.79838616708257e-06,-6.11342932743338e-07,-3.28801226356873e-06,1.93564643047336e-06,-1.06703201565905e-06,-7.92055925204321e-05,-0.000133211425871959,-0.000316095942066995,0.000119218309476251,-3.96431761901551e-05,4.04754050415298e-05,-2.38487186095714e-05,2.86871312170192e-05,3.67640917803576e-05,2.12278796823788e-05,-7.80205698730575e-05,-5.29972069161179e-05,9.90554540771072e-08,7.90570482520645e-07,3.93099525755984e-07,1.79105374249584e-07,9.9964227381495e-07,3.99348549047996e-07,5.57903739889151e-07,3.84665088005987e-07,-7.50100729437663e-08,4.31838112943722e-08,8.13190645174144e-05,0.000619736532789907,-0.000502724194176113,0.00256170652490175,-7.43006042876081e-07,0.0012826018302517,-0.00321933779684176,2.68500744395395e-05
"midlands","rho_pillar2_tests",-1.40949766455482e-07,5.30060323441026e-07,-7.33329538209256e-08,-8.45308142538677e-09,2.86312344209149e-08,1.3766936012308e-08,-1.47119614549835e-08,4.45343275627836e-09,8.64358044213641e-09,-7.13147702892846e-09,7.99355316589369e-09,-3.89852483624164e-09,-3.59800651726262e-09,-5.10515287292597e-08,-2.01377846171792e-09,4.58894416240655e-09,-1.3496999180133e-08,1.64428240505907e-08,-2.21447994844525e-08,2.6004668871385e-08,-1.23819842443508e-08,2.20840086663934e-08,-1.48995180976005e-08,1.37527968291963e-07,1.85655162164025e-06,7.94639249105414e-08,-3.89586398936047e-07,-2.14350727617386e-07,-1.51244885712029e-08,-2.72914780923269e-09,-4.18914086828444e-08,-6.49542528834279e-09,3.52526496903328e-08,-1.54714687995574e-07,-1.13223472392284e-09,-3.77916872476766e-09,-1.3656589530824e-09,-1.08750178011238e-09,-5.99516614524364e-10,-1.42256589637834e-09,9.39233012641868e-10,6.61899445464542e-11,-1.82468867312226e-10,-2.58960749488665e-09,4.87406534290656e-07,-1.34625537146531e-06,-3.61193963877607e-07,-7.43006042876081e-07,3.56920644030394e-08,1.45391137832408e-05,9.34632352204029e-06,1.3285768688273e-07
"midlands","seed_date_alpha",-0.000185110054769373,0.0013597952608701,0.000215185136012625,0.000260639681209043,-5.75738614160122e-05,-1.51068627148279e-05,1.51015496503543e-05,1.05064498725357e-06,3.93816515212414e-05,2.19647551170744e-05,-7.4544771426844e-05,-8.66694319101948e-05,-9.79193604770233e-05,1.02826928073814e-05,-1.37643221940087e-05,1.96572693577255e-05,-2.39901759846603e-05,1.01038978069428e-05,-2.30407359834048e-05,1.05247923345154e-05,6.2484491398027e-06,-0.00042720160314769,0.000978406182734448,0.000604464886161077,0.00342881438860249,-0.00267113567702637,-0.000966688927021488,3.00379320752111e-05,0.000198738671049476,0.000349970500129876,6.69604315019614e-05,5.54877164668838e-05,-9.75803076470927e-06,2.7238284919619e-05,-2.17155210460418e-06,-2.13218426009616e-07,3.49051553656206e-06,3.82042009295332e-06,-1.57442744902679e-06,-4.26320029421219e-06,4.9807047860475e-06,2.02783424957576e-06,-9.42145985557899e-07,3.5083414172153e-06,0.000104444506844908,-0.00539193498773204,-0.00178352875233525,0.0012826018302517,1.45391137832408e-05,0.409722385486314,-0.0178590096968658,0.0055245331383227
"midlands","start_date",-8.22378883687005e-05,0.000707898739142713,0.000115350010524602,-0.000357478302414681,0.000731316602668603,2.30689620432432e-05,8.02252387377447e-06,-2.71766776694442e-05,-6.58157805605015e-06,1.69214609882089e-05,2.46967780296137e-05,-1.23533801629366e-05,2.2211200829202e-05,-0.000579758135275591,2.53915066429073e-05,-5.25271781268734e-06,-1.63061533041197e-05,7.71058009026735e-06,-1.28839913255298e-05,9.16468094302648e-06,-4.38651490497977e-05,-0.00022259240595379,0.000345115781123596,0.00276881282331714,0.00711357802120503,0.000626845439068693,-0.000546561647389875,-0.000620105772342844,0.000469598201053729,0.000638882870366243,-0.000573823428152266,0.000340179407037041,4.05533741508968e-05,0.000844006212535349,-2.80200769870365e-06,-7.20952263805752e-07,-6.55562733456256e-06,2.40820127980164e-06,3.28267776385172e-06,9.3067079137617e-06,-9.42073357974133e-07,-4.87934793678452e-06,4.27191446218439e-07,2.54746019525106e-06,-0.000441819033581705,-0.00881582879087355,-0.00158914004821628,-0.00321933779684176,9.34632352204029e-06,-0.0178590096968658,0.283121391258897,-0.000410836759374389
"midlands","ta_alpha",-1.40856909986357e-06,1.86544267513199e-05,4.26370156708876e-06,4.13535717449145e-06,-1.10792699317715e-06,7.56063594080207e-07,-4.11062991122884e-07,-2.49769018206509e-08,5.24040856303718e-07,1.03856913205451e-07,-1.85723391815966e-06,-1.343677546446e-06,-1.55642797764749e-06,1.48851992372085e-06,-2.45721534090595e-07,3.14237148035542e-07,-1.47644454594985e-07,-1.13314246610924e-07,-7.46457217348515e-08,4.08107336548415e-07,-4.6793884209904e-07,-5.58933499269119e-06,1.67139229283504e-06,-1.43671825808659e-05,-4.13614941960647e-06,-5.00294212252935e-05,2.93202453954417e-06,4.00685583649019e-06,3.80315430005256e-07,-8.13688351129522e-06,6.63196777026416e-06,-7.71408797038184e-07,-4.1568004230345e-07,-4.9558751094983e-06,2.40884434795634e-08,5.63251901713816e-08,1.31787629790979e-07,9.23935533066296e-08,3.61032550764988e-08,-2.55035065920672e-08,9.89036629173364e-08,7.10047386366362e-08,8.31438304447138e-09,8.22280772385398e-08,-6.61778817643678e-06,4.24677756333555e-07,-3.0826735760798e-07,2.68500744395395e-05,1.3285768688273e-07,0.0055245331383227,-0.000410836759374389,9.08991575668447e-05
"north_east_and_yorkshire","alpha_admission",1.00585937324644e-05,-1.73421406396012e-05,7.32648236957496e-07,1.25793233832817e-07,5.54287900216545e-07,-4.89948442331041e-08,-1.0479686616948e-07,-2.2181348879141e-08,5.70732888457628e-08,7.61361141543899e-08,-1.27701727145931e-07,6.19541901353087e-09,-1.21105337913193e-09,1.3319839166593e-07,-8.02448707516108e-08,9.95250994559467e-08,-9.98728002026444e-08,8.84985557604345e-09,1.28467620546944e-08,2.97726821914879e-08,-2.75823816878531e-08,3.9136852967536e-07,4.74695577190451e-06,-3.11123188134078e-05,-1.6442412959363e-05,2.29570561181422e-05,-1.40951118060376e-05,7.38957689083111e-06,-1.9767817619343e-06,1.70834331081861e-06,-5.06008888755665e-06,-7.11741640449962e-07,-6.57879959416171e-07,-2.06887480439886e-06,3.31347485977991e-10,-4.30723751495731e-08,-1.41614948677388e-08,-6.79294417569011e-09,9.61806537263177e-09,-1.33346815824296e-08,-2.20147486549796e-08,-1.60006335579001e-09,5.34937933369832e-09,-1.50057771519369e-08,-8.57620988857e-06,4.66165419415744e-05,-1.85188954777738e-06,1.032743150783e-05,5.24191720047788e-10,-1.10742389669016e-05,0.000108654607147683,-9.07684433454134e-07
"north_east_and_yorkshire","alpha_D",-1.73421406396012e-05,0.000925862629255257,1.90842800371142e-06,6.16560506330889e-06,-9.73167574738609e-06,-1.37846637057073e-08,-1.20521999825156e-06,-1.46242372413049e-06,-2.81179052584916e-08,-4.8160489686403e-07,-3.08090606270074e-06,-3.13987549602684e-08,-1.20784044310788e-06,2.32030390475469e-06,-8.67102746687559e-08,-5.93240723761106e-07,6.26784140804242e-07,-1.31403082012134e-06,5.3416037087165e-07,-1.58248463351389e-06,-7.53928088132634e-07,1.15074368121965e-05,-2.83482090382647e-05,0.00018879756308018,5.91237818427687e-05,-6.87088807140377e-05,4.07885357995274e-05,-0.000123247654445654,-9.3551281667058e-06,2.137286226993e-05,9.9908795134257e-06,2.47411596142266e-05,3.75554261410738e-06,2.60211156173251e-05,-4.68052990017637e-07,-2.32705673706431e-07,-2.7685463949718e-07,-9.10033876575781e-08,-5.49843782485434e-07,-2.3821263364982e-07,-5.48908023911415e-08,-9.22962228439386e-08,-1.60689837097763e-07,-3.99774180338296e-07,-3.26288042192925e-05,-0.000251953547994501,-3.82373469948538e-05,-6.48177074752674e-05,8.96062234056761e-08,-0.00074162540813303,-0.00146145080409416,-7.34545363101219e-06
"north_east_and_yorkshire","alpha_death_hosp",7.32648236957496e-07,1.90842800371142e-06,1.40255209354547e-05,-2.59380410721215e-07,-9.8655800790465e-07,1.26715691809639e-07,-3.76169278587524e-07,1.38460894617475e-07,-9.47579698998058e-08,1.15766205474857e-07,-3.33790384742409e-08,2.51492915700328e-08,6.22204473335623e-08,7.36460351658437e-07,1.58915890237874e-07,-1.54897309942379e-07,1.84476389818905e-07,-1.81373014399712e-08,-1.02791476076316e-07,-9.50122190494975e-09,-6.30139899089187e-08,-2.30300011911804e-06,-2.44055441633812e-06,-9.43147543567209e-06,6.97441561756051e-06,3.4873293628586e-05,-1.10916097624482e-05,2.60570737031789e-06,-9.65001391701656e-07,2.52182771975437e-06,-3.67279827057918e-06,-4.00251307666445e-07,-4.16187158061633e-07,8.7310608298553e-06,8.49416355265597e-09,-9.74232458970578e-09,9.18226841986278e-09,3.72511510827998e-09,3.02223285931573e-08,-1.44842071231896e-09,1.89967398765488e-08,-2.60645228100234e-08,3.97140828052833e-09,-8.50746930786058e-10,6.35454502725879e-06,4.09309651024187e-06,-8.23627511692025e-06,1.99899288680857e-05,-7.68705562253997e-08,5.10159949636908e-06,-0.000159345751731649,-1.01635814503827e-06
"north_east_and_yorkshire","alpha_H",1.25793233832817e-07,6.16560506330889e-06,-2.59380410721215e-07,2.14756673185937e-06,-2.97818727914733e-08,6.38251694297628e-08,-5.16505627301422e-08,8.44808915312698e-08,-1.32470684823826e-07,3.11757790239895e-07,-1.71556257805028e-07,3.05028747092499e-09,-1.53187995190308e-08,-1.30349896990324e-06,4.87965592182326e-08,-2.91156795746287e-08,1.80792469035733e-08,8.17943761719457e-08,-2.55621861688654e-08,1.28118874619372e-07,-2.10493787396552e-07,9.67904998021707e-07,-1.20207934025373e-06,2.25351079218533e-06,1.76042447546941e-08,-1.79439178352575e-05,8.79121760598791e-06,-1.08945827987947e-07,-1.67019185138537e-07,-2.24055070390102e-06,1.50104456764012e-06,9.2932434526513e-07,-7.91171738300472e-08,-5.87161595816249e-06,3.25079209525256e-09,2.73147753682062e-08,1.20346468513146e-10,9.23764629064901e-10,7.04933935899605e-09,3.35206325077366e-09,5.16413461404505e-09,1.40561818653664e-08,-2.53935214198687e-09,4.52504969983926e-09,-3.35915703063719e-06,-5.89439415018134e-07,6.68586004145098e-06,1.41403238391358e-06,3.94751521793224e-09,1.35531662769245e-05,-5.82782452419097e-05,6.13925832157524e-07
"north_east_and_yorkshire","beta1",5.54287900216545e-07,-9.73167574738609e-06,-9.8655800790465e-07,-2.97818727914733e-08,7.36574507426157e-06,-1.85976462724076e-07,5.05330731340817e-08,1.15478756570315e-08,-2.08711348157221e-08,1.33690453297828e-07,6.51618838548053e-10,-5.68037245065649e-08,1.08162981861087e-07,-6.65083070201259e-06,3.63627373383964e-08,3.61160177934762e-08,-8.55112064486216e-08,9.31348599197876e-08,-5.53220644656894e-08,-1.67010738608408e-07,3.19228986575328e-07,-5.42510397286833e-06,-2.58831277026783e-06,5.34501891876137e-07,7.86513748421026e-07,7.73110550172965e-06,-5.36133339233263e-06,4.13377744018989e-07,-9.7243077661416e-07,1.43907264040768e-06,1.94108143675328e-06,1.51151104984238e-08,3.67988770106095e-07,1.11057553927159e-05,-1.29047821155201e-08,4.78140034935902e-09,1.26741126182961e-08,-9.67262211527147e-09,-3.1871371705303e-08,-3.99068384839243e-08,1.09244883933316e-08,1.81277087096264e-08,8.94132055921618e-10,4.05885902018063e-09,1.40185728324061e-05,3.35284902098276e-06,-1.83200478121376e-06,-5.93380067747578e-06,2.1280306189449e-09,0.000132473042058563,0.00145471965023782,4.64637536472369e-07
"north_east_and_yorkshire","beta10",-4.89948442331041e-08,-1.37846637057073e-08,1.26715691809639e-07,6.38251694297628e-08,-1.85976462724076e-07,2.37244942442112e-07,-2.98978955112928e-07,1.11621801203991e-07,-4.50404251461908e-08,4.0693059714863e-08,3.0853928255657e-08,-4.89708381020113e-10,8.6214770985225e-09,1.0062705040174e-07,-1.18586796529481e-08,8.99384054754323e-09,-1.11827073042611e-08,5.81355438667899e-08,-6.55674476395088e-08,1.57776800142211e-07,-2.38359389601458e-07,1.12293808383389e-06,1.25499454704944e-06,-8.7149528973107e-08,5.11945954428747e-06,8.42738695460346e-07,-7.56049200783022e-07,-1.01087468983045e-07,9.94412320313617e-08,-6.86662563267742e-07,-1.2701838640855e-06,-2.07400959893235e-07,3.758049341303e-08,-1.94930293535856e-06,-8.3431405136062e-10,1.00585355827554e-08,7.98550849620071e-10,1.80880302294652e-09,3.12246186718179e-09,4.8877325374327e-09,5.45645833110014e-09,1.96274772658344e-09,3.72829350313456e-09,2.46084005547019e-09,-1.20299162733523e-06,2.72099594703126e-07,1.53016357874451e-06,-4.62480762608032e-07,-9.50145453321455e-09,-2.66086074450058e-05,-5.03733111143413e-05,3.10637415937549e-07
"north_east_and_yorkshire","beta11",-1.0479686616948e-07,-1.20521999825156e-06,-3.76169278587524e-07,-5.16505627301422e-08,5.05330731340817e-08,-2.98978955112928e-07,5.97995877500368e-07,-2.85696892547466e-07,1.39327163858879e-07,-9.36460473993987e-08,-1.56724488149825e-09,1.92811310918966e-08,-2.37903904692168e-08,1.03347937972486e-07,2.07947866352759e-09,5.21782822217682e-09,7.8697949841705e-09,-5.10665481784352e-08,5.25416609847107e-08,-1.20617106419649e-07,2.53064769134549e-07,-8.10225386885316e-07,-1.19416299587073e-06,-3.2390964838629e-06,-2.49111855353861e-06,-1.4924519585047e-06,-8.52411848878264e-08,1.05271483754618e-07,-4.57157108252161e-07,-1.73980184158673e-07,1.50051518504282e-06,1.07181622268262e-07,-2.18318381058481e-08,2.48223164842557e-06,6.35268258912666e-09,-1.03129412511167e-08,2.41953351607933e-09,3.21247833208331e-09,6.53350857070755e-09,-1.42259843394652e-09,-2.05872289633564e-09,-1.52832531963882e-09,-1.89683213528607e-09,2.43490487125827e-09,3.08219739309062e-06,2.16052205250021e-06,1.33039193562129e-06,-2.39132471945762e-06,8.53355478566262e-09,3.95976937075602e-05,1.83633440018509e-05,-2.87406800554425e-07
"north_east_and_yorkshire","beta12",-2.2181348879141e-08,-1.46242372413049e-06,1.38460894617475e-07,8.44808915312698e-08,1.15478756570315e-08,1.11621801203991e-07,-2.85696892547466e-07,3.05805570404066e-07,-2.19627086056538e-07,2.64244002634722e-07,-9.62481688905469e-08,7.51158969765441e-09,1.80928799155512e-08,-6.99855902424072e-08,1.35018857047518e-08,-1.99262766157222e-09,-1.30486007759585e-08,5.88845678462652e-08,-3.28626629389596e-08,6.53237727380644e-08,-9.81230866009187e-08,6.52013233439582e-07,1.23571755612586e-06,1.24005220715069e-06,4.28760336317196e-07,-4.16477022333508e-07,4.55783813549456e-07,8.6712169937483e-08,1.57514124735629e-07,-7.45965912135189e-07,-1.41139417691981e-06,-5.28705319294037e-08,-5.97860830814527e-08,-2.05059746225477e-06,3.54434897239651e-09,1.17988303536484e-08,7.87134002167127e-09,-3.52137433875032e-10,5.87145289094337e-09,5.22866111098269e-09,3.93940672085483e-09,2.76655383681542e-09,1.78263255295415e-09,3.56663291564665e-09,-9.68886010039152e-07,-2.04586919738446e-07,1.18931173431942e-06,8.15002752937917e-07,-9.93334465591546e-09,-7.69657141730264e-06,-6.84851097012851e-06,9.86437487886213e-08
"north_east_and_yorkshire","beta13",5.70732888457628e-08,-2.81179052584916e-08,-9.47579698998058e-08,-1.32470684823826e-07,-2.08711348157221e-08,-4.50404251461908e-08,1.39327163858879e-07,-2.19627086056538e-07,2.37445071065955e-07,-3.20802995710554e-07,1.58578002789524e-07,-6.22086999289701e-09,5.82245381254602e-09,6.49503329277294e-08,-1.31629706947513e-08,5.45972982316525e-09,8.914001922704e-09,-2.69980993821689e-08,1.68939256183928e-08,-2.90461593412654e-08,6.01559322234671e-08,-3.74549665708495e-07,-7.24756694663787e-07,-1.90527280564591e-06,-4.92890568845597e-07,1.16653426507743e-06,-6.10169440667465e-07,2.77319811896274e-07,-2.93106220399043e-08,-9.77008631513005e-08,9.15640358184206e-07,-2.67046851043677e-08,9.20771798265502e-08,8.37967013320557e-07,-1.22684288828658e-09,-3.84792040355078e-09,-1.42837661417648e-09,2.99292930561365e-09,6.67985636340037e-10,4.42956351243919e-10,2.38612168693399e-10,1.06783485627678e-09,9.53433600778385e-10,-1.05679922714202e-10,1.323178875624e-07,9.18847379522513e-07,3.47742609713496e-07,-8.50511693143691e-07,1.03142645101576e-08,4.7701671044353e-06,-4.25599093507403e-06,1.8726210720864e-08
"north_east_and_yorkshire","beta14",7.61361141543899e-08,-4.8160489686403e-07,1.15766205474857e-07,3.11757790239895e-07,1.33690453297828e-07,4.0693059714863e-08,-9.36460473993987e-08,2.64244002634722e-07,-3.20802995710554e-07,8.52507621485535e-07,-5.85020777782791e-07,7.34128284804865e-08,-2.95108336813331e-08,-4.50482609567352e-07,2.10727516760665e-08,1.21691805361238e-08,-1.76882105272933e-08,7.85940654461804e-08,-2.30737557344005e-08,4.13809794983701e-08,-2.89119510252062e-08,-2.23021265126626e-09,1.24221697641714e-06,-2.62003511421833e-06,1.4278615698584e-06,-1.88059720263979e-06,-7.59396482661267e-07,-2.98048769776464e-07,-4.16816359718739e-07,-2.15585106432337e-06,-1.21610208511531e-06,-1.01493188628141e-07,-9.01621304689207e-08,-6.32338227042822e-07,1.1134779490303e-08,1.86834418561207e-08,1.65939311821232e-08,2.97906899318797e-09,2.26808320312214e-08,9.8703240803956e-09,1.13682917650894e-08,8.36401294015046e-09,3.93245460795147e-09,1.2880725620595e-08,-4.60552127070296e-07,2.99229754536399e-06,5.95166354890988e-06,-9.51953945305052e-07,-3.22128727554417e-08,3.25598681279239e-05,-4.17855920975736e-06,2.03638550692012e-07
"north_east_and_yorkshire","beta15",-1.27701727145931e-07,-3.08090606270074e-06,-3.33790384742409e-08,-1.71556257805028e-07,6.51618838548053e-10,3.0853928255657e-08,-1.56724488149825e-09,-9.62481688905469e-08,1.58578002789524e-07,-5.85020777782791e-07,8.15270547534931e-07,-1.05555277652319e-07,1.21851338648871e-07,1.94909990257701e-07,1.5241800136548e-08,-2.08656863867363e-08,1.66350183821221e-08,-1.97221797570641e-08,2.86528122587121e-09,4.6157931986376e-09,-1.10021664463481e-08,9.60453704202772e-07,3.38889177519793e-08,8.22439199978683e-07,2.10864807807505e-06,1.48333789605544e-07,1.16242267144512e-06,1.13408678303938e-06,1.24341031804767e-07,6.31911091799663e-07,-5.00259532237739e-07,-1.99146234449868e-07,8.20411844259434e-08,5.68158940798247e-07,1.21090060802409e-09,-1.83501270098902e-09,-5.94460656751879e-09,5.68320257074769e-09,-3.62227719062546e-09,-3.45286803575437e-09,-5.78866376908376e-09,-1.92553938471593e-10,5.46971862044745e-12,-2.46077390713883e-09,-8.0485641878131e-07,2.6405801320106e-07,-2.94867499643384e-06,-2.4702029068372e-06,1.10914065671626e-08,-2.22777922162295e-05,1.31725151011432e-05,-4.103079429787e-07
"north_east_and_yorkshire","beta16",6.19541901353087e-09,-3.13987549602684e-08,2.51492915700328e-08,3.05028747092499e-09,-5.68037245065649e-08,-4.89708381020113e-10,1.92811310918966e-08,7.51158969765441e-09,-6.22086999289701e-09,7.34128284804865e-08,-1.05555277652319e-07,4.89322684140091e-08,-3.16839706782287e-08,4.25387631932406e-08,-3.9694204782522e-09,7.68629080794594e-09,-1.1168185823835e-09,9.08252928920245e-09,-1.40580853860072e-08,2.89227503110474e-08,-5.39073118040446e-09,-1.62144111514899e-07,2.5582474520848e-07,-8.1682893050684e-07,-1.41065112010641e-06,7.99915736396098e-07,-1.49602202162707e-06,-2.45939922503477e-07,7.17892507161609e-08,-4.86925024844782e-07,-4.97695832668688e-08,-3.5000465013032e-08,9.3010227966081e-11,-3.54448448310418e-07,1.48541769944728e-10,2.91905149116411e-09,5.51605694937871e-09,1.26733937324927e-09,4.80533727434592e-09,2.49019075358442e-09,3.52780659579221e-09,7.73704683176808e-10,1.66423074462264e-09,3.00906992996884e-09,7.97230808959273e-07,4.75557282223782e-07,1.35362706486913e-06,6.68916298514942e-07,-5.15920653624284e-09,-1.33724669932485e-05,-1.57027128065451e-05,-3.29872646319627e-07
"north_east_and_yorkshire","beta17",-1.21105337913193e-09,-1.20784044310788e-06,6.22204473335623e-08,-1.53187995190308e-08,1.08162981861087e-07,8.6214770985225e-09,-2.37903904692168e-08,1.80928799155512e-08,5.82245381254602e-09,-2.95108336813331e-08,1.21851338648871e-07,-3.16839706782287e-08,7.68998631380619e-08,-1.28102263582202e-07,9.11199026923563e-09,-3.16408988743652e-09,1.05671049040139e-09,9.62258060240854e-09,3.73800725022156e-09,-7.32554987749352e-09,8.81288418519764e-09,3.84561360877578e-08,2.47098584092551e-07,-1.15257044627812e-06,-3.30558878727877e-07,7.19797204389524e-08,3.35479918349754e-07,6.37061961450604e-07,-2.71491947737316e-08,-3.20142397782805e-07,-1.2849558589883e-07,1.76604250999446e-08,7.85642306617763e-09,-2.14226919896403e-07,5.86200247168866e-09,4.80310846447552e-09,1.94731122782902e-09,2.20989220452612e-09,5.745004948075e-09,2.28723782788287e-09,2.55079992110682e-09,2.38154183580686e-09,1.68656219166064e-09,2.6464739492538e-09,-6.22928805315474e-07,1.91309129017852e-06,4.38604102402186e-07,-1.75003082009338e-06,-2.81021844071775e-09,-1.49762554912486e-05,1.72340639535869e-05,-1.88648926853015e-07
"north_east_and_yorkshire","beta2",1.3319839166593e-07,2.32030390475469e-06,7.36460351658437e-07,-1.30349896990324e-06,-6.65083070201259e-06,1.0062705040174e-07,1.03347937972486e-07,-6.99855902424072e-08,6.49503329277294e-08,-4.50482609567352e-07,1.94909990257701e-07,4.25387631932406e-08,-1.28102263582202e-07,1.87639517257491e-05,-7.45875487286283e-07,2.93032845747684e-07,-2.61688803623079e-07,5.38467079085966e-08,4.53385687463522e-08,1.08134598269347e-07,-2.40105953642939e-07,4.91161809457792e-06,5.33129270794711e-06,-8.71726735490348e-06,-4.95639439769982e-05,1.05639285935198e-05,-3.18721366978123e-07,-1.35960218432323e-06,1.66375827151065e-06,1.21470961551452e-06,1.97470742753857e-07,-1.2873524124461e-06,-5.74075406511806e-08,-1.38922711270163e-05,1.38338311556566e-08,2.731420795143e-09,-3.35801310753841e-08,-5.98897432412539e-09,3.25995496004015e-08,-5.44290614741904e-09,1.37092922338758e-08,-4.0098157810776e-08,-2.4810190560531e-09,-2.35624487403078e-08,2.4516402007579e-06,1.22022777531455e-06,-1.04625742237689e-05,8.91158013256435e-06,1.59387117424583e-08,-9.38278292503076e-05,-0.000861723074067297,-1.94805598348307e-07
"north_east_and_yorkshire","beta3",-8.02448707516108e-08,-8.67102746687559e-08,1.58915890237874e-07,4.87965592182326e-08,3.63627373383964e-08,-1.18586796529481e-08,2.07947866352759e-09,1.35018857047518e-08,-1.31629706947513e-08,2.10727516760665e-08,1.5241800136548e-08,-3.9694204782522e-09,9.11199026923563e-09,-7.45875487286283e-07,1.01860740678429e-07,-6.58044245919337e-08,6.95071057883016e-08,-3.87757891081653e-08,1.69629733834292e-08,-2.86941314013158e-08,2.45661029798862e-08,-5.91829283748182e-07,-8.05429355785901e-07,2.05661106739898e-07,3.90825680543206e-06,-1.64999817979938e-06,1.97842652416319e-07,3.99027066113613e-09,-1.51906830003931e-07,-2.04036775217182e-08,2.76019885221608e-07,9.31114220668168e-08,-6.02597318621153e-08,1.06703201335643e-06,7.064676704909e-10,-1.76670900937033e-09,1.64932023217064e-09,2.03390396586905e-09,-8.57528344389651e-10,3.13477196274671e-09,1.67168064785398e-11,2.61796725860177e-09,-8.73577470311188e-10,3.98154997349125e-09,-1.24165593837337e-06,-8.17081109336571e-07,2.04376984915062e-07,1.03621255996501e-06,-2.45317152198568e-10,-2.11499249965526e-06,-6.82741899360969e-06,-9.40041026625712e-08
"north_east_and_yorkshire","beta4",9.95250994559467e-08,-5.93240723761106e-07,-1.54897309942379e-07,-2.91156795746287e-08,3.61160177934762e-08,8.99384054754323e-09,5.21782822217682e-09,-1.99262766157222e-09,5.45972982316525e-09,1.21691805361238e-08,-2.08656863867363e-08,7.68629080794594e-09,-3.16408988743652e-09,2.93032845747684e-07,-6.58044245919337e-08,6.12047320544132e-08,-7.9097989244496e-08,6.1476072821671e-08,-2.9730219729103e-08,3.27714394234221e-08,-1.33830249462679e-08,4.05866240738632e-07,7.54972139298877e-07,-7.24948729025681e-07,-2.22977953267478e-06,7.56324863094489e-07,-3.20825712496489e-07,1.37137544812416e-07,1.23780930492668e-07,-3.69531727785622e-07,-3.0613528281975e-07,-2.37525556642913e-08,1.34626227072644e-08,-5.14487554030434e-07,9.02917118863136e-10,2.90523898614187e-09,1.68769364007759e-09,3.84805032296334e-10,4.27395217473419e-09,3.40294452795017e-10,-2.31856887304149e-10,-1.14816513937505e-09,1.39804868710185e-09,-1.17096134860159e-09,9.26821790705967e-07,9.88104285756252e-07,1.07577728276661e-06,-8.96067812102043e-07,-3.41147305322711e-10,-4.77557673872463e-07,9.16551343309594e-06,7.29466528119393e-08
"north_east_and_yorkshire","beta5",-9.98728002026444e-08,6.26784140804242e-07,1.84476389818905e-07,1.80792469035733e-08,-8.55112064486216e-08,-1.11827073042611e-08,7.8697949841705e-09,-1.30486007759585e-08,8.914001922704e-09,-1.76882105272933e-08,1.66350183821221e-08,-1.1168185823835e-09,1.05671049040139e-09,-2.61688803623079e-07,6.95071057883016e-08,-7.9097989244496e-08,1.586215760512e-07,-1.69104891470609e-07,7.99159697495044e-08,-5.02953532372881e-08,1.93229592787223e-08,-3.17517189481881e-07,-7.1180126507886e-07,4.65773192220715e-07,5.47633952860657e-06,-1.06905199158583e-07,-2.85765962457724e-07,-2.09851685083688e-07,-1.88543446750822e-07,1.13124708929581e-07,3.56282187777453e-07,1.61125054394243e-08,2.85681996714813e-08,3.94025397422862e-07,1.87807314026542e-09,-2.1922448524202e-09,-1.38703973666206e-09,-4.38173700288896e-10,-3.61797165196304e-09,1.20295567032549e-09,2.80858617972742e-09,3.47896905318177e-09,-1.24047005300179e-09,2.85816911333318e-09,-7.79033107239644e-07,-6.25162696875654e-07,-3.98219823140159e-07,2.28583392576202e-07,2.71195464408339e-10,-4.1818723365405e-06,-2.11262380766401e-05,-1.1874596877066e-07
"north_east_and_yorkshire","beta6",8.84985557604345e-09,-1.31403082012134e-06,-1.81373014399712e-08,8.17943761719457e-08,9.31348599197876e-08,5.81355438667899e-08,-5.10665481784352e-08,5.88845678462652e-08,-2.69980993821689e-08,7.85940654461804e-08,-1.97221797570641e-08,9.08252928920245e-09,9.62258060240854e-09,5.38467079085966e-08,-3.87757891081653e-08,6.1476072821671e-08,-1.69104891470609e-07,3.67083613130678e-07,-2.82002081404245e-07,2.09622032209079e-07,-7.05648304744867e-08,6.41660401989302e-07,1.32103791939937e-06,-1.05716916433511e-06,-3.37664240820946e-06,-9.16830515798192e-07,-2.36399192231142e-07,2.30098930630073e-07,1.53265707779129e-07,-1.0850144229865e-06,-8.42086713195831e-07,-1.12467961419061e-07,-9.0994678595795e-08,-8.68678954902474e-07,2.32634038702281e-09,1.55855840145896e-08,9.00017862325938e-09,6.61696602170678e-09,1.56744776798904e-08,4.62700677114544e-09,3.28518792647466e-09,-1.03396707989404e-10,3.87636250243165e-09,4.70951307778875e-09,1.18569376852926e-06,2.66762141868782e-07,2.93116755606277e-06,-1.5503128103005e-06,-9.45701778594962e-09,2.05343609397361e-06,9.03915798486931e-06,2.54840328398469e-07
"north_east_and_yorkshire","beta7",1.28467620546944e-08,5.3416037087165e-07,-1.02791476076316e-07,-2.55621861688654e-08,-5.53220644656894e-08,-6.55674476395088e-08,5.25416609847107e-08,-3.28626629389596e-08,1.68939256183928e-08,-2.30737557344005e-08,2.86528122587121e-09,-1.40580853860072e-08,3.73800725022156e-09,4.53385687463522e-08,1.69629733834292e-08,-2.9730219729103e-08,7.99159697495044e-08,-2.82002081404245e-07,3.8357613028732e-07,-4.0283381097034e-07,1.21973762389369e-07,-8.6254222886465e-07,-1.43516518591104e-06,-1.05480292118371e-06,-1.37767324398508e-06,1.43682659178178e-06,3.69144736718972e-07,2.58332741922994e-07,-1.95858486516955e-07,3.52563026854177e-07,1.00263662586236e-06,9.01410481129198e-08,1.11873862388507e-07,-4.67517195328325e-07,-2.80734746637128e-09,-1.31147299031349e-08,-4.68104053108575e-09,-4.58302899288949e-09,-9.16995082138925e-09,-3.81865071991693e-09,-3.46220137216305e-09,1.21494958262511e-09,-2.35650536244525e-09,-6.15480597559839e-09,-6.61221014372135e-07,2.25613578770204e-06,-1.41781028757196e-06,1.5582084558709e-06,6.25872263464961e-09,1.89811533321065e-05,-5.72534390037803e-06,6.21816930382044e-08
"north_east_and_yorkshire","beta8",2.97726821914879e-08,-1.58248463351389e-06,-9.50122190494975e-09,1.28118874619372e-07,-1.67010738608408e-07,1.57776800142211e-07,-1.20617106419649e-07,6.53237727380644e-08,-2.90461593412654e-08,4.13809794983701e-08,4.6157931986376e-09,2.89227503110474e-08,-7.32554987749352e-09,1.08134598269347e-07,-2.86941314013158e-08,3.27714394234221e-08,-5.02953532372881e-08,2.09622032209079e-07,-4.0283381097034e-07,6.74082650214158e-07,-3.34925773202046e-07,1.23455162247427e-06,2.62396003781232e-06,2.92631127761914e-07,2.95939285569663e-06,-3.21150549884597e-06,4.46378784055659e-07,-1.92999342061826e-07,6.88389145394778e-08,-1.0876361800396e-06,-1.93051131586848e-06,-3.18585020006195e-07,-1.37979752059673e-07,-1.16548089740161e-06,5.45628807928966e-09,1.51650561899964e-08,4.63920117582557e-09,5.00461691886826e-09,1.55506918777339e-08,4.34005713052452e-09,1.13560180300868e-08,9.90059105858133e-12,3.7590691718125e-09,1.21999264523375e-08,-1.41571603451491e-06,-7.81141583414376e-07,3.97367763103241e-06,-1.41437755265758e-06,-1.25802699921457e-08,-4.77714100867555e-05,-5.2644153141159e-05,-1.52961728045871e-07
"north_east_and_yorkshire","beta9",-2.75823816878531e-08,-7.53928088132634e-07,-6.30139899089187e-08,-2.10493787396552e-07,3.19228986575328e-07,-2.38359389601458e-07,2.53064769134549e-07,-9.81230866009187e-08,6.01559322234671e-08,-2.89119510252062e-08,-1.10021664463481e-08,-5.39073118040446e-09,8.81288418519764e-09,-2.40105953642939e-07,2.45661029798862e-08,-1.33830249462679e-08,1.93229592787223e-08,-7.05648304744867e-08,1.21973762389369e-07,-3.34925773202046e-07,3.93552768395841e-07,-9.51009924580767e-07,-1.40303185190232e-06,2.95158096520113e-07,-5.35134319563615e-06,1.2747230275588e-06,3.93097976303078e-08,3.33405046715666e-07,1.70218965069341e-08,3.08086664872578e-07,9.8425671729083e-07,1.60215875623685e-07,7.40388203541174e-08,3.21130591557085e-06,1.32047721605376e-09,-8.4331680697472e-09,4.24016349110939e-09,1.44852547179667e-10,-2.456571260828e-09,-9.94075896086817e-10,-8.0054279312871e-09,3.84667595218722e-10,-2.13388635431521e-09,-1.3611154524046e-09,2.03892400340795e-06,-5.97494255302321e-08,-1.22145861989706e-06,-1.39754853686352e-08,1.63805049741237e-08,3.69487781840259e-05,7.28782671738114e-05,-3.77461183028876e-08
"north_east_and_yorkshire","mu_D",3.9136852967536e-07,1.15074368121965e-05,-2.30300011911804e-06,9.67904998021707e-07,-5.42510397286833e-06,1.12293808383389e-06,-8.10225386885316e-07,6.52013233439582e-07,-3.74549665708495e-07,-2.23021265126626e-09,9.60453704202772e-07,-1.62144111514899e-07,3.84561360877578e-08,4.91161809457792e-06,-5.91829283748182e-07,4.05866240738632e-07,-3.17517189481881e-07,6.41660401989302e-07,-8.6254222886465e-07,1.23455162247427e-06,-9.51009924580767e-07,0.000258969699924134,8.22236261883543e-05,0.000162109652867028,6.14944480771863e-05,-4.72958129071338e-05,2.20328657863222e-05,-4.81313210689185e-06,7.35054596383948e-06,-1.16273832712228e-05,-9.79056226332868e-05,-4.50460848563459e-06,3.07909497635125e-06,-6.9929895508149e-05,-2.21504205024021e-08,1.1894182135907e-07,1.30540638896014e-08,-2.45723201480217e-08,8.5710181834987e-08,-6.57438423784707e-08,-9.19295351166814e-09,-7.57368641237995e-08,-8.09102803396076e-09,-3.69315192751376e-08,1.22464776817028e-05,-0.000104182961771752,2.65755330688451e-05,-8.70555530318986e-05,-6.04691631213705e-08,-0.000232562562908649,-0.00128689611065918,4.05947662184733e-08
"north_east_and_yorkshire","mu_D_2",4.74695577190451e-06,-2.83482090382647e-05,-2.44055441633812e-06,-1.20207934025373e-06,-2.58831277026783e-06,1.25499454704944e-06,-1.19416299587073e-06,1.23571755612586e-06,-7.24756694663787e-07,1.24221697641714e-06,3.38889177519793e-08,2.5582474520848e-07,2.47098584092551e-07,5.33129270794711e-06,-8.05429355785901e-07,7.54972139298877e-07,-7.1180126507886e-07,1.32103791939937e-06,-1.43516518591104e-06,2.62396003781232e-06,-1.40303185190232e-06,8.22236261883543e-05,0.000197933229066899,8.5201985265175e-05,0.000201562299919203,0.000101981865865872,-2.96238816604283e-05,-1.13766419755401e-05,1.37263587535818e-05,-2.1431424214432e-05,-0.000135577854885714,-1.17857209163853e-05,3.06203857311941e-06,-6.66588812456854e-05,-1.82299657547899e-08,-1.80111062172287e-07,1.30472096458237e-07,2.07186020357107e-08,2.92903963395757e-07,7.74802714060755e-08,-6.78582809204856e-08,-4.2151087659119e-08,6.09010218858864e-08,5.4421659013205e-08,-5.03028384735504e-05,-3.5163981794109e-05,6.70149278089922e-05,-8.94051491841319e-05,-2.58264238051809e-07,-0.000641532343954836,-0.000853859676126041,-4.53762783708037e-06
"north_east_and_yorkshire","mu_D_3",-3.11123188134078e-05,0.00018879756308018,-9.43147543567209e-06,2.25351079218533e-06,5.34501891876137e-07,-8.7149528973107e-08,-3.2390964838629e-06,1.24005220715069e-06,-1.90527280564591e-06,-2.62003511421833e-06,8.22439199978683e-07,-8.1682893050684e-07,-1.15257044627812e-06,-8.71726735490348e-06,2.05661106739898e-07,-7.24948729025681e-07,4.65773192220715e-07,-1.05716916433511e-06,-1.05480292118371e-06,2.92631127761914e-07,2.95158096520113e-07,0.000162109652867028,8.5201985265175e-05,0.00204649735050963,0.000778175946738507,-0.000393329668267695,0.000199119718278897,-8.87206664657846e-05,0.000171071951420251,7.70781021581106e-05,-0.000124973269174626,7.03616887774539e-06,5.98985701368833e-07,-6.93516862879337e-05,-4.76733169078463e-07,-5.15511652525236e-07,-5.75242941827416e-07,-1.33293498733029e-07,-2.09232466581434e-07,-2.43599272687199e-07,-5.26725007826785e-07,-2.48943552575475e-07,-3.23830615510763e-07,-6.88582537120983e-07,0.00012515117745673,-0.0022081802628389,-0.000205351847652518,-9.53353954336718e-05,7.19330539859508e-07,-0.00113941498876398,0.000368847337093162,-1.08515698703136e-05
"north_east_and_yorkshire","mu_D_4",-1.6442412959363e-05,5.91237818427687e-05,6.97441561756051e-06,1.76042447546941e-08,7.86513748421026e-07,5.11945954428747e-06,-2.49111855353861e-06,4.28760336317196e-07,-4.92890568845597e-07,1.4278615698584e-06,2.10864807807505e-06,-1.41065112010641e-06,-3.30558878727877e-07,-4.95639439769982e-05,3.90825680543206e-06,-2.22977953267478e-06,5.47633952860657e-06,-3.37664240820946e-06,-1.37767324398508e-06,2.95939285569663e-06,-5.35134319563615e-06,6.14944480771863e-05,0.000201562299919203,0.000778175946738507,0.0069858726230277,-0.000301982044686118,-4.3422858881216e-05,-0.000133141326367566,0.000119128943756786,-1.60896417763796e-05,-0.000205318230913396,5.89733208170229e-05,-1.96957404557414e-05,-0.000239735630740392,1.11530667385971e-06,-1.06765997671539e-06,3.98969755338455e-07,8.58456088057364e-07,4.0081806263261e-07,1.59599601620492e-06,-4.79678254914712e-07,7.87312199409319e-07,2.61039415927115e-07,-1.82754119942647e-08,-9.16781236073933e-05,-0.00152633273681053,8.62416517423049e-05,-0.000635308578585847,3.97941562553337e-07,0.00408595727506586,-0.00109754028961052,7.48100287531556e-05
"north_east_and_yorkshire","mu_gamma_H",2.29570561181422e-05,-6.87088807140377e-05,3.4873293628586e-05,-1.79439178352575e-05,7.73110550172965e-06,8.42738695460346e-07,-1.4924519585047e-06,-4.16477022333508e-07,1.16653426507743e-06,-1.88059720263979e-06,1.48333789605544e-07,7.99915736396098e-07,7.19797204389524e-08,1.05639285935198e-05,-1.64999817979938e-06,7.56324863094489e-07,-1.06905199158583e-07,-9.16830515798192e-07,1.43682659178178e-06,-3.21150549884597e-06,1.2747230275588e-06,-4.72958129071338e-05,0.000101981865865872,-0.000393329668267695,-0.000301982044686118,0.00154838821461995,-0.000571175793557451,2.19617731739303e-05,1.46256323830225e-05,9.38580670626624e-06,-2.57830664988306e-05,-7.11773015282635e-06,7.78125825103458e-06,0.000109982764854438,-2.69060911681443e-07,-3.52896427835582e-07,1.54067725941769e-07,-8.92907952557936e-08,-1.70187075790444e-07,-4.08872567432023e-07,1.79214348004278e-09,-3.23432507879229e-07,8.15239530590962e-08,1.05466763084618e-07,6.30723108121448e-05,0.000387632693985127,-5.34822362816451e-05,5.95394690396532e-05,-7.28079821177064e-07,0.00147475467842936,0.00187684116029468,-2.21091017221628e-06
"north_east_and_yorkshire","mu_gamma_H_2",-1.40951118060376e-05,4.07885357995274e-05,-1.10916097624482e-05,8.79121760598791e-06,-5.36133339233263e-06,-7.56049200783022e-07,-8.52411848878264e-08,4.55783813549456e-07,-6.10169440667465e-07,-7.59396482661267e-07,1.16242267144512e-06,-1.49602202162707e-06,3.35479918349754e-07,-3.18721366978123e-07,1.97842652416319e-07,-3.20825712496489e-07,-2.85765962457724e-07,-2.36399192231142e-07,3.69144736718972e-07,4.46378784055659e-07,3.93097976303078e-08,2.20328657863222e-05,-2.96238816604283e-05,0.000199119718278897,-4.3422858881216e-05,-0.000571175793557451,0.000786859548899863,-1.47238212277552e-05,-1.75600294481356e-05,1.67348943247803e-05,5.75429414959684e-07,-2.20941321857046e-06,-4.06013541522342e-06,7.98284351501678e-05,-3.93839726756125e-08,-1.54667190821717e-07,-3.64841505750902e-07,-1.2339084201335e-08,-3.55639080913341e-07,2.5581830803665e-08,-3.41333074534809e-07,6.30382551016576e-09,-2.90726738342635e-07,-1.2283961986973e-07,4.44486190126426e-05,-0.000135041662272116,-8.31463245237358e-05,0.000158168078934728,6.65209552790589e-07,-0.000360426496544331,-0.00113533810325524,-3.42974745485503e-07
"north_east_and_yorkshire","p_G_D",7.38957689083111e-06,-0.000123247654445654,2.60570737031789e-06,-1.08945827987947e-07,4.13377744018989e-07,-1.01087468983045e-07,1.05271483754618e-07,8.6712169937483e-08,2.77319811896274e-07,-2.98048769776464e-07,1.13408678303938e-06,-2.45939922503477e-07,6.37061961450604e-07,-1.35960218432323e-06,3.99027066113613e-09,1.37137544812416e-07,-2.09851685083688e-07,2.30098930630073e-07,2.58332741922994e-07,-1.92999342061826e-07,3.33405046715666e-07,-4.81313210689185e-06,-1.13766419755401e-05,-8.87206664657846e-05,-0.000133141326367566,2.19617731739303e-05,-1.47238212277552e-05,6.37285322823341e-05,-4.41949945001489e-06,-5.25053957358376e-06,1.30627583834177e-05,-3.95221245216561e-06,1.63563129136903e-07,-4.9856254443355e-06,8.53649662861583e-08,4.52847771561579e-08,7.4624507576382e-08,1.1476717279187e-09,9.27831797004005e-08,4.15706176005427e-08,4.08991014066271e-08,4.56622468720243e-08,5.11197704349086e-08,9.93792759258322e-08,-4.52147584807026e-06,0.000134625543691188,1.65314289885115e-05,1.19087335063e-05,-5.79659352475711e-08,0.000109573600832887,-0.000114947429129179,1.19779252122175e-06
"north_east_and_yorkshire","p_G_D_2",-1.9767817619343e-06,-9.3551281667058e-06,-9.65001391701656e-07,-1.67019185138537e-07,-9.7243077661416e-07,9.94412320313617e-08,-4.57157108252161e-07,1.57514124735629e-07,-2.93106220399043e-08,-4.16816359718739e-07,1.24341031804767e-07,7.17892507161609e-08,-2.71491947737316e-08,1.66375827151065e-06,-1.51906830003931e-07,1.23780930492668e-07,-1.88543446750822e-07,1.53265707779129e-07,-1.95858486516955e-07,6.88389145394778e-08,1.70218965069341e-08,7.35054596383948e-06,1.37263587535818e-05,0.000171071951420251,0.000119128943756786,1.46256323830225e-05,-1.75600294481356e-05,-4.41949945001489e-06,3.75760710505557e-05,4.67546075523515e-06,3.15649077148714e-06,1.73303677484665e-06,-2.4685297049666e-07,-2.32261063949727e-05,-1.33111796384682e-08,-6.84150744186676e-10,-6.41908794065318e-09,-7.18577560441109e-09,4.67170176405093e-08,-1.52508072282971e-08,-1.63308167365183e-08,-1.93308177153719e-08,7.35564193809656e-09,-1.43819533901751e-08,1.05176682453505e-05,-0.000225804059815409,-1.90883749650224e-05,5.96176168387055e-06,-7.59346732689699e-08,-0.000328172142636759,-0.000122931220369509,-2.78841329028879e-06
"north_east_and_yorkshire","p_H",1.70834331081861e-06,2.137286226993e-05,2.52182771975437e-06,-2.24055070390102e-06,1.43907264040768e-06,-6.86662563267742e-07,-1.73980184158673e-07,-7.45965912135189e-07,-9.77008631513005e-08,-2.15585106432337e-06,6.31911091799663e-07,-4.86925024844782e-07,-3.20142397782805e-07,1.21470961551452e-06,-2.04036775217182e-08,-3.69531727785622e-07,1.13124708929581e-07,-1.0850144229865e-06,3.52563026854177e-07,-1.0876361800396e-06,3.08086664872578e-07,-1.16273832712228e-05,-2.1431424214432e-05,7.70781021581106e-05,-1.60896417763796e-05,9.38580670626624e-06,1.67348943247803e-05,-5.25053957358376e-06,4.67546075523515e-06,5.6676325501666e-05,7.92733732235302e-06,-7.83486561390672e-07,-1.67035414395178e-06,2.90502219389245e-05,-2.10257469265592e-07,-2.72466278510774e-07,-2.9028108379088e-07,-1.58494329480889e-07,-4.27046030144989e-07,-1.90447335869242e-07,-1.63552747676489e-07,-1.45372370739485e-07,-8.8998709982074e-08,-2.28939215987936e-07,-7.8494092128415e-06,-6.2998543822753e-05,-0.000153165388201824,5.45691076589858e-05,1.67204290062478e-07,9.01051124158267e-05,0.000783770727402418,-5.57788579508842e-06
"north_east_and_yorkshire","p_H_D",-5.06008888755665e-06,9.9908795134257e-06,-3.67279827057918e-06,1.50104456764012e-06,1.94108143675328e-06,-1.2701838640855e-06,1.50051518504282e-06,-1.41139417691981e-06,9.15640358184206e-07,-1.21610208511531e-06,-5.00259532237739e-07,-4.97695832668688e-08,-1.2849558589883e-07,1.97470742753857e-07,2.76019885221608e-07,-3.0613528281975e-07,3.56282187777453e-07,-8.42086713195831e-07,1.00263662586236e-06,-1.93051131586848e-06,9.8425671729083e-07,-9.79056226332868e-05,-0.000135577854885714,-0.000124973269174626,-0.000205318230913396,-2.57830664988306e-05,5.75429414959684e-07,1.30627583834177e-05,3.15649077148714e-06,7.92733732235302e-06,0.000189526625712597,1.21413090993876e-05,-9.54415086777241e-07,-3.53977652871303e-05,1.7506365208278e-08,8.52385871662148e-08,-1.00464181305526e-07,-2.1257817396542e-08,-2.25866661096535e-07,-1.25157232244634e-07,3.08776810210503e-08,-4.10351207336666e-08,-1.58767984030673e-08,-2.8943567095279e-08,-1.14215573762272e-06,-3.86587240597767e-06,-3.73432600160371e-05,6.41721144103361e-05,1.10969431525421e-07,0.000374293922825518,0.000818263588065912,1.73249226824078e-06
"north_east_and_yorkshire","p_ICU",-7.11741640449962e-07,2.47411596142266e-05,-4.00251307666445e-07,9.2932434526513e-07,1.51151104984238e-08,-2.07400959893235e-07,1.07181622268262e-07,-5.28705319294037e-08,-2.67046851043677e-08,-1.01493188628141e-07,-1.99146234449868e-07,-3.5000465013032e-08,1.76604250999446e-08,-1.2873524124461e-06,9.31114220668168e-08,-2.37525556642913e-08,1.61125054394243e-08,-1.12467961419061e-07,9.01410481129198e-08,-3.18585020006195e-07,1.60215875623685e-07,-4.50460848563459e-06,-1.17857209163853e-05,7.03616887774539e-06,5.89733208170229e-05,-7.11773015282635e-06,-2.20941321857046e-06,-3.95221245216561e-06,1.73303677484665e-06,-7.83486561390672e-07,1.21413090993876e-05,1.58956387173928e-05,-2.92811497530006e-07,1.58394055443447e-05,3.12214692909627e-08,2.31623758694075e-08,-5.98269612916469e-09,-4.49982651279419e-09,1.26146128435443e-08,-6.7302191909075e-09,-2.26771319767755e-08,1.59385035260717e-08,-1.23558782733655e-08,4.6703303692251e-09,3.60006413412544e-05,-3.78381649958919e-05,1.06559134769946e-05,-1.89412016441509e-07,3.76329392878495e-08,-0.000107517607093882,4.95482351521744e-05,-6.46417102907239e-07
"north_east_and_yorkshire","p_ICU_2",-6.57879959416171e-07,3.75554261410738e-06,-4.16187158061633e-07,-7.91171738300472e-08,3.67988770106095e-07,3.758049341303e-08,-2.18318381058481e-08,-5.97860830814527e-08,9.20771798265502e-08,-9.01621304689207e-08,8.20411844259434e-08,9.3010227966081e-11,7.85642306617763e-09,-5.74075406511806e-08,-6.02597318621153e-08,1.34626227072644e-08,2.85681996714813e-08,-9.0994678595795e-08,1.11873862388507e-07,-1.37979752059673e-07,7.40388203541174e-08,3.07909497635125e-06,3.06203857311941e-06,5.98985701368833e-07,-1.96957404557414e-05,7.78125825103458e-06,-4.06013541522342e-06,1.63563129136903e-07,-2.4685297049666e-07,-1.67035414395178e-06,-9.54415086777241e-07,-2.92811497530006e-07,2.95254427048529e-06,5.06760142736695e-06,-1.4892193042719e-08,-1.75123534288233e-08,-1.76795229193852e-08,-5.2944751565639e-09,-1.63252972894444e-08,-1.14429974648e-08,-1.21155491011471e-08,-6.90285959752294e-09,2.12660470489567e-09,6.2032587470505e-09,1.104878283179e-05,-2.42741324008295e-08,5.43038344428844e-06,-3.2385536239494e-05,1.35137393072046e-08,6.22850682513176e-05,5.84241209502126e-05,3.01111652482197e-07
"north_east_and_yorkshire","p_ICU_D",-2.06887480439886e-06,2.60211156173251e-05,8.7310608298553e-06,-5.87161595816249e-06,1.11057553927159e-05,-1.94930293535856e-06,2.48223164842557e-06,-2.05059746225477e-06,8.37967013320557e-07,-6.32338227042822e-07,5.68158940798247e-07,-3.54448448310418e-07,-2.14226919896403e-07,-1.38922711270163e-05,1.06703201335643e-06,-5.14487554030434e-07,3.94025397422862e-07,-8.68678954902474e-07,-4.67517195328325e-07,-1.16548089740161e-06,3.21130591557085e-06,-6.9929895508149e-05,-6.66588812456854e-05,-6.93516862879337e-05,-0.000239735630740392,0.000109982764854438,7.98284351501678e-05,-4.9856254443355e-06,-2.32261063949727e-05,2.90502219389245e-05,-3.53977652871303e-05,1.58394055443447e-05,5.06760142736695e-06,0.00101099880228423,-9.88612751953404e-08,-4.56375444629219e-07,-5.55357358841339e-07,4.24572094979874e-09,-3.29393054957741e-07,-1.25891161146147e-07,-1.66497151434519e-07,1.09751744760862e-07,-1.31805900813863e-07,3.48125815516291e-08,2.06359352342206e-05,-4.20613116482411e-05,-9.30412776309985e-05,8.01375243211994e-05,4.58860130795274e-07,0.000922968515772033,0.00244881054135611,3.14250474041657e-06
"north_east_and_yorkshire","p_NC_15_24",3.31347485977991e-10,-4.68052990017637e-07,8.49416355265597e-09,3.25079209525256e-09,-1.29047821155201e-08,-8.3431405136062e-10,6.35268258912666e-09,3.54434897239651e-09,-1.22684288828658e-09,1.1134779490303e-08,1.21090060802409e-09,1.48541769944728e-10,5.86200247168866e-09,1.38338311556566e-08,7.064676704909e-10,9.02917118863136e-10,1.87807314026542e-09,2.32634038702281e-09,-2.80734746637128e-09,5.45628807928966e-09,1.32047721605376e-09,-2.21504205024021e-08,-1.82299657547899e-08,-4.76733169078463e-07,1.11530667385971e-06,-2.69060911681443e-07,-3.93839726756125e-08,8.53649662861583e-08,-1.33111796384682e-08,-2.10257469265592e-07,1.7506365208278e-08,3.12214692909627e-08,-1.4892193042719e-08,-9.88612751953404e-08,5.26677078453273e-09,2.37794480053903e-09,1.52404402180705e-09,1.13824088985736e-09,1.84456032755135e-09,2.59491618005985e-09,1.06900265160876e-09,1.18836340318432e-09,4.12989665147994e-10,9.59088027252812e-10,-9.59341646561074e-08,1.40862654770219e-07,3.58917170484264e-07,-1.23748868270304e-07,-1.52690715625827e-09,-1.11271019060044e-06,-3.5247188320789e-06,1.93641355753699e-08
"north_east_and_yorkshire","p_NC_25_49",-4.30723751495731e-08,-2.32705673706431e-07,-9.74232458970578e-09,2.73147753682062e-08,4.78140034935902e-09,1.00585355827554e-08,-1.03129412511167e-08,1.17988303536484e-08,-3.84792040355078e-09,1.86834418561207e-08,-1.83501270098902e-09,2.91905149116411e-09,4.80310846447552e-09,2.731420795143e-09,-1.76670900937033e-09,2.90523898614187e-09,-2.1922448524202e-09,1.55855840145896e-08,-1.31147299031349e-08,1.51650561899964e-08,-8.4331680697472e-09,1.1894182135907e-07,-1.80111062172287e-07,-5.15511652525236e-07,-1.06765997671539e-06,-3.52896427835582e-07,-1.54667190821717e-07,4.52847771561579e-08,-6.84150744186676e-10,-2.72466278510774e-07,8.52385871662148e-08,2.31623758694075e-08,-1.75123534288233e-08,-4.56375444629219e-07,2.37794480053903e-09,1.45916338111862e-08,2.71363463523792e-09,1.53608474471906e-09,2.2758131214816e-09,2.01908074047993e-09,2.53438018121816e-09,2.21494508748801e-09,3.26178724236056e-10,1.20729771379477e-09,4.83552446053197e-07,4.67149302694238e-07,4.5607891381572e-07,-1.31586351629819e-07,-2.68564532394432e-09,1.36987158233288e-06,-9.24106725398497e-07,5.74191698062797e-08
"north_east_and_yorkshire","p_NC_50_64",-1.41614948677388e-08,-2.7685463949718e-07,9.18226841986278e-09,1.20346468513146e-10,1.26741126182961e-08,7.98550849620071e-10,2.41953351607933e-09,7.87134002167127e-09,-1.42837661417648e-09,1.65939311821232e-08,-5.94460656751879e-09,5.51605694937871e-09,1.94731122782902e-09,-3.35801310753841e-08,1.64932023217064e-09,1.68769364007759e-09,-1.38703973666206e-09,9.00017862325938e-09,-4.68104053108575e-09,4.63920117582557e-09,4.24016349110939e-09,1.30540638896014e-08,1.30472096458237e-07,-5.75242941827416e-07,3.98969755338455e-07,1.54067725941769e-07,-3.64841505750902e-07,7.4624507576382e-08,-6.41908794065318e-09,-2.9028108379088e-07,-1.00464181305526e-07,-5.98269612916469e-09,-1.76795229193852e-08,-5.55357358841339e-07,1.52404402180705e-09,2.71363463523792e-09,9.57833175778788e-09,1.16282133390723e-09,3.99427008221159e-09,2.13263365687674e-09,1.52423731821699e-09,1.48466268869313e-09,1.49944811920615e-09,2.35210121897207e-09,-1.29315587124458e-07,5.90050487280839e-07,6.7610883849056e-07,-3.78901731666684e-07,-2.63132627522023e-09,-2.08409265023637e-06,-2.1058853927816e-07,1.67614566663165e-09
"north_east_and_yorkshire","p_NC_65_79",-6.79294417569011e-09,-9.10033876575781e-08,3.72511510827998e-09,9.23764629064901e-10,-9.67262211527147e-09,1.80880302294652e-09,3.21247833208331e-09,-3.52137433875032e-10,2.99292930561365e-09,2.97906899318797e-09,5.68320257074769e-09,1.26733937324927e-09,2.20989220452612e-09,-5.98897432412539e-09,2.03390396586905e-09,3.84805032296334e-10,-4.38173700288896e-10,6.61696602170678e-09,-4.58302899288949e-09,5.00461691886826e-09,1.44852547179667e-10,-2.45723201480217e-08,2.07186020357107e-08,-1.33293498733029e-07,8.58456088057364e-07,-8.92907952557936e-08,-1.2339084201335e-08,1.1476717279187e-09,-7.18577560441109e-09,-1.58494329480889e-07,-2.1257817396542e-08,-4.49982651279419e-09,-5.2944751565639e-09,4.24572094979874e-09,1.13824088985736e-09,1.53608474471906e-09,1.16282133390723e-09,2.74638682842611e-09,1.8493338479426e-09,1.14645363463108e-09,9.03350196522162e-10,6.1526058845496e-10,4.47411635051e-10,9.68954452186894e-10,-1.95386357569778e-08,-6.31847124639723e-08,3.79312937383983e-07,-1.31569953913258e-07,-4.29770407777062e-10,6.17034251721633e-07,-3.32329002263737e-06,2.0852286348118e-08
"north_east_and_yorkshire","p_NC_80_plus",9.61806537263177e-09,-5.49843782485434e-07,3.02223285931573e-08,7.04933935899605e-09,-3.1871371705303e-08,3.12246186718179e-09,6.53350857070755e-09,5.87145289094337e-09,6.67985636340037e-10,2.26808320312214e-08,-3.62227719062546e-09,4.80533727434592e-09,5.745004948075e-09,3.25995496004015e-08,-8.57528344389651e-10,4.27395217473419e-09,-3.61797165196304e-09,1.56744776798904e-08,-9.16995082138925e-09,1.55506918777339e-08,-2.456571260828e-09,8.5710181834987e-08,2.92903963395757e-07,-2.09232466581434e-07,4.0081806263261e-07,-1.70187075790444e-07,-3.55639080913341e-07,9.27831797004005e-08,4.67170176405093e-08,-4.27046030144989e-07,-2.25866661096535e-07,1.26146128435443e-08,-1.63252972894444e-08,-3.29393054957741e-07,1.84456032755135e-09,2.2758131214816e-09,3.99427008221159e-09,1.8493338479426e-09,1.49101405236043e-08,1.51776319971681e-09,1.37582132362871e-09,1.84059693273086e-09,1.56623110849807e-09,1.97459467887508e-09,-3.96124053212497e-07,2.91392217326965e-07,1.19644995566234e-06,-5.89044081040362e-07,-4.03181706256937e-09,-2.74193282571039e-06,-9.92085476027304e-06,9.63853756677608e-09
"north_east_and_yorkshire","p_NC_weekend_15_24",-1.33346815824296e-08,-2.3821263364982e-07,-1.44842071231896e-09,3.35206325077366e-09,-3.99068384839243e-08,4.8877325374327e-09,-1.42259843394652e-09,5.22866111098269e-09,4.42956351243919e-10,9.8703240803956e-09,-3.45286803575437e-09,2.49019075358442e-09,2.28723782788287e-09,-5.44290614741904e-09,3.13477196274671e-09,3.40294452795017e-10,1.20295567032549e-09,4.62700677114544e-09,-3.81865071991693e-09,4.34005713052452e-09,-9.94075896086817e-10,-6.57438423784707e-08,7.74802714060755e-08,-2.43599272687199e-07,1.59599601620492e-06,-4.08872567432023e-07,2.5581830803665e-08,4.15706176005427e-08,-1.52508072282971e-08,-1.90447335869242e-07,-1.25157232244634e-07,-6.7302191909075e-09,-1.14429974648e-08,-1.25891161146147e-07,2.59491618005985e-09,2.01908074047993e-09,2.13263365687674e-09,1.14645363463108e-09,1.51776319971681e-09,5.23648523067139e-09,-1.61764228038231e-11,1.34656440707922e-09,6.47485491084335e-10,9.53756005104181e-10,-8.05106001878508e-08,1.05012606685866e-07,4.77631651412959e-07,-3.06693979083283e-07,-1.55782277565904e-09,-4.14292121391544e-08,-1.04490579938309e-05,2.99416017533199e-08
"north_east_and_yorkshire","p_NC_weekend_25_49",-2.20147486549796e-08,-5.48908023911415e-08,1.89967398765488e-08,5.16413461404505e-09,1.09244883933316e-08,5.45645833110014e-09,-2.05872289633564e-09,3.93940672085483e-09,2.38612168693399e-10,1.13682917650894e-08,-5.78866376908376e-09,3.52780659579221e-09,2.55079992110682e-09,1.37092922338758e-08,1.67168064785398e-11,-2.31856887304149e-10,2.80858617972742e-09,3.28518792647466e-09,-3.46220137216305e-09,1.13560180300868e-08,-8.0054279312871e-09,-9.19295351166814e-09,-6.78582809204856e-08,-5.26725007826785e-07,-4.79678254914712e-07,1.79214348004278e-09,-3.41333074534809e-07,4.08991014066271e-08,-1.63308167365183e-08,-1.63552747676489e-07,3.08776810210503e-08,-2.26771319767755e-08,-1.21155491011471e-08,-1.66497151434519e-07,1.06900265160876e-09,2.53438018121816e-09,1.52423731821699e-09,9.03350196522162e-10,1.37582132362871e-09,-1.61764228038231e-11,6.30117781145275e-09,7.4586757024018e-10,6.15694338972197e-10,8.51871224624607e-10,1.54212520915427e-07,4.9264419937515e-07,3.90669071818049e-07,-1.21995565569445e-07,-2.39473600490419e-09,-3.41941596531811e-07,1.39669808836559e-06,1.08704798446431e-08
"north_east_and_yorkshire","p_NC_weekend_50_64",-1.60006335579001e-09,-9.22962228439386e-08,-2.60645228100234e-08,1.40561818653664e-08,1.81277087096264e-08,1.96274772658344e-09,-1.52832531963882e-09,2.76655383681542e-09,1.06783485627678e-09,8.36401294015046e-09,-1.92553938471593e-10,7.73704683176808e-10,2.38154183580686e-09,-4.0098157810776e-08,2.61796725860177e-09,-1.14816513937505e-09,3.47896905318177e-09,-1.03396707989404e-10,1.21494958262511e-09,9.90059105858133e-12,3.84667595218722e-10,-7.57368641237995e-08,-4.2151087659119e-08,-2.48943552575475e-07,7.87312199409319e-07,-3.23432507879229e-07,6.30382551016576e-09,4.56622468720243e-08,-1.93308177153719e-08,-1.45372370739485e-07,-4.10351207336666e-08,1.59385035260717e-08,-6.90285959752294e-09,1.09751744760862e-07,1.18836340318432e-09,2.21494508748801e-09,1.48466268869313e-09,6.1526058845496e-10,1.84059693273086e-09,1.34656440707922e-09,7.4586757024018e-10,3.41952895556294e-09,6.04211247293257e-10,9.22988282802775e-10,6.29348281632076e-08,1.84298500871332e-07,4.35996457550102e-07,-2.34685126030532e-07,-8.44630570861238e-10,2.04228152124657e-06,1.94381202134584e-06,4.02497986598666e-08
"north_east_and_yorkshire","p_NC_weekend_65_79",5.34937933369832e-09,-1.60689837097763e-07,3.97140828052833e-09,-2.53935214198687e-09,8.94132055921618e-10,3.72829350313456e-09,-1.89683213528607e-09,1.78263255295415e-09,9.53433600778385e-10,3.93245460795147e-09,5.46971862044745e-12,1.66423074462264e-09,1.68656219166064e-09,-2.4810190560531e-09,-8.73577470311188e-10,1.39804868710185e-09,-1.24047005300179e-09,3.87636250243165e-09,-2.35650536244525e-09,3.7590691718125e-09,-2.13388635431521e-09,-8.09102803396076e-09,6.09010218858864e-08,-3.23830615510763e-07,2.61039415927115e-07,8.15239530590962e-08,-2.90726738342635e-07,5.11197704349086e-08,7.35564193809656e-09,-8.8998709982074e-08,-1.58767984030673e-08,-1.23558782733655e-08,2.12660470489567e-09,-1.31805900813863e-07,4.12989665147994e-10,3.26178724236056e-10,1.49944811920615e-09,4.47411635051e-10,1.56623110849807e-09,6.47485491084335e-10,6.15694338972197e-10,6.04211247293257e-10,1.71529903679977e-09,9.40165297122215e-10,-2.00166955313706e-07,3.04666097140554e-07,2.15152971767218e-07,-2.73598248459134e-07,-1.24604681538848e-09,-3.27536800112332e-07,-9.29550951842779e-07,8.84762599127645e-09
"north_east_and_yorkshire","p_NC_weekend_80_plus",-1.50057771519369e-08,-3.99774180338296e-07,-8.50746930786058e-10,4.52504969983926e-09,4.05885902018063e-09,2.46084005547019e-09,2.43490487125827e-09,3.56663291564665e-09,-1.05679922714202e-10,1.2880725620595e-08,-2.46077390713883e-09,3.00906992996884e-09,2.6464739492538e-09,-2.35624487403078e-08,3.98154997349125e-09,-1.17096134860159e-09,2.85816911333318e-09,4.70951307778875e-09,-6.15480597559839e-09,1.21999264523375e-08,-1.3611154524046e-09,-3.69315192751376e-08,5.4421659013205e-08,-6.88582537120983e-07,-1.82754119942647e-08,1.05466763084618e-07,-1.2283961986973e-07,9.93792759258322e-08,-1.43819533901751e-08,-2.28939215987936e-07,-2.8943567095279e-08,4.6703303692251e-09,6.2032587470505e-09,3.48125815516291e-08,9.59088027252812e-10,1.20729771379477e-09,2.35210121897207e-09,9.68954452186894e-10,1.97459467887508e-09,9.53756005104181e-10,8.51871224624607e-10,9.22988282802775e-10,9.40165297122215e-10,9.79821531861372e-09,-3.09516448505134e-07,7.87368743186383e-07,5.53645506653203e-07,-2.48236872729638e-07,-2.84290793447958e-09,1.7311946541602e-06,-1.18506408522468e-06,3.98842449350642e-08
"north_east_and_yorkshire","p_W_D",-8.57620988857e-06,-3.26288042192925e-05,6.35454502725879e-06,-3.35915703063719e-06,1.40185728324061e-05,-1.20299162733523e-06,3.08219739309062e-06,-9.68886010039152e-07,1.323178875624e-07,-4.60552127070296e-07,-8.0485641878131e-07,7.97230808959273e-07,-6.22928805315474e-07,2.4516402007579e-06,-1.24165593837337e-06,9.26821790705967e-07,-7.79033107239644e-07,1.18569376852926e-06,-6.61221014372135e-07,-1.41571603451491e-06,2.03892400340795e-06,1.22464776817028e-05,-5.03028384735504e-05,0.00012515117745673,-9.16781236073933e-05,6.30723108121448e-05,4.44486190126426e-05,-4.52147584807026e-06,1.05176682453505e-05,-7.8494092128415e-06,-1.14215573762272e-06,3.60006413412544e-05,1.104878283179e-05,2.06359352342206e-05,-9.59341646561074e-08,4.83552446053197e-07,-1.29315587124458e-07,-1.95386357569778e-08,-3.96124053212497e-07,-8.05106001878508e-08,1.54212520915427e-07,6.29348281632076e-08,-2.00166955313706e-07,-3.09516448505134e-07,0.00169352961650099,-0.000143652114455236,6.50938318198831e-05,-5.97174441296051e-05,4.18797871640888e-07,-7.70464566196916e-05,0.00317638143344303,-5.60714580848028e-06
"north_east_and_yorkshire","rel_p_D_alpha",4.66165419415744e-05,-0.000251953547994501,4.09309651024187e-06,-5.89439415018134e-07,3.35284902098276e-06,2.72099594703126e-07,2.16052205250021e-06,-2.04586919738446e-07,9.18847379522513e-07,2.99229754536399e-06,2.6405801320106e-07,4.75557282223782e-07,1.91309129017852e-06,1.22022777531455e-06,-8.17081109336571e-07,9.88104285756252e-07,-6.25162696875654e-07,2.66762141868782e-07,2.25613578770204e-06,-7.81141583414376e-07,-5.97494255302321e-08,-0.000104182961771752,-3.5163981794109e-05,-0.0022081802628389,-0.00152633273681053,0.000387632693985127,-0.000135041662272116,0.000134625543691188,-0.000225804059815409,-6.2998543822753e-05,-3.86587240597767e-06,-3.78381649958919e-05,-2.42741324008295e-08,-4.20613116482411e-05,1.40862654770219e-07,4.67149302694238e-07,5.90050487280839e-07,-6.31847124639723e-08,2.91392217326965e-07,1.05012606685866e-07,4.9264419937515e-07,1.84298500871332e-07,3.04666097140554e-07,7.87368743186383e-07,-0.000143652114455236,0.00305667332281778,0.00015737405551291,0.000274030650749897,-7.16815653372658e-07,0.000723542640332026,-0.00022755267357298,-7.00669058010152e-07
"north_east_and_yorkshire","rel_p_H_alpha",-1.85188954777738e-06,-3.82373469948538e-05,-8.23627511692025e-06,6.68586004145098e-06,-1.83200478121376e-06,1.53016357874451e-06,1.33039193562129e-06,1.18931173431942e-06,3.47742609713496e-07,5.95166354890988e-06,-2.94867499643384e-06,1.35362706486913e-06,4.38604102402186e-07,-1.04625742237689e-05,2.04376984915062e-07,1.07577728276661e-06,-3.98219823140159e-07,2.93116755606277e-06,-1.41781028757196e-06,3.97367763103241e-06,-1.22145861989706e-06,2.65755330688451e-05,6.70149278089922e-05,-0.000205351847652518,8.62416517423049e-05,-5.34822362816451e-05,-8.31463245237358e-05,1.65314289885115e-05,-1.90883749650224e-05,-0.000153165388201824,-3.73432600160371e-05,1.06559134769946e-05,5.43038344428844e-06,-9.30412776309985e-05,3.58917170484264e-07,4.5607891381572e-07,6.7610883849056e-07,3.79312937383983e-07,1.19644995566234e-06,4.77631651412959e-07,3.90669071818049e-07,4.35996457550102e-07,2.15152971767218e-07,5.53645506653203e-07,6.50938318198831e-05,0.00015737405551291,0.000668977320603041,-0.000257386646533679,-3.86710594739881e-07,-0.000712829963311454,-0.00188188189306492,1.0439720412313e-05
"north_east_and_yorkshire","rel_p_ICU_alpha",1.032743150783e-05,-6.48177074752674e-05,1.99899288680857e-05,1.41403238391358e-06,-5.93380067747578e-06,-4.62480762608032e-07,-2.39132471945762e-06,8.15002752937917e-07,-8.50511693143691e-07,-9.51953945305052e-07,-2.4702029068372e-06,6.68916298514942e-07,-1.75003082009338e-06,8.91158013256435e-06,1.03621255996501e-06,-8.96067812102043e-07,2.28583392576202e-07,-1.5503128103005e-06,1.5582084558709e-06,-1.41437755265758e-06,-1.39754853686352e-08,-8.70555530318986e-05,-8.94051491841319e-05,-9.53353954336718e-05,-0.000635308578585847,5.95394690396532e-05,0.000158168078934728,1.19087335063e-05,5.96176168387055e-06,5.45691076589858e-05,6.41721144103361e-05,-1.89412016441509e-07,-3.2385536239494e-05,8.01375243211994e-05,-1.23748868270304e-07,-1.31586351629819e-07,-3.78901731666684e-07,-1.31569953913258e-07,-5.89044081040362e-07,-3.06693979083283e-07,-1.21995565569445e-07,-2.34685126030532e-07,-2.73598248459134e-07,-2.48236872729638e-07,-5.97174441296051e-05,0.000274030650749897,-0.000257386646533679,0.00123215460634343,9.08523089923731e-08,-0.000581827988130937,-0.000450979036846202,-1.4012745808149e-05
"north_east_and_yorkshire","rho_pillar2_tests",5.24191720047788e-10,8.96062234056761e-08,-7.68705562253997e-08,3.94751521793224e-09,2.1280306189449e-09,-9.50145453321455e-09,8.53355478566262e-09,-9.93334465591546e-09,1.03142645101576e-08,-3.22128727554417e-08,1.10914065671626e-08,-5.15920653624284e-09,-2.81021844071775e-09,1.59387117424583e-08,-2.45317152198568e-10,-3.41147305322711e-10,2.71195464408339e-10,-9.45701778594962e-09,6.25872263464961e-09,-1.25802699921457e-08,1.63805049741237e-08,-6.04691631213705e-08,-2.58264238051809e-07,7.19330539859508e-07,3.97941562553337e-07,-7.28079821177064e-07,6.65209552790589e-07,-5.79659352475711e-08,-7.59346732689699e-08,1.67204290062478e-07,1.10969431525421e-07,3.76329392878495e-08,1.35137393072046e-08,4.58860130795274e-07,-1.52690715625827e-09,-2.68564532394432e-09,-2.63132627522023e-09,-4.29770407777062e-10,-4.03181706256937e-09,-1.55782277565904e-09,-2.39473600490419e-09,-8.44630570861238e-10,-1.24604681538848e-09,-2.84290793447958e-09,4.18797871640888e-07,-7.16815653372658e-07,-3.86710594739881e-07,9.08523089923731e-08,2.98285423526063e-08,-1.66325716412565e-06,2.03145523199426e-06,1.95936757552331e-08
"north_east_and_yorkshire","seed_date_alpha",-1.10742389669016e-05,-0.00074162540813303,5.10159949636908e-06,1.35531662769245e-05,0.000132473042058563,-2.66086074450058e-05,3.95976937075602e-05,-7.69657141730264e-06,4.7701671044353e-06,3.25598681279239e-05,-2.22777922162295e-05,-1.33724669932485e-05,-1.49762554912486e-05,-9.38278292503076e-05,-2.11499249965526e-06,-4.77557673872463e-07,-4.1818723365405e-06,2.05343609397361e-06,1.89811533321065e-05,-4.77714100867555e-05,3.69487781840259e-05,-0.000232562562908649,-0.000641532343954836,-0.00113941498876398,0.00408595727506586,0.00147475467842936,-0.000360426496544331,0.000109573600832887,-0.000328172142636759,9.01051124158267e-05,0.000374293922825518,-0.000107517607093882,6.22850682513176e-05,0.000922968515772033,-1.11271019060044e-06,1.36987158233288e-06,-2.08409265023637e-06,6.17034251721633e-07,-2.74193282571039e-06,-4.14292121391544e-08,-3.41941596531811e-07,2.04228152124657e-06,-3.27536800112332e-07,1.7311946541602e-06,-7.70464566196916e-05,0.000723542640332026,-0.000712829963311454,-0.000581827988130937,-1.66325716412565e-06,0.109992285613499,0.0255559505817261,0.00105446811284515
"north_east_and_yorkshire","start_date",0.000108654607147683,-0.00146145080409416,-0.000159345751731649,-5.82782452419097e-05,0.00145471965023782,-5.03733111143413e-05,1.83633440018509e-05,-6.84851097012851e-06,-4.25599093507403e-06,-4.17855920975736e-06,1.31725151011432e-05,-1.57027128065451e-05,1.72340639535869e-05,-0.000861723074067297,-6.82741899360969e-06,9.16551343309594e-06,-2.11262380766401e-05,9.03915798486931e-06,-5.72534390037803e-06,-5.2644153141159e-05,7.28782671738114e-05,-0.00128689611065918,-0.000853859676126041,0.000368847337093162,-0.00109754028961052,0.00187684116029468,-0.00113533810325524,-0.000114947429129179,-0.000122931220369509,0.000783770727402418,0.000818263588065912,4.95482351521744e-05,5.84241209502126e-05,0.00244881054135611,-3.5247188320789e-06,-9.24106725398497e-07,-2.1058853927816e-07,-3.32329002263737e-06,-9.92085476027304e-06,-1.04490579938309e-05,1.39669808836559e-06,1.94381202134584e-06,-9.29550951842779e-07,-1.18506408522468e-06,0.00317638143344303,-0.00022755267357298,-0.00188188189306492,-0.000450979036846202,2.03145523199426e-06,0.0255559505817261,0.311151035356707,3.32569421570008e-05
"north_east_and_yorkshire","ta_alpha",-9.07684433454134e-07,-7.34545363101219e-06,-1.01635814503827e-06,6.13925832157524e-07,4.64637536472369e-07,3.10637415937549e-07,-2.87406800554425e-07,9.86437487886213e-08,1.8726210720864e-08,2.03638550692012e-07,-4.103079429787e-07,-3.29872646319627e-07,-1.88648926853015e-07,-1.94805598348307e-07,-9.40041026625712e-08,7.29466528119393e-08,-1.1874596877066e-07,2.54840328398469e-07,6.21816930382044e-08,-1.52961728045871e-07,-3.77461183028876e-08,4.05947662184733e-08,-4.53762783708037e-06,-1.08515698703136e-05,7.48100287531556e-05,-2.21091017221628e-06,-3.42974745485503e-07,1.19779252122175e-06,-2.78841329028879e-06,-5.57788579508842e-06,1.73249226824078e-06,-6.46417102907239e-07,3.01111652482197e-07,3.14250474041657e-06,1.93641355753699e-08,5.74191698062797e-08,1.67614566663165e-09,2.0852286348118e-08,9.63853756677608e-09,2.99416017533199e-08,1.08704798446431e-08,4.02497986598666e-08,8.84762599127645e-09,3.98842449350642e-08,-5.60714580848028e-06,-7.00669058010152e-07,1.0439720412313e-05,-1.4012745808149e-05,1.95936757552331e-08,0.00105446811284515,3.32569421570008e-05,1.89384691561968e-05
"north_west","alpha_admission",9.97135540563562e-06,-6.7691363434775e-06,1.79378800768955e-06,3.21448378405125e-07,5.01244608845455e-07,-2.01884122388355e-07,3.18680440649806e-07,-3.77232353902606e-07,1.68652789562848e-07,-8.25764734064999e-09,3.20642438420523e-07,-1.14515005768703e-07,-4.33128545849158e-08,-3.1345228342659e-06,1.64664160391266e-07,-7.21056977391829e-08,6.38992974278044e-08,-5.90031514159162e-08,-7.79252420058046e-08,1.92384934640603e-07,-1.85189606170887e-08,7.41632448441339e-07,5.28047797560998e-06,5.47508212375479e-06,-4.61069143601357e-06,-4.96511734517645e-07,1.1237857946703e-05,4.35605019553008e-06,6.13279897533944e-07,2.52738568927984e-06,2.91859225962172e-07,-7.56917477839401e-07,-3.25030622952844e-09,-1.80958944037965e-06,-3.11649251083941e-08,-1.61360670143736e-08,-6.13850399590675e-09,1.49575974522408e-08,-7.70521170992806e-09,4.35519137678271e-09,-9.17906197178237e-09,1.14199932040155e-08,-8.00600057828968e-09,-7.2693849339011e-09,-5.93209413409511e-06,-3.10074025805986e-05,-8.06722331704737e-06,-1.82353980016896e-05,-6.90616268333525e-08,0.000401636609157446,7.7022591010324e-05,3.08938515445805e-06
"north_west","alpha_D",-6.7691363434775e-06,0.000823855806291291,-1.45821357103426e-05,2.81905500132638e-06,1.48511343261158e-06,5.16426785079062e-08,-5.09563706294094e-07,1.12175414922151e-06,-7.53311764538514e-07,1.54796675755457e-06,-3.21692127021463e-07,1.12132523625568e-08,1.36239517145637e-06,9.58270360864251e-06,-2.15005150483813e-06,1.16260487459781e-06,-7.54833254639889e-07,9.5297308544813e-07,-3.92722236224933e-07,4.87829836124894e-08,-3.99840924756856e-07,2.40006685521574e-05,-2.15356990101257e-05,5.30059417214267e-05,-0.000324557354797058,-4.69704424736177e-05,8.62366749318077e-05,-6.93818181048391e-05,1.42415750484461e-05,-1.33687112071234e-05,-2.53367466105733e-05,7.18975785896876e-06,6.97304840529701e-06,7.09453392177788e-05,2.28764344148884e-08,-1.33301756429749e-07,4.68306302996786e-07,-2.80428860938541e-08,6.20043011501922e-08,-1.11847553061871e-07,1.8788021832368e-07,3.17221058679285e-08,1.19947688239557e-07,4.16783054223573e-07,1.72309235262412e-06,8.07079044144175e-06,-8.31399033602399e-06,4.81451226854121e-05,1.64235160339136e-08,-0.00244103552748746,0.000739181936053827,-2.58099242251371e-05
"north_west","alpha_death_hosp",1.79378800768955e-06,-1.45821357103426e-05,1.14494116508496e-05,-9.4817788134951e-07,9.08103301568546e-07,-1.48267710020148e-07,1.32995512393323e-07,-1.09464530052758e-07,-1.49715384309852e-08,2.42399463969574e-07,-2.96137056008369e-07,-1.16583984500459e-07,-2.02657221434977e-07,-2.56505437828812e-06,3.36923191702018e-07,-2.27102720192202e-07,1.98812338686205e-07,-1.36100702203331e-07,-1.20117053071369e-08,-3.70631386193839e-08,1.30688099342648e-07,7.87446427892883e-06,1.33665137430376e-05,4.26089071088264e-06,-1.50790000421189e-05,1.20711026437881e-05,-3.41318598109772e-06,1.48778366864422e-06,1.72348920899485e-07,1.16147761877182e-06,-4.26630529706677e-06,-5.92490731137029e-07,3.47658964974344e-07,-7.41282825685654e-06,-2.44895863456743e-08,-2.03251932185261e-08,-7.43791052703437e-09,-3.00484321741187e-09,-4.87392758088595e-09,-1.95165837530937e-08,1.36944054186271e-09,-1.16561762017483e-08,4.55040685791792e-09,-2.74880686708705e-08,-5.88891994417192e-07,-9.72767517715413e-06,2.48066177362549e-06,-1.2743119371918e-05,-2.26346694355271e-08,0.000841385453023866,0.000303761595635798,8.16267356636825e-06
"north_west","alpha_H",3.21448378405125e-07,2.81905500132638e-06,-9.4817788134951e-07,6.83447550950735e-06,-4.95359478871814e-08,-2.18576231730847e-08,-1.0401082129526e-07,-4.5391415949833e-08,1.22154380006938e-07,2.2005709183015e-08,-3.23665901094797e-08,3.84828799947131e-08,4.20599331856681e-08,-1.49060183389184e-06,-7.67586778699999e-08,4.26422458512176e-09,8.46169533656187e-09,2.30153277040859e-07,1.14487856060127e-08,-1.80412759607312e-07,-5.88640689770901e-08,-7.44189420698611e-06,-7.09054917946239e-06,1.06816341589002e-05,-3.12445102479847e-05,-4.05251281848877e-05,1.26522936907356e-05,3.66840839069312e-06,1.68679224745255e-06,-2.27169931973867e-06,8.05480430446845e-06,3.78154342722872e-07,-5.30472656495354e-07,5.4049539627417e-06,1.98241661459981e-08,-2.4591112022922e-08,3.21840362399349e-08,-8.19653356057587e-10,-2.5613705564611e-08,-1.40827239410785e-08,-4.54719818275165e-09,3.52085868098458e-08,1.23796202004704e-08,5.69936005886161e-09,-1.06579324660249e-05,-3.95760689031599e-05,4.12103011327902e-06,1.9258752253942e-05,-2.69419685928896e-08,7.71577264235209e-05,-0.000123867288046485,-3.10417647610374e-07
"north_west","beta1",5.01244608845455e-07,1.48511343261158e-06,9.08103301568546e-07,-4.95359478871814e-08,2.43302594878811e-06,-8.98227044880182e-08,1.09442365797389e-07,-8.66744170777012e-08,1.42938461271613e-07,-1.35037209780816e-07,1.14012819551532e-07,-8.5288503402735e-09,1.68964296544178e-08,-4.49084277632334e-06,1.26005983318334e-07,-4.10353774442605e-08,2.25343871187812e-08,7.88948382178888e-09,3.16305958307632e-08,-4.00360926713308e-08,1.15134724836819e-07,1.07015563349842e-06,6.95312252276587e-06,9.80671058043189e-06,-1.56909774272654e-05,5.1671181903716e-06,7.24815497848364e-06,-4.05605411364668e-07,5.14660602420633e-07,-1.05724150761247e-06,-3.81211176076092e-06,4.13719593169351e-07,-2.02295884048132e-08,1.27997649270321e-06,-7.42398183153307e-09,1.52239159272212e-08,2.7079698948854e-08,1.73709514079804e-08,-4.42647774335892e-09,1.87112983607606e-08,3.40621747716724e-09,6.80345724440653e-09,-2.6812709911976e-09,-9.19507710448476e-09,8.68671346977878e-06,-2.84725396427531e-05,2.83863470418698e-06,4.40044160460408e-06,-1.91331949340244e-08,9.53846834721413e-05,0.000736427680680439,5.45519761979541e-07
"north_west","beta10",-2.01884122388355e-07,5.16426785079062e-08,-1.48267710020148e-07,-2.18576231730847e-08,-8.98227044880182e-08,2.10181345213185e-07,-2.65049560779561e-07,9.8346858584252e-08,-5.15855252577821e-08,6.46957261053125e-08,-3.97129481519584e-08,9.94442512964524e-09,1.15201641710412e-09,1.98419903386182e-07,-1.8150669541758e-08,1.78106443756781e-08,-2.02569063856536e-08,9.87932857063552e-09,-3.19651986004012e-08,1.30240793607763e-07,-2.14919286348817e-07,3.36955594424485e-07,-1.48165448375563e-06,-1.35979806571398e-06,3.38451895891176e-07,-4.38423166633456e-07,-1.91720181543496e-06,9.22265922749257e-08,-2.67671868856776e-07,-2.22440744139369e-07,1.01302556644667e-07,1.36234428242241e-07,8.19749713956643e-08,1.17548784591849e-06,9.92254082034817e-10,-1.76163386384897e-09,7.03312216995775e-10,-1.68780438582104e-09,1.79223086244505e-09,2.97433883038034e-09,-2.82397308259738e-09,-2.6693782647692e-10,3.17487229114295e-09,-3.07901289756755e-10,3.45884671805507e-07,5.60566290704063e-06,8.81484175034979e-08,8.78429682008708e-07,8.76836576452109e-09,-3.48394174928463e-05,-2.88528020309187e-05,-1.17946628179126e-07
"north_west","beta11",3.18680440649806e-07,-5.09563706294094e-07,1.32995512393323e-07,-1.0401082129526e-07,1.09442365797389e-07,-2.65049560779561e-07,6.29502221910193e-07,-3.06422997249277e-07,2.08583689368994e-07,-1.76803551258384e-07,1.49164788962669e-07,1.58848862016144e-08,1.53924726734403e-08,-3.28779404549442e-07,2.63070253496958e-08,-3.75407265545085e-09,1.26663284193695e-08,5.84577126085076e-08,-3.31527299439347e-09,-7.38050653106776e-08,2.49632828886681e-07,2.3430951068919e-07,3.40458557147508e-06,2.32585549774727e-06,-1.04645703331587e-06,4.54364113447947e-06,4.4529713461707e-07,-1.6571008837198e-07,5.08305622438423e-07,-1.41519007297563e-06,-1.33196015092088e-06,-7.30888976952796e-07,-1.47079127250032e-07,-6.85947276834786e-08,7.05577726944528e-09,1.45930449458372e-08,9.5316370929304e-09,1.37904883611543e-08,5.83320394975155e-09,-1.07588785315862e-09,9.07030188326208e-09,3.18898700654033e-09,-1.96201316679009e-09,6.66442247375335e-09,5.9549812901155e-07,-9.60676218480102e-06,3.48937325923385e-06,-4.00155969960601e-07,-5.09780743781526e-09,-3.27977674634683e-05,8.54947502610035e-06,-4.85553143071499e-08
"north_west","beta12",-3.77232353902606e-07,1.12175414922151e-06,-1.09464530052758e-07,-4.5391415949833e-08,-8.66744170777012e-08,9.8346858584252e-08,-3.06422997249277e-07,3.2648941653447e-07,-2.59648534140972e-07,2.46799662256927e-07,-1.09208808953419e-07,1.18419577294597e-08,2.84693704431119e-09,6.53224416852917e-07,-4.59069232811765e-08,2.33599964031227e-08,1.30932103126767e-09,-5.43366325078798e-08,3.64681670717676e-08,1.11590835425957e-08,-7.4181445659864e-08,-1.12411199904642e-07,-2.32285348707716e-06,-2.14662647754057e-06,4.65571711221873e-06,-1.26038509123838e-06,-3.17202098691498e-06,1.42949166993923e-07,-3.34399100839938e-07,-2.15561635699515e-07,6.65257029047248e-07,2.86382976581289e-07,1.05302084366337e-07,6.46736687038613e-07,3.72323630956567e-10,-3.59182172001246e-09,-1.07700798215398e-09,-4.29910991284909e-09,6.33695113062477e-09,2.84203639575415e-09,3.92463539125735e-09,1.52017310763697e-09,4.93315671043777e-09,4.13910092149457e-09,-9.24307412838282e-07,7.56301750680087e-06,-3.85553793034123e-07,-5.5368216351902e-07,8.29125124061557e-11,7.47647377908434e-06,-5.65024157083237e-06,-2.42530441299519e-07
"north_west","beta13",1.68652789562848e-07,-7.53311764538514e-07,-1.49715384309852e-08,1.22154380006938e-07,1.42938461271613e-07,-5.15855252577821e-08,2.08583689368994e-07,-2.59648534140972e-07,3.21979272680899e-07,-3.42142798163826e-07,1.72135568006797e-07,5.76437163723574e-09,5.71423779805425e-09,-6.4292453911073e-07,4.01008333471695e-08,-1.43776076086632e-08,5.90127697404789e-09,6.0251351231397e-08,-3.3025151840008e-08,2.58446195343182e-08,6.29949697347801e-08,4.79783155655923e-07,2.6115382242123e-06,2.20295927543907e-06,-6.12315899007055e-06,2.60159666246653e-06,1.5028111782113e-06,-2.60326016815848e-07,3.85087868831816e-07,-1.01640460753079e-06,-1.16177297409565e-06,-2.02558383290526e-07,-5.48925972881274e-08,8.38697889966146e-07,4.01754856423999e-09,1.33040957655429e-08,9.98982292445525e-09,9.42590633824216e-09,1.1027526970022e-08,1.05616465212384e-09,6.67460083270914e-10,1.81052085760473e-09,-1.20332912693415e-09,4.00344713074431e-10,2.18597111261156e-06,-8.73476020032452e-06,1.1823776844273e-06,1.29625161053414e-06,6.61084998595971e-09,2.05090302999377e-05,1.54414545031087e-05,4.57235068721417e-07
"north_west","beta14",-8.25764734064999e-09,1.54796675755457e-06,2.42399463969574e-07,2.2005709183015e-08,-1.35037209780816e-07,6.46957261053125e-08,-1.76803551258384e-07,2.46799662256927e-07,-3.42142798163826e-07,7.33872519165033e-07,-5.57402542696587e-07,2.52553575424856e-08,-5.60955813537913e-08,3.71099896548494e-07,-7.50726469920667e-09,6.88074813687471e-09,-8.03410723362821e-09,-1.36980115694547e-08,1.72574005414678e-08,1.21993790068567e-08,-5.27599736615482e-08,-1.66797974814727e-06,-2.11844821632196e-06,-1.5109956136748e-06,7.76819041039671e-06,-4.21912848197851e-06,-2.48719802192689e-06,3.33357069989229e-07,-2.59731298906526e-07,-3.74850759568935e-08,1.44546924839307e-06,-7.82149691033747e-08,1.88237826850492e-08,-2.8583050434041e-06,5.60117249725912e-09,-8.85165900970168e-09,4.75818082722714e-09,-3.7273191359094e-09,-7.81839381213687e-09,5.15338770579559e-09,2.43685599642209e-09,5.38396484368915e-09,3.69521825387752e-09,3.64859286545025e-09,9.47028947064832e-08,6.45277223675498e-06,-1.73661336498596e-06,-7.26024304655883e-07,-1.05027416479017e-08,9.17267150752464e-05,-3.25370767670048e-05,8.14492943368755e-07
"north_west","beta15",3.20642438420523e-07,-3.21692127021463e-07,-2.96137056008369e-07,-3.23665901094797e-08,1.14012819551532e-07,-3.97129481519584e-08,1.49164788962669e-07,-1.09208808953419e-07,1.72135568006797e-07,-5.57402542696587e-07,8.8027199586155e-07,-6.00388464622084e-08,1.31568036137487e-07,-1.31245914214188e-07,-2.62080495458203e-09,-1.71748937903085e-09,4.58122420212989e-08,-5.74127093405983e-08,5.07262030674209e-08,-3.2842883583171e-08,5.26334444329838e-08,1.61821583020959e-06,2.04254597638258e-06,2.74052892485598e-06,-3.70281077942362e-06,4.83294229098074e-06,-1.32973158461518e-07,-2.43019028436805e-07,4.38065603525523e-07,-7.37743219223679e-07,-1.92179470297777e-06,-4.25732797357993e-07,-5.36566503454414e-09,5.07591066010622e-06,-1.80656247753394e-09,1.88697947987045e-08,6.71022227283726e-09,7.8170578993336e-09,1.65424795116577e-08,3.1624821999923e-09,6.43719167831596e-09,4.19556930930075e-09,-1.66527878868199e-09,-7.42104892150479e-10,-3.46029276176082e-06,-1.08134929428513e-05,8.24491042058421e-07,8.10866948434465e-07,-1.41508234359525e-08,-4.11281432672788e-05,2.4473479658667e-05,-6.96459169935963e-07
"north_west","beta16",-1.14515005768703e-07,1.12132523625568e-08,-1.16583984500459e-07,3.84828799947131e-08,-8.5288503402735e-09,9.94442512964524e-09,1.58848862016144e-08,1.18419577294597e-08,5.76437163723574e-09,2.52553575424856e-08,-6.00388464622084e-08,6.49099326574428e-08,-3.22892473343272e-09,5.27259433025618e-08,-7.04549900686042e-09,1.23926888428813e-08,-7.50548992305917e-10,2.11511705093301e-09,1.07570062511771e-08,3.78956649321144e-09,1.02120977303418e-08,2.5728878854493e-07,-2.57090133022122e-07,-1.45859676829635e-06,-1.56783366670189e-07,6.51367806067516e-07,-1.66921995369522e-06,4.80871049164719e-09,-1.7857624101503e-07,-8.81830555581107e-07,-1.19230115104185e-07,-3.86389335536428e-08,-1.40651545700187e-08,4.02583807195853e-07,4.80358366710939e-09,4.26681551255128e-09,5.1424225075822e-09,2.39313749576144e-09,6.34685348709587e-09,2.12468324044369e-09,2.88146841259446e-09,2.2260925257363e-09,2.67230153334308e-09,5.74177487225554e-09,-5.67984377342329e-07,5.52790681692809e-06,5.59565234732771e-07,-8.91954273262184e-08,8.48694163102459e-10,-0.000141267220645089,-9.94867472178583e-06,-1.42432696160401e-06
"north_west","beta17",-4.33128545849158e-08,1.36239517145637e-06,-2.02657221434977e-07,4.20599331856681e-08,1.68964296544178e-08,1.15201641710412e-09,1.53924726734403e-08,2.84693704431119e-09,5.71423779805425e-09,-5.60955813537913e-08,1.31568036137487e-07,-3.22892473343272e-09,1.12063186205165e-07,4.06909452218651e-08,-1.62595196923098e-08,1.55863283573109e-08,-5.27570651407018e-09,-3.60761000310818e-09,2.50593969089087e-08,-2.35180257666048e-08,1.4993836757974e-08,-1.03204320265311e-07,-5.05133901597771e-07,3.93939205692872e-07,-2.38822793963372e-06,1.63993359858982e-06,-8.74705204515838e-07,-1.41853574799444e-07,7.38676841420799e-08,-4.96547136483288e-07,-1.06484495357938e-09,-1.14918222227694e-08,-3.9413154307888e-08,9.59231336448543e-07,2.76660399787128e-10,6.49119753532414e-09,9.40352965832305e-09,3.63990365053405e-09,6.80315230238278e-09,4.42561074691163e-09,4.09766310659348e-09,4.44449607001277e-09,2.68437423782744e-09,2.17780685154853e-09,-2.49992955661099e-06,-1.16869065175959e-06,1.95728198513299e-08,1.44345509885792e-06,-1.03706283457209e-08,-0.000189987001337808,1.5647386431577e-06,-1.74291969720921e-06
"north_west","beta2",-3.1345228342659e-06,9.58270360864251e-06,-2.56505437828812e-06,-1.49060183389184e-06,-4.49084277632334e-06,1.98419903386182e-07,-3.28779404549442e-07,6.53224416852917e-07,-6.4292453911073e-07,3.71099896548494e-07,-1.31245914214188e-07,5.27259433025618e-08,4.06909452218651e-08,2.15019238614847e-05,-1.18349343704943e-06,5.5861585828265e-07,-3.4530116337658e-07,-2.1228781122893e-07,2.28712862410149e-07,-7.82905486086029e-08,-1.25497373892648e-07,8.52195327954963e-06,-1.43271526003121e-05,-2.0187891039057e-05,1.60783378262066e-05,-6.44056983580155e-07,-2.05597734557882e-05,-2.43822758561039e-06,-2.58793623862511e-06,2.20673862570131e-06,1.12508800161525e-07,-2.92196826394272e-06,5.81628640757079e-07,-1.08919777982358e-05,-2.15776243989774e-08,-4.30678691652066e-08,-4.76968801512115e-08,-2.70851599698095e-08,5.5540271687363e-09,-4.25967976487575e-08,1.2535409107297e-08,-1.1898484014472e-08,2.28799187534284e-08,2.31742025941221e-08,-3.04290453399516e-05,0.000108804309277855,-1.22688030740599e-05,-6.73809269299822e-06,1.77406020994979e-08,-0.000291872163500209,-0.000859857679655416,-2.87043070808553e-06
"north_west","beta3",1.64664160391266e-07,-2.15005150483813e-06,3.36923191702018e-07,-7.67586778699999e-08,1.26005983318334e-07,-1.8150669541758e-08,2.63070253496958e-08,-4.59069232811765e-08,4.01008333471695e-08,-7.50726469920667e-09,-2.62080495458203e-09,-7.04549900686042e-09,-1.62595196923098e-08,-1.18349343704943e-06,1.55446765574087e-07,-1.02217200709421e-07,8.37150224163383e-08,-2.72842355503227e-08,1.59374402255435e-09,-5.45915329730401e-09,1.82153974963971e-08,-4.39634349827607e-07,1.21854908343894e-06,4.24666780710857e-07,1.85024933268049e-06,1.17409896128585e-06,-1.41465602060695e-07,1.75335890798466e-07,1.76214635845272e-07,-4.80096663020669e-08,-1.37472143501339e-07,1.08807212477561e-07,3.7334249335734e-08,4.84580374351388e-07,3.26176135317072e-09,5.96557716362712e-09,1.14717364909565e-09,1.82657044991723e-09,5.12867677712088e-09,3.07426071638899e-09,-2.69728440534278e-09,1.46056996066849e-09,-3.87529647034498e-09,-4.47392909846847e-09,3.23538011154443e-06,-4.62275487989598e-06,4.83254248940744e-07,-2.3065113771159e-06,-9.39879755981045e-11,5.38523214551802e-05,1.60672690600228e-05,5.83092079428628e-07
"north_west","beta4",-7.21056977391829e-08,1.16260487459781e-06,-2.27102720192202e-07,4.26422458512176e-09,-4.10353774442605e-08,1.78106443756781e-08,-3.75407265545085e-09,2.33599964031227e-08,-1.43776076086632e-08,6.88074813687471e-09,-1.71748937903085e-09,1.23926888428813e-08,1.55863283573109e-08,5.5861585828265e-07,-1.02217200709421e-07,9.2107756332238e-08,-9.69710800593885e-08,5.29785649812067e-08,-1.33051771134231e-08,1.94688748022906e-08,-1.35613298527266e-08,-3.8501041752766e-08,-7.03177800734886e-07,-1.1914147237077e-07,-2.09524191096091e-06,1.15872654849541e-07,-3.29184552237985e-07,-9.32515457146702e-08,-7.89088876961638e-08,-3.87854870312636e-07,1.91068454993945e-07,-7.05570843555572e-08,-5.37288933114056e-08,1.02695895616669e-06,-2.04096283163824e-09,-4.99403980909243e-09,1.00693974915886e-10,6.18350694679264e-10,-1.17274493018663e-09,-1.91426530432275e-09,2.94297734827515e-09,-1.0651700857684e-09,2.73261367907506e-09,5.01685493473607e-09,-2.18877319705001e-06,1.15090777012697e-06,6.14153660420047e-07,2.30345550282836e-06,6.01288083075514e-10,-5.80759773374802e-05,-6.31666934815193e-06,-5.65639105457075e-07
"north_west","beta5",6.38992974278044e-08,-7.54833254639889e-07,1.98812338686205e-07,8.46169533656187e-09,2.25343871187812e-08,-2.02569063856536e-08,1.26663284193695e-08,1.30932103126767e-09,5.90127697404789e-09,-8.03410723362821e-09,4.58122420212989e-08,-7.50548992305917e-10,-5.27570651407018e-09,-3.4530116337658e-07,8.37150224163383e-08,-9.69710800593885e-08,1.92391734299637e-07,-2.05508035848131e-07,9.75710590484733e-08,-6.37886316729196e-08,3.74594966481183e-08,-4.1757336631712e-08,5.46483660114425e-07,-1.43924876659902e-06,3.75037616422229e-06,-1.39407501470612e-07,-2.24994338429923e-07,2.02098224697895e-07,-6.94577107218097e-08,-1.94099934286075e-07,-6.74681751319523e-08,6.89351895329911e-08,1.95304640415078e-08,-1.31393792711273e-06,4.32334961233575e-09,1.24179930033153e-08,5.6817126784935e-09,1.10681098718754e-09,9.46152960334173e-09,3.93367274255685e-09,-2.01558126872601e-09,3.31092831819871e-09,1.0140893638749e-10,-3.29356050229794e-09,1.7750618025801e-06,3.59221611389932e-06,3.73296941208456e-08,-5.81171211846077e-07,-2.93016511901028e-09,3.32287816830033e-05,-2.04511271223463e-07,3.21367560841005e-07
"north_west","beta6",-5.90031514159162e-08,9.5297308544813e-07,-1.36100702203331e-07,2.30153277040859e-07,7.88948382178888e-09,9.87932857063552e-09,5.84577126085076e-08,-5.43366325078798e-08,6.0251351231397e-08,-1.36980115694547e-08,-5.74127093405983e-08,2.11511705093301e-09,-3.60761000310818e-09,-2.1228781122893e-07,-2.72842355503227e-08,5.29785649812067e-08,-2.05508035848131e-07,4.825371389064e-07,-3.35706831303213e-07,2.09768039072576e-07,-4.74148451373508e-08,7.14391091506216e-07,1.05929621287616e-06,3.11949529851933e-06,-7.35257760408886e-06,1.26177245351892e-06,4.00018485883508e-07,-4.0985591755335e-07,2.57041308476269e-07,-3.88884651696997e-07,-8.36980291663555e-07,-4.1071137109729e-07,-5.32582165633176e-08,2.62124189715099e-06,-8.29727330360239e-10,-5.69743747324439e-09,-6.61816332034278e-09,4.21967750107478e-09,-3.88161580267164e-09,-1.09029754575111e-09,2.80502932580417e-09,-2.74486754783299e-09,-4.22264481842015e-09,1.41993093171139e-09,-1.53389939659573e-06,-9.10618783900351e-06,2.02274000187896e-06,-2.57680397040027e-06,4.99343670552663e-11,1.25432776410521e-05,-1.88141465047903e-05,2.81602414073148e-07
"north_west","beta7",-7.79252420058046e-08,-3.92722236224933e-07,-1.20117053071369e-08,1.14487856060127e-08,3.16305958307632e-08,-3.19651986004012e-08,-3.31527299439347e-09,3.64681670717676e-08,-3.3025151840008e-08,1.72574005414678e-08,5.07262030674209e-08,1.07570062511771e-08,2.50593969089087e-08,2.28712862410149e-07,1.59374402255435e-09,-1.33051771134231e-08,9.75710590484733e-08,-3.35706831303213e-07,3.92323664663912e-07,-3.81479812251608e-07,1.21797777219513e-07,-1.23446685788435e-06,-7.14539689201791e-07,-9.51802199683908e-07,1.92232282468467e-06,5.15357296816806e-08,-7.29597296095072e-07,2.80330030549696e-07,5.14864125426192e-08,-4.00079477271004e-07,4.54066810264056e-07,2.65416233097819e-07,5.85552044888301e-08,-9.97712295802675e-07,2.58134234173253e-09,7.5977341197347e-09,1.03071650886287e-08,3.70648555853396e-10,1.49087890326514e-09,1.85697658584822e-09,4.51163486905706e-09,2.31744225666989e-09,4.24713323805112e-09,3.805200067937e-09,1.32696301697026e-06,3.76289480745868e-06,-7.73817520305328e-07,2.60886467834561e-06,-8.41001511133237e-09,-4.75394136596195e-05,2.3092485784918e-05,-5.6736042364069e-07
"north_west","beta8",1.92384934640603e-07,4.87829836124894e-08,-3.70631386193839e-08,-1.80412759607312e-07,-4.00360926713308e-08,1.30240793607763e-07,-7.38050653106776e-08,1.11590835425957e-08,2.58446195343182e-08,1.21993790068567e-08,-3.2842883583171e-08,3.78956649321144e-09,-2.35180257666048e-08,-7.82905486086029e-08,-5.45915329730401e-09,1.94688748022906e-08,-6.37886316729196e-08,2.09768039072576e-07,-3.81479812251608e-07,6.38861913447802e-07,-3.1242350071667e-07,1.96186414583973e-06,3.6885001740984e-07,-1.42659761585225e-06,5.0218285136434e-06,-4.70550639681379e-07,-6.24640872191166e-07,-5.05675825867667e-09,-2.85232600123465e-07,-2.64963330353633e-07,-7.81741635980824e-07,-3.19569912426384e-07,8.77921865890699e-10,7.96088465596734e-07,3.60585872120732e-09,-4.99352944249422e-09,-4.3601970856693e-09,1.90678822847518e-09,5.45203444669286e-09,4.03121776474735e-09,-1.39465589342272e-09,2.11946768213204e-09,8.28300578420861e-10,-1.38446701436996e-09,9.88162506211351e-09,3.54038964038326e-06,6.24393046441843e-07,-7.435471846355e-07,1.17794970389872e-08,4.01100175469082e-05,-2.78371085420766e-05,5.92553329738219e-07
"north_west","beta9",-1.85189606170887e-08,-3.99840924756856e-07,1.30688099342648e-07,-5.88640689770901e-08,1.15134724836819e-07,-2.14919286348817e-07,2.49632828886681e-07,-7.4181445659864e-08,6.29949697347801e-08,-5.27599736615482e-08,5.26334444329838e-08,1.02120977303418e-08,1.4993836757974e-08,-1.25497373892648e-07,1.82153974963971e-08,-1.35613298527266e-08,3.74594966481183e-08,-4.74148451373508e-08,1.21797777219513e-07,-3.1242350071667e-07,3.91472630522253e-07,4.47628852035807e-07,2.60653979454028e-06,2.42601888162081e-06,-4.51379056794321e-06,3.27206692355992e-06,-4.49055251834795e-07,-2.75734892746425e-07,3.8796333485113e-07,-8.17590044189792e-07,-1.11875904949318e-06,-1.66070394668345e-07,3.96570890775058e-08,-1.21270163401108e-06,1.72756909197648e-09,7.03258769990474e-09,8.51818516069684e-09,5.05743399548625e-09,1.22690518469544e-08,-1.6130507986751e-09,3.20704282162799e-09,2.87308225086234e-09,-2.36713283003064e-09,7.1707213015702e-09,2.22023432207161e-07,-7.77569367014964e-06,1.74067200137618e-06,-2.6000902161331e-06,-6.23889462851061e-09,-1.94104067089181e-05,2.84940133253001e-05,-1.72002676171691e-07
"north_west","mu_D",7.41632448441339e-07,2.40006685521574e-05,7.87446427892883e-06,-7.44189420698611e-06,1.07015563349842e-06,3.36955594424485e-07,2.3430951068919e-07,-1.12411199904642e-07,4.79783155655923e-07,-1.66797974814727e-06,1.61821583020959e-06,2.5728878854493e-07,-1.03204320265311e-07,8.52195327954963e-06,-4.39634349827607e-07,-3.8501041752766e-08,-4.1757336631712e-08,7.14391091506216e-07,-1.23446685788435e-06,1.96186414583973e-06,4.47628852035807e-07,0.000304246650046263,0.000116096209425887,8.26949491888595e-05,5.09883063574581e-06,9.75087268850032e-05,-4.09548882510957e-05,-1.18775341692833e-05,4.65100957400549e-07,-6.38690226991176e-06,-0.000135193806335074,-9.5632909541126e-06,8.34086298608418e-06,-5.1395169733522e-05,5.01784940194202e-08,1.30748806172685e-09,9.31498271242168e-09,5.00972313553044e-08,1.29919851667587e-07,3.06260433010119e-09,1.08917110158532e-07,1.46524229150243e-08,6.8099496023788e-08,7.9186139627187e-08,3.17494076604964e-05,-4.72286116590772e-05,3.38846364905008e-05,-0.000112018669022789,2.11911546404938e-07,-0.00148952668987286,0.000539159573258065,-8.51320813910115e-06
"north_west","mu_D_2",5.28047797560998e-06,-2.15356990101257e-05,1.33665137430376e-05,-7.09054917946239e-06,6.95312252276587e-06,-1.48165448375563e-06,3.40458557147508e-06,-2.32285348707716e-06,2.6115382242123e-06,-2.11844821632196e-06,2.04254597638258e-06,-2.57090133022122e-07,-5.05133901597771e-07,-1.43271526003121e-05,1.21854908343894e-06,-7.03177800734886e-07,5.46483660114425e-07,1.05929621287616e-06,-7.14539689201791e-07,3.6885001740984e-07,2.60653979454028e-06,0.000116096209425887,0.000279212670277463,0.000100073663521392,4.42536322366938e-05,0.000217780600917537,-2.74984340655318e-05,-2.53552221129002e-05,1.07298004839254e-05,-2.1922147548491e-05,-0.000164717655288589,-9.19777878949126e-06,3.06858699924705e-06,-1.76179039347446e-05,3.56260885114699e-08,9.30344992402565e-08,1.1200058585353e-07,1.29415354214871e-07,2.35751827723234e-07,1.01354203825974e-07,5.53469259326954e-08,-3.39166536835896e-08,-5.89676637404115e-08,-3.75137071154895e-09,8.80602194176243e-05,-0.000251126293644457,5.98438384440042e-05,-8.68374147896592e-05,-1.8263592138624e-07,0.00235887533025434,0.00174817291454047,2.77366872370219e-05
"north_west","mu_D_3",5.47508212375479e-06,5.30059417214267e-05,4.26089071088264e-06,1.06816341589002e-05,9.80671058043189e-06,-1.35979806571398e-06,2.32585549774727e-06,-2.14662647754057e-06,2.20295927543907e-06,-1.5109956136748e-06,2.74052892485598e-06,-1.45859676829635e-06,3.93939205692872e-07,-2.0187891039057e-05,4.24666780710857e-07,-1.1914147237077e-07,-1.43924876659902e-06,3.11949529851933e-06,-9.51802199683908e-07,-1.42659761585225e-06,2.42601888162081e-06,8.26949491888595e-05,0.000100073663521392,0.000749171216950359,-0.000409574214982943,-0.000279120449316109,0.000159415742109799,-1.04000717826423e-05,6.10902964829447e-05,2.08278179571601e-05,-0.000105515827915982,-6.07110309097426e-06,6.14089086783062e-07,3.00173046793897e-05,1.09584717693043e-07,1.17365673814339e-07,2.71515742810849e-07,8.72600483990728e-08,-1.95410668338646e-07,-5.89524420639207e-08,-5.3223835342297e-08,5.47882190692371e-08,-1.00622144184139e-07,1.88014197284288e-07,0.000135147405209177,-0.00218990485634292,-3.68270426110843e-05,-0.000121179590154642,5.70556708478522e-07,0.00361304254280592,0.00280233155525205,3.24377657037714e-05
"north_west","mu_D_4",-4.61069143601357e-06,-0.000324557354797058,-1.50790000421189e-05,-3.12445102479847e-05,-1.56909774272654e-05,3.38451895891176e-07,-1.04645703331587e-06,4.65571711221873e-06,-6.12315899007055e-06,7.76819041039671e-06,-3.70281077942362e-06,-1.56783366670189e-07,-2.38822793963372e-06,1.60783378262066e-05,1.85024933268049e-06,-2.09524191096091e-06,3.75037616422229e-06,-7.35257760408886e-06,1.92232282468467e-06,5.0218285136434e-06,-4.51379056794321e-06,5.09883063574581e-06,4.42536322366938e-05,-0.000409574214982943,0.00740316780341667,-0.000125657918745412,-0.00090650610705432,-4.07431876939977e-05,1.13132698112859e-05,-7.30525316487518e-06,6.53415492227108e-05,-1.26830842490452e-05,5.60962900318603e-06,-0.000194827765362925,8.35162127721134e-07,-1.40363628223717e-07,-6.95087454887367e-07,9.06043981450612e-08,-6.566474228035e-07,6.86697180294012e-07,1.1471105534779e-06,2.23330405795795e-07,1.45788612227037e-07,-7.0765903775887e-07,7.90438935366667e-05,-0.000422441156810276,-4.2200576503796e-05,-0.000374595336991578,-2.42774510080483e-06,0.00470528631241747,-0.00459208551861125,5.15108640081091e-05
"north_west","mu_gamma_H",-4.96511734517645e-07,-4.69704424736177e-05,1.20711026437881e-05,-4.05251281848877e-05,5.1671181903716e-06,-4.38423166633456e-07,4.54364113447947e-06,-1.26038509123838e-06,2.60159666246653e-06,-4.21912848197851e-06,4.83294229098074e-06,6.51367806067516e-07,1.63993359858982e-06,-6.44056983580155e-07,1.17409896128585e-06,1.15872654849541e-07,-1.39407501470612e-07,1.26177245351892e-06,5.15357296816806e-08,-4.70550639681379e-07,3.27206692355992e-06,9.75087268850032e-05,0.000217780600917537,-0.000279120449316109,-0.000125657918745412,0.00174221343007398,-0.000546553822172471,-4.20841005134225e-05,-6.95203623657801e-06,-7.5264238360454e-05,-0.000112648326117628,1.08361767183459e-06,-2.48390640350613e-07,1.40283109997661e-05,2.6519659772447e-07,6.41906721945176e-07,-3.62418740398648e-09,4.77489450658444e-07,1.11794847169028e-06,3.01815571271152e-08,2.63896616597725e-07,8.68243248009906e-09,3.60871405556718e-07,3.9602399114107e-07,0.000107361359307625,0.000704444659812499,0.000151470480779001,-1.82818620835488e-05,-7.34946889497663e-08,-0.00309772261487719,0.00166942375447434,-1.36609424015886e-05
"north_west","mu_gamma_H_2",1.1237857946703e-05,8.62366749318077e-05,-3.41318598109772e-06,1.26522936907356e-05,7.24815497848364e-06,-1.91720181543496e-06,4.4529713461707e-07,-3.17202098691498e-06,1.5028111782113e-06,-2.48719802192689e-06,-1.32973158461518e-07,-1.66921995369522e-06,-8.74705204515838e-07,-2.05597734557882e-05,-1.41465602060695e-07,-3.29184552237985e-07,-2.24994338429923e-07,4.00018485883508e-07,-7.29597296095072e-07,-6.24640872191166e-07,-4.49055251834795e-07,-4.09548882510957e-05,-2.74984340655318e-05,0.000159415742109799,-0.00090650610705432,-0.000546553822172471,0.00142385716452165,-7.26800612928139e-07,6.00617188326901e-06,6.75282471485823e-05,1.70455899848868e-05,-1.18006532388991e-05,-7.04868626939065e-06,0.000103060784322385,-5.74655855210775e-07,-6.51553007096484e-07,-2.32846088866091e-07,-2.48332046691759e-07,-5.56445024607095e-07,-3.81955381679451e-07,-5.25596917094713e-07,-4.39523570338712e-07,-3.67361358109552e-07,-5.83005494315676e-07,1.66981080074699e-06,-4.90819469039346e-05,-0.000271980230978713,0.000417173186794879,-4.08834986198678e-07,0.000808662319425964,0.00219849858172595,-1.12345279607852e-06
"north_west","p_G_D",4.35605019553008e-06,-6.93818181048391e-05,1.48778366864422e-06,3.66840839069312e-06,-4.05605411364668e-07,9.22265922749257e-08,-1.6571008837198e-07,1.42949166993923e-07,-2.60326016815848e-07,3.33357069989229e-07,-2.43019028436805e-07,4.80871049164719e-09,-1.41853574799444e-07,-2.43822758561039e-06,1.75335890798466e-07,-9.32515457146702e-08,2.02098224697895e-07,-4.0985591755335e-07,2.80330030549696e-07,-5.05675825867667e-09,-2.75734892746425e-07,-1.18775341692833e-05,-2.53552221129002e-05,-1.04000717826423e-05,-4.07431876939977e-05,-4.20841005134225e-05,-7.26800612928139e-07,4.59324995467736e-05,-1.5342422070878e-06,3.73589710509373e-06,2.45077949969176e-05,3.6781229904047e-07,-7.671531874665e-07,1.83899309268862e-06,-5.52345846415849e-08,-3.4913559957999e-08,-7.63027814124922e-08,-3.01971412944887e-08,-1.39119390564107e-07,-2.8299801907111e-08,-5.97779556198481e-08,-1.76628109071594e-09,-1.61955952461095e-08,-7.73126745276589e-08,-2.58456998415707e-05,9.90284584469937e-06,7.49513580849407e-06,1.07600806134856e-05,4.13535566708814e-08,0.000458321429410186,-0.000264163554414581,2.77027363062374e-06
"north_west","p_G_D_2",6.13279897533944e-07,1.42415750484461e-05,1.72348920899485e-07,1.68679224745255e-06,5.14660602420633e-07,-2.67671868856776e-07,5.08305622438423e-07,-3.34399100839938e-07,3.85087868831816e-07,-2.59731298906526e-07,4.38065603525523e-07,-1.7857624101503e-07,7.38676841420799e-08,-2.58793623862511e-06,1.76214635845272e-07,-7.89088876961638e-08,-6.94577107218097e-08,2.57041308476269e-07,5.14864125426192e-08,-2.85232600123465e-07,3.8796333485113e-07,4.65100957400549e-07,1.07298004839254e-05,6.10902964829447e-05,1.13132698112859e-05,-6.95203623657801e-06,6.00617188326901e-06,-1.5342422070878e-06,1.434336587816e-05,-1.94614017427683e-06,-1.21556624964801e-06,4.60204053499674e-07,7.25102249628651e-07,3.46839527899599e-06,2.67628507214875e-08,7.20736015450287e-08,2.76392882035689e-08,3.07169890821852e-08,1.99478863186238e-08,-1.04530677233151e-08,7.85909668729027e-09,3.32304901128948e-09,-8.75554374977953e-09,4.95986549431713e-08,2.6576029855107e-05,-0.000234782389847877,1.1719837557545e-05,-3.14244935958868e-05,1.71664257147406e-08,0.000424032849440354,6.96734181873597e-05,4.78706162466108e-06
"north_west","p_H",2.52738568927984e-06,-1.33687112071234e-05,1.16147761877182e-06,-2.27169931973867e-06,-1.05724150761247e-06,-2.22440744139369e-07,-1.41519007297563e-06,-2.15561635699515e-07,-1.01640460753079e-06,-3.74850759568935e-08,-7.37743219223679e-07,-8.81830555581107e-07,-4.96547136483288e-07,2.20673862570131e-06,-4.80096663020669e-08,-3.87854870312636e-07,-1.94099934286075e-07,-3.88884651696997e-07,-4.00079477271004e-07,-2.64963330353633e-07,-8.17590044189792e-07,-6.38690226991176e-06,-2.1922147548491e-05,2.08278179571601e-05,-7.30525316487518e-06,-7.5264238360454e-05,6.75282471485823e-05,3.73589710509373e-06,-1.94614017427683e-06,5.99044340008532e-05,3.95228462234169e-06,7.85081895667966e-07,-2.44108853250778e-06,-4.04614420210015e-05,-1.8156847156659e-07,-2.71821516346652e-07,-2.83697236294645e-07,-2.52026208223249e-07,-4.22878549729385e-07,-1.06178435687707e-07,-1.83158441162885e-07,-1.27476234571362e-07,-7.75986522101714e-08,-1.78500490361992e-07,-2.25465809667152e-06,-1.82027357406721e-05,-0.000111023417585729,2.04226884582808e-05,7.11463396328962e-08,0.00130890961879528,0.000168607284674752,7.31295148967644e-06
"north_west","p_H_D",2.91859225962172e-07,-2.53367466105733e-05,-4.26630529706677e-06,8.05480430446845e-06,-3.81211176076092e-06,1.01302556644667e-07,-1.33196015092088e-06,6.65257029047248e-07,-1.16177297409565e-06,1.44546924839307e-06,-1.92179470297777e-06,-1.19230115104185e-07,-1.06484495357938e-09,1.12508800161525e-07,-1.37472143501339e-07,1.91068454993945e-07,-6.74681751319523e-08,-8.36980291663555e-07,4.54066810264056e-07,-7.81741635980824e-07,-1.11875904949318e-06,-0.000135193806335074,-0.000164717655288589,-0.000105515827915982,6.53415492227108e-05,-0.000112648326117628,1.70455899848868e-05,2.45077949969176e-05,-1.21556624964801e-06,3.95228462234169e-06,0.000181778512945412,1.10945638621204e-05,-1.42571262721293e-06,-3.768543866348e-05,-1.10309573275054e-07,-6.97347613276158e-08,-9.41828121938678e-08,-1.70402596167783e-08,-2.98156153049492e-07,-9.71609240074173e-08,-7.62895659201633e-08,-2.74030920059222e-08,-3.79945629039805e-08,-1.79534973216877e-07,-7.11422125442048e-05,8.72820373498162e-05,8.34427346826069e-06,1.68954405719809e-05,-1.4314602901333e-08,0.000472110868453434,-0.00115256358457493,-1.55117164511454e-06
"north_west","p_ICU",-7.56917477839401e-07,7.18975785896876e-06,-5.92490731137029e-07,3.78154342722872e-07,4.13719593169351e-07,1.36234428242241e-07,-7.30888976952796e-07,2.86382976581289e-07,-2.02558383290526e-07,-7.82149691033747e-08,-4.25732797357993e-07,-3.86389335536428e-08,-1.14918222227694e-08,-2.92196826394272e-06,1.08807212477561e-07,-7.05570843555572e-08,6.89351895329911e-08,-4.1071137109729e-07,2.65416233097819e-07,-3.19569912426384e-07,-1.66070394668345e-07,-9.5632909541126e-06,-9.19777878949126e-06,-6.07110309097426e-06,-1.26830842490452e-05,1.08361767183459e-06,-1.18006532388991e-05,3.6781229904047e-07,4.60204053499674e-07,7.85081895667966e-07,1.10945638621204e-05,2.39942311476851e-05,-1.17805656205342e-06,2.41369706310714e-06,-3.03322796863847e-08,-1.05380567720531e-08,-8.26202213615844e-08,-2.19556060785667e-08,-1.6820202725056e-08,-2.39129818315628e-08,1.49766481579983e-08,-1.81836092263204e-08,-4.89827916728863e-09,2.00017110980489e-08,-8.25039225356706e-06,3.68849782021253e-06,5.46673297888242e-06,1.94129311710886e-05,4.73007321664547e-08,-0.000320250862786559,0.000145546550536312,-2.43103227537102e-06
"north_west","p_ICU_2",-3.25030622952844e-09,6.97304840529701e-06,3.47658964974344e-07,-5.30472656495354e-07,-2.02295884048132e-08,8.19749713956643e-08,-1.47079127250032e-07,1.05302084366337e-07,-5.48925972881274e-08,1.88237826850492e-08,-5.36566503454414e-09,-1.40651545700187e-08,-3.9413154307888e-08,5.81628640757079e-07,3.7334249335734e-08,-5.37288933114056e-08,1.95304640415078e-08,-5.32582165633176e-08,5.85552044888301e-08,8.77921865890699e-10,3.96570890775058e-08,8.34086298608418e-06,3.06858699924705e-06,6.14089086783062e-07,5.60962900318603e-06,-2.48390640350613e-07,-7.04868626939065e-06,-7.671531874665e-07,7.25102249628651e-07,-2.44108853250778e-06,-1.42571262721293e-06,-1.17805656205342e-06,4.41748499564513e-06,4.02017358236947e-07,-1.14653868889473e-08,1.48203468120827e-08,5.11188721089151e-09,-5.87379091708024e-09,3.34751288733327e-09,-1.47216103774552e-08,1.29578208458256e-08,2.03888220541231e-09,6.69237181470715e-09,1.11661761584204e-08,7.7325694073293e-06,6.54253223247942e-06,8.99868180130311e-06,-6.41056088819838e-05,1.82076184238791e-08,0.000154434968358341,1.07067003272754e-05,1.83721527938681e-06
"north_west","p_ICU_D",-1.80958944037965e-06,7.09453392177788e-05,-7.41282825685654e-06,5.4049539627417e-06,1.27997649270321e-06,1.17548784591849e-06,-6.85947276834786e-08,6.46736687038613e-07,8.38697889966146e-07,-2.8583050434041e-06,5.07591066010622e-06,4.02583807195853e-07,9.59231336448543e-07,-1.08919777982358e-05,4.84580374351388e-07,1.02695895616669e-06,-1.31393792711273e-06,2.62124189715099e-06,-9.97712295802675e-07,7.96088465596734e-07,-1.21270163401108e-06,-5.1395169733522e-05,-1.76179039347446e-05,3.00173046793897e-05,-0.000194827765362925,1.40283109997661e-05,0.000103060784322385,1.83899309268862e-06,3.46839527899599e-06,-4.04614420210015e-05,-3.768543866348e-05,2.41369706310714e-06,4.02017358236947e-07,0.00103834396298825,7.23285099412622e-08,4.47788118300664e-07,-1.78992531928814e-07,1.76487124208469e-07,1.98575299486441e-07,3.55667494521961e-08,-5.45199785210063e-09,9.59132322527507e-08,3.71190047523579e-08,4.50342511131496e-07,-0.00014132246212307,-0.000420499152656602,0.000133033300015723,1.29490819098703e-05,-5.71385238369939e-07,-0.00282407617371686,-0.000185859548947499,-2.50825685954132e-05
"north_west","p_NC_15_24",-3.11649251083941e-08,2.28764344148884e-08,-2.44895863456743e-08,1.98241661459981e-08,-7.42398183153307e-09,9.92254082034817e-10,7.05577726944528e-09,3.72323630956567e-10,4.01754856423999e-09,5.60117249725912e-09,-1.80656247753394e-09,4.80358366710939e-09,2.76660399787128e-10,-2.15776243989774e-08,3.26176135317072e-09,-2.04096283163824e-09,4.32334961233575e-09,-8.29727330360239e-10,2.58134234173253e-09,3.60585872120732e-09,1.72756909197648e-09,5.01784940194202e-08,3.56260885114699e-08,1.09584717693043e-07,8.35162127721134e-07,2.6519659772447e-07,-5.74655855210775e-07,-5.52345846415849e-08,2.67628507214875e-08,-1.8156847156659e-07,-1.10309573275054e-07,-3.03322796863847e-08,-1.14653868889473e-08,7.23285099412622e-08,6.28382366686943e-09,3.3490869698156e-09,2.44962104223462e-09,1.1852212419975e-09,3.28549167454555e-09,8.48559299311514e-10,1.31266471469557e-09,1.39384165358045e-09,6.20539427138128e-10,1.18406037222785e-09,-2.11403781204262e-08,-4.49471731896461e-07,-1.58600005792742e-07,5.51387228353392e-08,-4.49373392734592e-10,-3.09630301666584e-06,-5.45638156329017e-06,2.33605902699091e-08
"north_west","p_NC_25_49",-1.61360670143736e-08,-1.33301756429749e-07,-2.03251932185261e-08,-2.4591112022922e-08,1.52239159272212e-08,-1.76163386384897e-09,1.45930449458372e-08,-3.59182172001246e-09,1.33040957655429e-08,-8.85165900970168e-09,1.88697947987045e-08,4.26681551255128e-09,6.49119753532414e-09,-4.30678691652066e-08,5.96557716362712e-09,-4.99403980909243e-09,1.24179930033153e-08,-5.69743747324439e-09,7.5977341197347e-09,-4.99352944249422e-09,7.03258769990474e-09,1.30748806172685e-09,9.30344992402565e-08,1.17365673814339e-07,-1.40363628223717e-07,6.41906721945176e-07,-6.51553007096484e-07,-3.4913559957999e-08,7.20736015450287e-08,-2.71821516346652e-07,-6.97347613276158e-08,-1.05380567720531e-08,1.48203468120827e-08,4.47788118300664e-07,3.3490869698156e-09,1.2936752494093e-08,2.92805996293143e-09,2.59979510151357e-09,5.33263944855951e-09,2.52498578693154e-09,1.90645240664719e-09,1.47606878211549e-09,6.84965117509345e-10,1.14782373712157e-09,-5.70729603907683e-08,-9.92334640139372e-07,-1.78312702388084e-07,-4.09123039281072e-07,-2.17120857256199e-09,-7.91479475508567e-06,2.27862695420025e-06,-2.11432310933285e-08
"north_west","p_NC_50_64",-6.13850399590675e-09,4.68306302996786e-07,-7.43791052703437e-09,3.21840362399349e-08,2.7079698948854e-08,7.03312216995775e-10,9.5316370929304e-09,-1.07700798215398e-09,9.98982292445525e-09,4.75818082722714e-09,6.71022227283726e-09,5.1424225075822e-09,9.40352965832305e-09,-4.76968801512115e-08,1.14717364909565e-09,1.00693974915886e-10,5.6817126784935e-09,-6.61816332034278e-09,1.03071650886287e-08,-4.3601970856693e-09,8.51818516069684e-09,9.31498271242168e-09,1.1200058585353e-07,2.71515742810849e-07,-6.95087454887367e-07,-3.62418740398648e-09,-2.32846088866091e-07,-7.63027814124922e-08,2.76392882035689e-08,-2.83697236294645e-07,-9.41828121938678e-08,-8.26202213615844e-08,5.11188721089151e-09,-1.78992531928814e-07,2.44962104223462e-09,2.92805996293143e-09,1.15008336599884e-08,1.87699243331679e-09,2.59548269689038e-09,2.54523065678114e-09,2.47149861625161e-09,1.69046018172908e-09,1.26370555167797e-09,1.17496417981946e-09,-1.22899811083341e-07,-6.83749491571466e-07,-5.27867048639759e-07,3.54228441302228e-07,-1.45409763357792e-09,-9.91714509124228e-06,5.77006131449713e-06,-4.89684503973231e-08
"north_west","p_NC_65_79",1.49575974522408e-08,-2.80428860938541e-08,-3.00484321741187e-09,-8.19653356057587e-10,1.73709514079804e-08,-1.68780438582104e-09,1.37904883611543e-08,-4.29910991284909e-09,9.42590633824216e-09,-3.7273191359094e-09,7.8170578993336e-09,2.39313749576144e-09,3.63990365053405e-09,-2.70851599698095e-08,1.82657044991723e-09,6.18350694679264e-10,1.10681098718754e-09,4.21967750107478e-09,3.70648555853396e-10,1.90678822847518e-09,5.05743399548625e-09,5.00972313553044e-08,1.29415354214871e-07,8.72600483990728e-08,9.06043981450612e-08,4.77489450658444e-07,-2.48332046691759e-07,-3.01971412944887e-08,3.07169890821852e-08,-2.52026208223249e-07,-1.70402596167783e-08,-2.19556060785667e-08,-5.87379091708024e-09,1.76487124208469e-07,1.1852212419975e-09,2.59979510151357e-09,1.87699243331679e-09,4.55047601340621e-09,2.23224116250413e-09,5.00718169398391e-10,1.15288321269941e-09,9.39457059257225e-10,8.71208130290028e-11,1.75394737668462e-09,2.91285221399388e-07,-8.86715842393695e-07,3.5433735408197e-07,1.88902849502591e-07,-4.19507052401711e-10,-1.90623995667959e-06,3.80993202102168e-06,3.21193997373581e-08
"north_west","p_NC_80_plus",-7.70521170992806e-09,6.20043011501922e-08,-4.87392758088595e-09,-2.5613705564611e-08,-4.42647774335892e-09,1.79223086244505e-09,5.83320394975155e-09,6.33695113062477e-09,1.1027526970022e-08,-7.81839381213687e-09,1.65424795116577e-08,6.34685348709587e-09,6.80315230238278e-09,5.5540271687363e-09,5.12867677712088e-09,-1.17274493018663e-09,9.46152960334173e-09,-3.88161580267164e-09,1.49087890326514e-09,5.45203444669286e-09,1.22690518469544e-08,1.29919851667587e-07,2.35751827723234e-07,-1.95410668338646e-07,-6.566474228035e-07,1.11794847169028e-06,-5.56445024607095e-07,-1.39119390564107e-07,1.99478863186238e-08,-4.22878549729385e-07,-2.98156153049492e-07,-1.6820202725056e-08,3.34751288733327e-09,1.98575299486441e-07,3.28549167454555e-09,5.33263944855951e-09,2.59548269689038e-09,2.23224116250413e-09,2.0534678871113e-08,1.05153007523577e-09,1.8825479553148e-09,1.02165426249042e-09,5.98147545171831e-10,3.96970851517902e-09,4.99616029742959e-08,1.26774758495362e-06,-4.237524328509e-08,8.10773959157443e-07,-3.59845145028445e-09,-1.30438103321179e-05,-4.94166993688079e-06,-5.86632926910092e-08
"north_west","p_NC_weekend_15_24",4.35519137678271e-09,-1.11847553061871e-07,-1.95165837530937e-08,-1.40827239410785e-08,1.87112983607606e-08,2.97433883038034e-09,-1.07588785315862e-09,2.84203639575415e-09,1.05616465212384e-09,5.15338770579559e-09,3.1624821999923e-09,2.12468324044369e-09,4.42561074691163e-09,-4.25967976487575e-08,3.07426071638899e-09,-1.91426530432275e-09,3.93367274255685e-09,-1.09029754575111e-09,1.85697658584822e-09,4.03121776474735e-09,-1.6130507986751e-09,3.06260433010119e-09,1.01354203825974e-07,-5.89524420639207e-08,6.86697180294012e-07,3.01815571271152e-08,-3.81955381679451e-07,-2.8299801907111e-08,-1.04530677233151e-08,-1.06178435687707e-07,-9.71609240074173e-08,-2.39129818315628e-08,-1.47216103774552e-08,3.55667494521961e-08,8.48559299311514e-10,2.52498578693154e-09,2.54523065678114e-09,5.00718169398391e-10,1.05153007523577e-09,5.44900133860174e-09,1.04673561396515e-09,8.4065644182953e-10,2.60020687115483e-10,1.37340019107119e-10,-2.02641679557942e-07,-2.34508513382366e-07,1.21242999777043e-08,6.19367438543601e-08,-1.64025587562288e-09,-7.22501999883519e-06,4.21259618706951e-06,-4.72517573243689e-08
"north_west","p_NC_weekend_25_49",-9.17906197178237e-09,1.8788021832368e-07,1.36944054186271e-09,-4.54719818275165e-09,3.40621747716724e-09,-2.82397308259738e-09,9.07030188326208e-09,3.92463539125735e-09,6.67460083270914e-10,2.43685599642209e-09,6.43719167831596e-09,2.88146841259446e-09,4.09766310659348e-09,1.2535409107297e-08,-2.69728440534278e-09,2.94297734827515e-09,-2.01558126872601e-09,2.80502932580417e-09,4.51163486905706e-09,-1.39465589342272e-09,3.20704282162799e-09,1.08917110158532e-07,5.53469259326954e-08,-5.3223835342297e-08,1.1471105534779e-06,2.63896616597725e-07,-5.25596917094713e-07,-5.97779556198481e-08,7.85909668729027e-09,-1.83158441162885e-07,-7.62895659201633e-08,1.49766481579983e-08,1.29578208458256e-08,-5.45199785210063e-09,1.31266471469557e-09,1.90645240664719e-09,2.47149861625161e-09,1.15288321269941e-09,1.8825479553148e-09,1.04673561396515e-09,5.49541327375895e-09,9.09995123613929e-10,4.84259077210472e-10,1.33637590597575e-09,-9.67743635590303e-09,1.06202448435161e-07,5.12078064622531e-08,-5.43032312360797e-07,-2.2308951499576e-09,-3.58172807254092e-06,9.30090358897738e-08,-2.05749125366288e-08
"north_west","p_NC_weekend_50_64",1.14199932040155e-08,3.17221058679285e-08,-1.16561762017483e-08,3.52085868098458e-08,6.80345724440653e-09,-2.6693782647692e-10,3.18898700654033e-09,1.52017310763697e-09,1.81052085760473e-09,5.38396484368915e-09,4.19556930930075e-09,2.2260925257363e-09,4.44449607001277e-09,-1.1898484014472e-08,1.46056996066849e-09,-1.0651700857684e-09,3.31092831819871e-09,-2.74486754783299e-09,2.31744225666989e-09,2.11946768213204e-09,2.87308225086234e-09,1.46524229150243e-08,-3.39166536835896e-08,5.47882190692371e-08,2.23330405795795e-07,8.68243248009906e-09,-4.39523570338712e-07,-1.76628109071594e-09,3.32304901128948e-09,-1.27476234571362e-07,-2.74030920059222e-08,-1.81836092263204e-08,2.03888220541231e-09,9.59132322527507e-08,1.39384165358045e-09,1.47606878211549e-09,1.69046018172908e-09,9.39457059257225e-10,1.02165426249042e-09,8.4065644182953e-10,9.09995123613929e-10,4.6294717485805e-09,7.40858012451432e-10,5.05714992742834e-10,-2.92897993395744e-07,-5.04578953377502e-07,-1.77120584793853e-07,-3.94397917728094e-07,-1.22018436344355e-09,-6.60651056760119e-07,1.26081776779695e-06,2.84842199828708e-09
"north_west","p_NC_weekend_65_79",-8.00600057828968e-09,1.19947688239557e-07,4.55040685791792e-09,1.23796202004704e-08,-2.6812709911976e-09,3.17487229114295e-09,-1.96201316679009e-09,4.93315671043777e-09,-1.20332912693415e-09,3.69521825387752e-09,-1.66527878868199e-09,2.67230153334308e-09,2.68437423782744e-09,2.28799187534284e-08,-3.87529647034498e-09,2.73261367907506e-09,1.0140893638749e-10,-4.22264481842015e-09,4.24713323805112e-09,8.28300578420861e-10,-2.36713283003064e-09,6.8099496023788e-08,-5.89676637404115e-08,-1.00622144184139e-07,1.45788612227037e-07,3.60871405556718e-07,-3.67361358109552e-07,-1.61955952461095e-08,-8.75554374977953e-09,-7.75986522101714e-08,-3.79945629039805e-08,-4.89827916728863e-09,6.69237181470715e-09,3.71190047523579e-08,6.20539427138128e-10,6.84965117509345e-10,1.26370555167797e-09,8.71208130290028e-11,5.98147545171831e-10,2.60020687115483e-10,4.84259077210472e-10,7.40858012451432e-10,2.41395401737864e-09,6.08870626742191e-10,-1.8450963848793e-07,5.93718946762053e-07,-3.42884517346943e-07,3.88059910939155e-07,6.28535205075432e-10,-5.3654085338903e-06,-1.19127793196788e-06,-3.88330425897817e-08
"north_west","p_NC_weekend_80_plus",-7.2693849339011e-09,4.16783054223573e-07,-2.74880686708705e-08,5.69936005886161e-09,-9.19507710448476e-09,-3.07901289756755e-10,6.66442247375335e-09,4.13910092149457e-09,4.00344713074431e-10,3.64859286545025e-09,-7.42104892150479e-10,5.74177487225554e-09,2.17780685154853e-09,2.31742025941221e-08,-4.47392909846847e-09,5.01685493473607e-09,-3.29356050229794e-09,1.41993093171139e-09,3.805200067937e-09,-1.38446701436996e-09,7.1707213015702e-09,7.9186139627187e-08,-3.75137071154895e-09,1.88014197284288e-07,-7.0765903775887e-07,3.9602399114107e-07,-5.83005494315676e-07,-7.73126745276589e-08,4.95986549431713e-08,-1.78500490361992e-07,-1.79534973216877e-07,2.00017110980489e-08,1.11661761584204e-08,4.50342511131496e-07,1.18406037222785e-09,1.14782373712157e-09,1.17496417981946e-09,1.75394737668462e-09,3.96970851517902e-09,1.37340019107119e-10,1.33637590597575e-09,5.05714992742834e-10,6.08870626742191e-10,1.30381976552177e-08,5.20024107899116e-07,-7.89990367503645e-07,1.48005136820462e-07,-1.25682259386963e-07,1.85500245073092e-09,-1.23242787212262e-05,-5.06795343952808e-06,-6.80796939003377e-08
"north_west","p_W_D",-5.93209413409511e-06,1.72309235262412e-06,-5.88891994417192e-07,-1.06579324660249e-05,8.68671346977878e-06,3.45884671805507e-07,5.9549812901155e-07,-9.24307412838282e-07,2.18597111261156e-06,9.47028947064832e-08,-3.46029276176082e-06,-5.67984377342329e-07,-2.49992955661099e-06,-3.04290453399516e-05,3.23538011154443e-06,-2.18877319705001e-06,1.7750618025801e-06,-1.53389939659573e-06,1.32696301697026e-06,9.88162506211351e-09,2.22023432207161e-07,3.17494076604964e-05,8.80602194176243e-05,0.000135147405209177,7.90438935366667e-05,0.000107361359307625,1.66981080074699e-06,-2.58456998415707e-05,2.6576029855107e-05,-2.25465809667152e-06,-7.11422125442048e-05,-8.25039225356706e-06,7.7325694073293e-06,-0.00014132246212307,-2.11403781204262e-08,-5.70729603907683e-08,-1.22899811083341e-07,2.91285221399388e-07,4.99616029742959e-08,-2.02641679557942e-07,-9.67743635590303e-09,-2.92897993395744e-07,-1.8450963848793e-07,5.20024107899116e-07,0.0016553168524441,-0.000607680528285703,0.000188026377597857,-0.000203580459893157,9.86895119800515e-07,0.00457402024630689,0.00215899690621263,4.96533812009897e-05
"north_west","rel_p_D_alpha",-3.10074025805986e-05,8.07079044144175e-06,-9.72767517715413e-06,-3.95760689031599e-05,-2.84725396427531e-05,5.60566290704063e-06,-9.60676218480102e-06,7.56301750680087e-06,-8.73476020032452e-06,6.45277223675498e-06,-1.08134929428513e-05,5.52790681692809e-06,-1.16869065175959e-06,0.000108804309277855,-4.62275487989598e-06,1.15090777012697e-06,3.59221611389932e-06,-9.10618783900351e-06,3.76289480745868e-06,3.54038964038326e-06,-7.77569367014964e-06,-4.72286116590772e-05,-0.000251126293644457,-0.00218990485634292,-0.000422441156810276,0.000704444659812499,-4.90819469039346e-05,9.90284584469937e-06,-0.000234782389847877,-1.82027357406721e-05,8.72820373498162e-05,3.68849782021253e-06,6.54253223247942e-06,-0.000420499152656602,-4.49471731896461e-07,-9.92334640139372e-07,-6.83749491571466e-07,-8.86715842393695e-07,1.26774758495362e-06,-2.34508513382366e-07,1.06202448435161e-07,-5.04578953377502e-07,5.93718946762053e-07,-7.89990367503645e-07,-0.000607680528285703,0.00862911557461335,-0.000324429652094155,0.000666994452397055,-2.18523917528981e-06,-0.0162092902032843,-0.00636185305873622,-0.000148353005329251
"north_west","rel_p_H_alpha",-8.06722331704737e-06,-8.31399033602399e-06,2.48066177362549e-06,4.12103011327902e-06,2.83863470418698e-06,8.81484175034979e-08,3.48937325923385e-06,-3.85553793034123e-07,1.1823776844273e-06,-1.73661336498596e-06,8.24491042058421e-07,5.59565234732771e-07,1.95728198513299e-08,-1.22688030740599e-05,4.83254248940744e-07,6.14153660420047e-07,3.73296941208456e-08,2.02274000187896e-06,-7.73817520305328e-07,6.24393046441843e-07,1.74067200137618e-06,3.38846364905008e-05,5.98438384440042e-05,-3.68270426110843e-05,-4.2200576503796e-05,0.000151470480779001,-0.000271980230978713,7.49513580849407e-06,1.1719837557545e-05,-0.000111023417585729,8.34427346826069e-06,5.46673297888242e-06,8.99868180130311e-06,0.000133033300015723,-1.58600005792742e-07,-1.78312702388084e-07,-5.27867048639759e-07,3.5433735408197e-07,-4.237524328509e-08,1.21242999777043e-08,5.12078064622531e-08,-1.77120584793853e-07,-3.42884517346943e-07,1.48005136820462e-07,0.000188026377597857,-0.000324429652094155,0.00111513671752873,-0.000598400707061362,4.23819632052297e-07,-0.00158803892334334,-0.000252774409201587,-1.32912776019044e-05
"north_west","rel_p_ICU_alpha",-1.82353980016896e-05,4.81451226854121e-05,-1.2743119371918e-05,1.9258752253942e-05,4.40044160460408e-06,8.78429682008708e-07,-4.00155969960601e-07,-5.5368216351902e-07,1.29625161053414e-06,-7.26024304655883e-07,8.10866948434465e-07,-8.91954273262184e-08,1.44345509885792e-06,-6.73809269299822e-06,-2.3065113771159e-06,2.30345550282836e-06,-5.81171211846077e-07,-2.57680397040027e-06,2.60886467834561e-06,-7.435471846355e-07,-2.6000902161331e-06,-0.000112018669022789,-8.68374147896592e-05,-0.000121179590154642,-0.000374595336991578,-1.82818620835488e-05,0.000417173186794879,1.07600806134856e-05,-3.14244935958868e-05,2.04226884582808e-05,1.68954405719809e-05,1.94129311710886e-05,-6.41056088819838e-05,1.29490819098703e-05,5.51387228353392e-08,-4.09123039281072e-07,3.54228441302228e-07,1.88902849502591e-07,8.10773959157443e-07,6.19367438543601e-08,-5.43032312360797e-07,-3.94397917728094e-07,3.88059910939155e-07,-1.25682259386963e-07,-0.000203580459893157,0.000666994452397055,-0.000598400707061362,0.00263143567846365,-2.50296856450867e-07,-0.0035221058839546,0.00107432927828038,-3.15448107560898e-05
"north_west","rho_pillar2_tests",-6.90616268333525e-08,1.64235160339136e-08,-2.26346694355271e-08,-2.69419685928896e-08,-1.91331949340244e-08,8.76836576452109e-09,-5.09780743781526e-09,8.29125124061557e-11,6.61084998595971e-09,-1.05027416479017e-08,-1.41508234359525e-08,8.48694163102459e-10,-1.03706283457209e-08,1.77406020994979e-08,-9.39879755981045e-11,6.01288083075514e-10,-2.93016511901028e-09,4.99343670552663e-11,-8.41001511133237e-09,1.17794970389872e-08,-6.23889462851061e-09,2.11911546404938e-07,-1.8263592138624e-07,5.70556708478522e-07,-2.42774510080483e-06,-7.34946889497663e-08,-4.08834986198678e-07,4.13535566708814e-08,1.71664257147406e-08,7.11463396328962e-08,-1.4314602901333e-08,4.73007321664547e-08,1.82076184238791e-08,-5.71385238369939e-07,-4.49373392734592e-10,-2.17120857256199e-09,-1.45409763357792e-09,-4.19507052401711e-10,-3.59845145028445e-09,-1.64025587562288e-09,-2.2308951499576e-09,-1.22018436344355e-09,6.28535205075432e-10,1.85500245073092e-09,9.86895119800515e-07,-2.18523917528981e-06,4.23819632052297e-07,-2.50296856450867e-07,2.20195616487259e-08,1.76739264157815e-05,-5.80474112721681e-06,1.69881749952051e-07
"north_west","seed_date_alpha",0.000401636609157446,-0.00244103552748746,0.000841385453023866,7.71577264235209e-05,9.53846834721413e-05,-3.48394174928463e-05,-3.27977674634683e-05,7.47647377908434e-06,2.05090302999377e-05,9.17267150752464e-05,-4.11281432672788e-05,-0.000141267220645089,-0.000189987001337808,-0.000291872163500209,5.38523214551802e-05,-5.80759773374802e-05,3.32287816830033e-05,1.25432776410521e-05,-4.75394136596195e-05,4.01100175469082e-05,-1.94104067089181e-05,-0.00148952668987286,0.00235887533025434,0.00361304254280592,0.00470528631241747,-0.00309772261487719,0.000808662319425964,0.000458321429410186,0.000424032849440354,0.00130890961879528,0.000472110868453434,-0.000320250862786559,0.000154434968358341,-0.00282407617371686,-3.09630301666584e-06,-7.91479475508567e-06,-9.91714509124228e-06,-1.90623995667959e-06,-1.30438103321179e-05,-7.22501999883519e-06,-3.58172807254092e-06,-6.60651056760119e-07,-5.3654085338903e-06,-1.23242787212262e-05,0.00457402024630689,-0.0162092902032843,-0.00158803892334334,-0.0035221058839546,1.76739264157815e-05,0.943290234977003,0.0413887113727617,0.00867559450481694
"north_west","start_date",7.7022591010324e-05,0.000739181936053827,0.000303761595635798,-0.000123867288046485,0.000736427680680439,-2.88528020309187e-05,8.54947502610035e-06,-5.65024157083237e-06,1.54414545031087e-05,-3.25370767670048e-05,2.4473479658667e-05,-9.94867472178583e-06,1.5647386431577e-06,-0.000859857679655416,1.60672690600228e-05,-6.31666934815193e-06,-2.04511271223463e-07,-1.88141465047903e-05,2.3092485784918e-05,-2.78371085420766e-05,2.84940133253001e-05,0.000539159573258065,0.00174817291454047,0.00280233155525205,-0.00459208551861125,0.00166942375447434,0.00219849858172595,-0.000264163554414581,6.96734181873597e-05,0.000168607284674752,-0.00115256358457493,0.000145546550536312,1.07067003272754e-05,-0.000185859548947499,-5.45638156329017e-06,2.27862695420025e-06,5.77006131449713e-06,3.80993202102168e-06,-4.94166993688079e-06,4.21259618706951e-06,9.30090358897738e-08,1.26081776779695e-06,-1.19127793196788e-06,-5.06795343952808e-06,0.00215899690621263,-0.00636185305873622,-0.000252774409201587,0.00107432927828038,-5.80474112721681e-06,0.0413887113727617,0.251754329417838,0.000203667144458043
"north_west","ta_alpha",3.08938515445805e-06,-2.58099242251371e-05,8.16267356636825e-06,-3.10417647610374e-07,5.45519761979541e-07,-1.17946628179126e-07,-4.85553143071499e-08,-2.42530441299519e-07,4.57235068721417e-07,8.14492943368755e-07,-6.96459169935963e-07,-1.42432696160401e-06,-1.74291969720921e-06,-2.87043070808553e-06,5.83092079428628e-07,-5.65639105457075e-07,3.21367560841005e-07,2.81602414073148e-07,-5.6736042364069e-07,5.92553329738219e-07,-1.72002676171691e-07,-8.51320813910115e-06,2.77366872370219e-05,3.24377657037714e-05,5.15108640081091e-05,-1.36609424015886e-05,-1.12345279607852e-06,2.77027363062374e-06,4.78706162466108e-06,7.31295148967644e-06,-1.55117164511454e-06,-2.43103227537102e-06,1.83721527938681e-06,-2.50825685954132e-05,2.33605902699091e-08,-2.11432310933285e-08,-4.89684503973231e-08,3.21193997373581e-08,-5.86632926910092e-08,-4.72517573243689e-08,-2.05749125366288e-08,2.84842199828708e-09,-3.88330425897817e-08,-6.80796939003377e-08,4.96533812009897e-05,-0.000148353005329251,-1.32912776019044e-05,-3.15448107560898e-05,1.69881749952051e-07,0.00867559450481694,0.000203667144458043,8.69144874473885e-05
"south_east","alpha_admission",1.25231511373835e-05,-1.3271516479293e-05,-2.63368015927563e-07,-2.86519685022696e-07,-6.50974242298235e-08,-2.53302003180018e-07,5.50061288456162e-07,-1.64055315953045e-07,1.29542854384214e-07,-1.86609202663169e-07,1.22790451414666e-07,6.81706377987056e-10,7.64991998214915e-08,1.47425702261697e-06,-3.86384671516311e-08,6.23595058276187e-09,5.80236824832603e-08,-1.62825616584775e-08,-1.46259048117776e-08,-6.91495841930905e-08,2.54150830654736e-07,-1.33550439902895e-05,4.73752443362866e-06,4.03435005967577e-06,-3.14539870214724e-05,2.99945024789401e-06,7.9097886248295e-07,7.22464582471203e-06,1.60675578477717e-06,3.97248931425516e-08,-4.45187016492294e-07,-1.4769022099825e-06,-2.91928359805048e-07,1.90300509275388e-06,1.55393219571245e-08,-3.10466329704432e-08,-4.06311592157079e-08,4.84132451666488e-10,-2.2419805714007e-09,-1.08153153694696e-08,-2.81471236829615e-08,-6.9241681552291e-09,-2.28076368995025e-08,6.46459513288701e-09,-7.98478237983783e-06,-1.62679420811203e-06,6.32314247728705e-07,1.52906513751312e-05,-3.57475652744675e-08,-7.87438920542676e-06,1.67428294376651e-05,-2.942911579617e-07
"south_east","alpha_D",-1.3271516479293e-05,0.00117024236403282,-4.94922259077038e-06,3.74425321699352e-06,3.63692257364709e-06,8.80307671507766e-07,-2.00372257933704e-06,-5.28066570077055e-07,-5.76233827268257e-07,1.6177425013462e-07,8.75789395242087e-07,-3.64049890270346e-07,-6.24490976032916e-07,-3.62595955681217e-06,-1.03102414675586e-06,6.53302185276211e-07,-5.43114756829685e-07,-7.24190560165516e-07,1.38859764074442e-06,-1.85510462383677e-06,-5.93768146123761e-07,3.4736059430112e-05,2.11714423144821e-05,3.34746415907925e-05,0.000347481925732897,3.62023731469193e-07,2.37668735269156e-05,-0.000101021490114118,-2.19385294015298e-05,3.01496431207184e-07,-1.53442259249482e-05,1.95303039585833e-05,3.50177008879998e-06,2.3290566449381e-05,8.56575690031055e-08,6.88500461990707e-08,-1.12174527957295e-08,-1.50684384122211e-07,-3.32464157877508e-07,1.68925022166433e-07,2.42210480341275e-07,-2.64766675248393e-07,-1.87089129452371e-07,-5.78131872344865e-09,1.59617412732644e-05,-0.000118000558862383,-6.74665033411464e-06,-5.79218834108977e-05,-5.02849104708804e-07,8.0943035741385e-05,0.00241711947664083,2.36891677311153e-06
"south_east","alpha_death_hosp",-2.63368015927563e-07,-4.94922259077038e-06,1.21985007727918e-05,-1.15239008683816e-07,-3.19528336787146e-07,-4.20654681036591e-08,8.71804415766833e-08,1.83174529489077e-08,2.05293222457202e-08,-1.05934286608336e-07,-5.3550111884781e-09,-3.17089795659732e-10,2.34994589795475e-08,1.53190890148603e-07,1.75624814833846e-07,-1.56606851123481e-07,1.84010820331664e-07,-2.47565814136607e-07,5.82475900282385e-08,-4.18429259935208e-08,-9.46291518691686e-08,3.54797950928792e-06,6.91725726926503e-06,2.31314200674135e-05,-1.89123248752753e-05,-3.10736873715987e-06,3.06917832211403e-06,1.01205677161716e-06,4.22176149682021e-06,4.71592915212185e-06,-6.90772319718563e-06,5.04865352176292e-09,1.70413490368757e-08,8.95909925134108e-06,-1.47356693594549e-08,-7.01977783409645e-08,-1.57074735548787e-08,-1.06450550762041e-09,-3.93787963844269e-08,2.83997166998051e-08,-3.26669867135934e-08,-1.08088806331938e-09,-1.64539312596032e-08,-3.65730971958917e-08,7.45705341951909e-06,-6.92409551179242e-05,-1.70355575075432e-05,8.31146796056668e-07,-1.24486002605585e-08,6.58383603235071e-05,-0.000103585502672749,-7.52486322960706e-07
"south_east","alpha_H",-2.86519685022696e-07,3.74425321699352e-06,-1.15239008683816e-07,1.00859043506853e-06,1.01552177331535e-07,-2.05166332019531e-07,-1.1010517432228e-08,1.96314001250002e-08,-5.49036259132275e-08,3.98223233331266e-08,-1.9123351665216e-09,-3.28185329771853e-08,-3.78800100516304e-08,-1.34982411080213e-06,1.57566363168912e-08,-2.61612640295186e-08,-1.35772348313343e-08,1.67930269054318e-08,1.20169115746598e-07,-2.07892594621984e-07,1.92616614064109e-07,1.01574413214716e-06,-1.43382865121135e-06,-1.55771740784896e-07,3.53716771516645e-06,-5.05361254233825e-06,2.93713145019343e-06,1.19564152413814e-06,5.08182885638394e-08,3.46393390254324e-07,3.13111454866785e-06,3.43610275268298e-07,4.32066542690807e-07,1.07837876049664e-06,8.19887369363244e-09,-1.1764005943284e-08,-4.74502847047448e-09,-5.23809597331914e-09,-7.59889003135948e-09,-6.10811471608494e-09,8.58011879251237e-09,-3.35867921702931e-09,-3.76978555255204e-09,-5.98933707913166e-09,-7.27421811175739e-07,-6.29216588394395e-06,-1.17624649475959e-06,-1.3344877599535e-05,-2.26150269452846e-08,-1.10769329944222e-05,-1.17978108486695e-05,8.63542039558603e-07
"south_east","beta1",-6.50974242298235e-08,3.63692257364709e-06,-3.19528336787146e-07,1.01552177331535e-07,1.20962852655074e-06,4.17871505228291e-08,-1.61324207887796e-07,5.81519659367303e-08,-3.57165673767134e-08,-5.28665182969701e-08,2.71186739571283e-08,-2.24371107980039e-08,-2.00117390865363e-08,-1.78785783240282e-06,6.40446106990832e-08,-3.54328410832997e-08,4.98724765995067e-08,-5.79079058346097e-08,3.807006546156e-08,-1.79375663214619e-08,1.3726821707269e-08,1.13577362099515e-06,-1.74208382682477e-06,-1.73586435593622e-06,2.34130960647366e-06,7.12051949973265e-07,3.94764256741269e-07,-2.96857485437087e-07,-8.16750848203912e-07,-4.33372885284127e-07,1.72881993596944e-06,-2.74461467659655e-07,3.48815649034681e-07,-1.26976264569583e-06,-3.07092260175757e-09,-4.33443439811292e-09,8.51834197747274e-09,-4.47032706733876e-09,-3.73734848336424e-09,-6.53720856742887e-09,1.66433155914247e-08,-1.89086261942209e-09,1.97588684498328e-10,-1.18138114959203e-08,4.04334489042711e-06,9.06226460498723e-06,1.52660172542684e-06,-6.66551439331246e-06,4.29949789941526e-09,3.03842879015488e-05,0.000690925465914517,8.56874602833755e-07
"south_east","beta10",-2.53302003180018e-07,8.80307671507766e-07,-4.20654681036591e-08,-2.05166332019531e-07,4.17871505228291e-08,4.52987258578663e-07,-4.70397445931832e-07,1.2565005173739e-07,-1.27753740067535e-08,4.46651790536778e-08,4.16734564422293e-08,1.46843164914632e-08,3.75228835341983e-08,8.27063856680966e-08,-6.49411221772551e-09,1.33100258763802e-08,-9.18503176600321e-09,5.68647159934739e-08,-1.28817952492278e-07,3.16263104991509e-07,-4.48968510337437e-07,-1.77507991281777e-07,-1.28281384359287e-06,-2.04956866516579e-06,1.64762880892335e-06,3.69216446708678e-06,-1.1786702496215e-06,-4.28664891274453e-07,-8.78898924098022e-07,-8.13881383302918e-07,-2.79454872988807e-07,-1.79723894990698e-07,1.03981592864404e-07,-8.50198229034215e-07,-5.53859214259204e-09,9.10992383794798e-10,4.34520231415952e-10,6.65547659413177e-10,-7.23922168501096e-10,-1.76998123529079e-09,2.27940256880708e-09,4.94034869997485e-09,-2.08925880110148e-09,-6.25740661094702e-09,1.34187587730829e-06,1.0115659845092e-05,3.61896491333972e-06,-1.84275405885658e-06,1.70575302021571e-09,2.73372532498664e-05,1.825625977812e-05,-1.04032237508076e-06
"south_east","beta11",5.50061288456162e-07,-2.00372257933704e-06,8.71804415766833e-08,-1.1010517432228e-08,-1.61324207887796e-07,-4.70397445931832e-07,8.50193672039225e-07,-3.37595268080703e-07,1.31256964583856e-07,-1.18100784218807e-07,-2.41808758657411e-09,-5.19039369968117e-10,-1.10801268023011e-08,3.27915731880375e-07,6.90860885176209e-09,-3.18247817339779e-09,4.5034898440914e-09,-3.65330919379875e-08,9.51047178824129e-08,-2.25283411961442e-07,3.59486132372966e-07,-1.03172971414936e-06,2.61162640197234e-06,3.44120478362906e-06,-1.6474274584901e-06,-1.88329187029246e-06,2.08744991696682e-07,5.57710293328426e-07,1.38897980528147e-06,1.64871587043571e-07,-6.00573561097363e-07,-1.00740837247276e-07,-2.35356616069302e-07,1.58984730040185e-06,8.68233408217587e-09,4.56789597313734e-09,2.79579494635259e-09,3.01941084794127e-09,5.41732503766312e-09,2.60653354785926e-09,-5.12755359994728e-09,-5.43857171227386e-09,2.82649568184404e-09,9.88273724248565e-09,-1.90882569726081e-06,-1.45312521464652e-05,-1.5148374733353e-06,4.82427101676661e-06,-3.83944035558196e-09,-1.96502406395042e-05,-8.02603184144802e-05,5.83991008379634e-07
"south_east","beta12",-1.64055315953045e-07,-5.28066570077055e-07,1.83174529489077e-08,1.96314001250002e-08,5.81519659367303e-08,1.2565005173739e-07,-3.37595268080703e-07,2.68109137544823e-07,-1.48801985403561e-07,1.53545078533725e-07,-4.92124792762476e-08,1.17199899784173e-08,-1.03330043472103e-08,-1.00641190416104e-07,-9.43177649382253e-10,5.07856184107635e-09,2.24686829143533e-10,1.52175693070661e-08,-1.96377677833181e-08,5.13009661062236e-08,-5.93382276197951e-08,1.4319222251781e-06,-1.43941516736161e-06,-1.54379638729007e-06,1.1536413593497e-07,-1.01904668110198e-07,-3.54424215138589e-07,4.51847432138044e-08,-6.78465742915471e-07,-7.24865908083904e-07,1.27022877891719e-07,6.58174362009609e-08,7.1890189126429e-08,-4.82366501237782e-07,-2.31255988085317e-09,-6.05510342391033e-10,9.43470081275855e-10,-7.46111043660589e-10,2.50685791952955e-09,1.07585173253064e-09,2.95343760959977e-09,3.25901616895855e-09,-2.7979152033896e-10,4.90592660170014e-10,1.60017466421432e-06,6.68863121453527e-06,3.01341513307042e-06,-9.55306374771519e-07,8.24049634678693e-09,1.08489091393513e-05,2.01981095839055e-05,-6.42563862475259e-08
"south_east","beta13",1.29542854384214e-07,-5.76233827268257e-07,2.05293222457202e-08,-5.49036259132275e-08,-3.57165673767134e-08,-1.27753740067535e-08,1.31256964583856e-07,-1.48801985403561e-07,1.58967401528218e-07,-1.54412775345862e-07,8.86986734488739e-08,3.6634518180454e-09,3.08764652139222e-08,1.57294659562304e-07,-1.16416798304149e-09,1.20060973471041e-09,-1.97748781616145e-09,1.30471072208224e-08,-1.33131329949725e-08,1.31649363448546e-08,-1.31340392840642e-08,-1.13319473525943e-06,1.37669969225178e-06,9.53676397268328e-07,-6.8739757549733e-07,6.40260765556421e-07,-9.45760296048665e-08,1.98891792714175e-07,4.95151724807787e-07,9.61463478680816e-09,-3.15713595131022e-07,-1.2960535827916e-07,-3.51297395717959e-08,4.21076298909145e-07,1.44726843969185e-09,1.29247221238207e-09,-2.94055903695126e-09,2.54784522776462e-09,1.81408192495314e-09,7.58236159513811e-10,-1.19646976908558e-09,-4.5452863547459e-10,2.27879403458787e-10,1.46751618791771e-10,-1.11857501376929e-06,-4.92090065313673e-06,-2.90641252109045e-07,1.02228173795364e-07,1.02648848024635e-09,-1.07332225432445e-05,-1.44968870355177e-05,-5.40254582859337e-07
"south_east","beta14",-1.86609202663169e-07,1.6177425013462e-07,-1.05934286608336e-07,3.98223233331266e-08,-5.28665182969701e-08,4.46651790536778e-08,-1.18100784218807e-07,1.53545078533725e-07,-1.54412775345862e-07,3.59375534517329e-07,-2.42318150481111e-07,4.36552510706965e-08,-2.99025192196194e-08,7.02775940809488e-08,-1.39400354683514e-08,1.63247598665159e-08,-2.88203700966392e-08,3.65150502686097e-08,-9.87435995504619e-09,2.80690080441516e-08,-3.6466107205438e-08,1.68022766721184e-06,-6.03109644143605e-07,-1.34217353287379e-06,5.71481315818818e-06,-7.88895782410963e-07,-9.22610300801263e-07,-4.2366574139103e-07,-3.63810894766692e-07,-5.38979407379759e-07,-1.33401284611803e-07,-1.52932474120761e-07,1.54024803754483e-07,1.84420986369771e-08,3.41251543888305e-10,7.37635784472437e-09,-1.31673404377074e-09,4.09715258985606e-10,6.36428024127435e-09,-9.15637700895919e-10,-8.83966552283475e-10,4.7058442653161e-09,5.61416895000466e-10,5.37895385628488e-09,-1.18411415526848e-06,4.02052181016763e-06,2.55006629098306e-06,-4.40935597097416e-06,3.06450869018187e-09,-1.26342235330915e-05,-4.05868275767314e-05,-4.32125392489476e-07
"south_east","beta15",1.22790451414666e-07,8.75789395242087e-07,-5.3550111884781e-09,-1.9123351665216e-09,2.71186739571283e-08,4.16734564422293e-08,-2.41808758657411e-09,-4.92124792762476e-08,8.86986734488739e-08,-2.42318150481111e-07,3.44024386098427e-07,-5.03617714252198e-08,6.91286027168326e-08,-8.67449737201195e-09,3.48828588800174e-09,-6.83301962005329e-09,2.43401999559135e-08,-2.82514407597598e-08,1.31633495284699e-08,1.57215781208051e-08,-3.93145424082277e-08,2.45946634720397e-07,4.32298929192494e-07,3.59598385719364e-07,-3.17071976715926e-06,-1.98674766896e-07,5.11626701795944e-07,4.43801259364224e-07,1.58913748023478e-07,-2.39077331288563e-07,1.43063050061567e-07,7.55823122775451e-08,-1.10087346631345e-07,-8.83572499316497e-07,2.53196207287114e-09,-1.59771738943072e-09,6.35944612074095e-09,2.30745022328936e-09,-1.52319373099074e-09,3.9405175430048e-09,5.6151337725053e-09,-2.59354370290687e-09,-1.08693438152739e-10,-3.55296908081034e-09,1.44861754101599e-06,-1.91936073572645e-06,4.80036313409411e-07,2.68950184940101e-06,-9.34217309125414e-09,-5.48159730065713e-06,1.43556145380714e-05,-3.33851268976524e-07
"south_east","beta16",6.81706377987056e-10,-3.64049890270346e-07,-3.17089795659732e-10,-3.28185329771853e-08,-2.24371107980039e-08,1.46843164914632e-08,-5.19039369968117e-10,1.17199899784173e-08,3.6634518180454e-09,4.36552510706965e-08,-5.03617714252198e-08,3.39187939098468e-08,-2.58751281347349e-08,1.13791209609605e-07,-5.72857990658946e-09,6.53976474285778e-09,-6.39729006943672e-09,1.67847934894479e-08,-1.41683583690836e-08,2.13421578905296e-08,-1.7372170470771e-08,7.83892524782012e-08,-1.28674442466899e-07,-3.57431212170203e-07,5.22665402703777e-07,1.06832636560709e-07,-6.47205675783287e-07,-5.62613029841648e-08,-8.93864053667741e-08,-2.63166220389671e-07,-2.91738428445097e-07,-5.93803769484514e-08,2.0253211987004e-08,6.67530153275259e-07,3.36598726789393e-10,2.93336071785302e-09,-3.6705451136358e-09,1.33738089353735e-09,3.15849594755936e-09,-2.21921035556072e-10,-1.16666864345382e-09,1.05964309369581e-09,3.42395466126362e-10,1.87008111731915e-09,-2.82378982447638e-07,9.81848176011549e-07,8.99940380106029e-07,-7.6579794327603e-07,3.54681750089286e-09,-1.17473169431176e-05,-1.31300596147159e-05,-3.74316034559704e-07
"south_east","beta17",7.64991998214915e-08,-6.24490976032916e-07,2.34994589795475e-08,-3.78800100516304e-08,-2.00117390865363e-08,3.75228835341983e-08,-1.10801268023011e-08,-1.03330043472103e-08,3.08764652139222e-08,-2.99025192196194e-08,6.91286027168326e-08,-2.58751281347349e-08,8.47740462244435e-08,8.57296196494913e-08,-2.17226514749926e-10,4.22531081361412e-09,-3.36421193678135e-09,7.69245058658360e-09,-1.23580164224592e-08,3.37430545497347e-08,-3.7452049178624e-08,-1.27127828764487e-07,1.20704581233095e-06,7.3806660623606e-07,-1.88801411707377e-06,1.16298458736243e-06,-7.70072524654653e-07,7.08980838352989e-08,3.49524118184307e-07,-3.06735227407343e-07,-1.82777852265423e-07,-8.82724528652586e-08,-6.30903186518297e-08,-6.44376551290151e-07,1.78568308111145e-09,3.11421031917317e-09,5.78964695736252e-09,2.24607027718233e-09,2.0492015136897e-09,2.1545367749007e-09,2.79843794010684e-09,1.58982248564931e-09,-8.86947444375161e-10,8.06826879488499e-10,9.68544854985812e-08,-3.59435935975958e-06,1.19917221525127e-06,1.26062123977153e-06,-3.67219726477087e-09,-1.39819700131226e-06,-1.14289856255345e-05,-2.49741468145651e-07
"south_east","beta2",1.47425702261697e-06,-3.62595955681217e-06,1.53190890148603e-07,-1.34982411080213e-06,-1.78785783240282e-06,8.27063856680966e-08,3.27915731880375e-07,-1.00641190416104e-07,1.57294659562304e-07,7.02775940809488e-08,-8.67449737201195e-09,1.13791209609605e-07,8.57296196494913e-08,8.88237409530568e-06,-5.62277483675026e-07,3.29779323403254e-07,-2.95615798209127e-07,2.09441393564758e-07,-1.09725273955905e-07,5.35775920302683e-08,9.65331568792236e-09,-2.82056398278655e-06,7.42852017753071e-06,7.48603454129439e-06,1.90566474448718e-06,6.22144286422962e-07,-2.34527636122589e-06,-1.66637193417609e-06,2.37130406172517e-06,-2.17693344730067e-06,-7.64594357408151e-06,-7.23231363858851e-07,-1.34376185562192e-06,2.10868331588247e-07,3.08602469217227e-09,4.52025797808011e-08,-2.18402438085293e-08,1.6456023719478e-08,3.8540784260975e-08,6.41748602176849e-09,-2.64717734656967e-08,4.54550227227888e-09,1.35200137346991e-08,4.53096341586274e-08,-1.03214910150443e-05,-2.53332359868504e-05,7.74386927632971e-06,3.17065825781814e-05,3.87080997399432e-08,-0.00011614971477884,-0.0007195964259986,-2.84669506706541e-06
"south_east","beta3",-3.86384671516311e-08,-1.03102414675586e-06,1.75624814833846e-07,1.57566363168912e-08,6.40446106990832e-08,-6.49411221772551e-09,6.90860885176209e-09,-9.43177649382253e-10,-1.16416798304149e-09,-1.39400354683514e-08,3.48828588800174e-09,-5.72857990658946e-09,-2.17226514749926e-10,-5.62277483675026e-07,9.465029820062e-08,-6.46583307845275e-08,6.57809939572626e-08,-3.82463887099563e-08,1.01625245007491e-08,2.78332453423214e-09,8.25231076032659e-10,3.57295682687415e-07,-8.10559141219824e-07,-8.43341474701055e-07,-1.08901106955241e-06,3.92450662531812e-07,-4.86432310612485e-08,4.7007912580806e-08,-2.27796028831138e-07,-4.12272012808515e-08,1.37011588776758e-07,-7.2686599554321e-09,5.68790208739481e-08,8.82285717917516e-07,-2.54819880596399e-09,-8.85849929973334e-10,4.34700072423085e-09,-8.69711709487666e-10,-1.17927441573039e-09,2.68837814352687e-10,1.59141444914863e-09,7.55042810264058e-10,-2.09204804126305e-10,-2.72805158979509e-09,1.16294118997179e-06,3.56177070255707e-06,3.50288069993036e-07,-1.20645946852537e-06,-3.74069600456617e-09,9.91465548059424e-06,2.17164071862855e-05,1.7581784422557e-07
"south_east","beta4",6.23595058276187e-09,6.53302185276211e-07,-1.56606851123481e-07,-2.61612640295186e-08,-3.54328410832997e-08,1.33100258763802e-08,-3.18247817339779e-09,5.07856184107635e-09,1.20060973471041e-09,1.63247598665159e-08,-6.83301962005329e-09,6.53976474285778e-09,4.22531081361412e-09,3.29779323403254e-07,-6.46583307845275e-08,5.86836043591971e-08,-6.74642676768686e-08,5.05886508207872e-08,-1.971454916906e-08,1.98419904079052e-08,-9.81360241309e-09,-7.01451429933396e-07,6.37427477399382e-07,7.01289033125787e-07,8.81545025073492e-07,-2.3785800837582e-07,-1.17908576787586e-07,4.64677866588439e-09,1.96247314115385e-07,-4.0904182416188e-07,5.74093656262422e-08,1.74723823285937e-08,-7.0572123294627e-08,-3.70913152585176e-07,1.88995747122317e-09,3.18224488585196e-09,-2.28412485104171e-09,2.03089319957183e-09,2.46566957043388e-09,1.71942622643478e-10,-7.14645923462987e-10,6.84316955622265e-10,2.98060431463359e-10,2.55639229511682e-09,-1.01172478610432e-06,-3.60082913333008e-06,1.51993597489563e-06,1.41627780465145e-06,3.08766914787773e-09,-8.45957014092775e-06,-1.74108175345858e-05,-1.06030453227209e-07
"south_east","beta5",5.80236824832603e-08,-5.43114756829685e-07,1.84010820331664e-07,-1.35772348313343e-08,4.98724765995067e-08,-9.18503176600321e-09,4.5034898440914e-09,2.24686829143533e-10,-1.97748781616145e-09,-2.88203700966392e-08,2.43401999559135e-08,-6.39729006943672e-09,-3.36421193678135e-09,-2.95615798209127e-07,6.57809939572626e-08,-6.74642676768686e-08,1.38796112502208e-07,-1.56692457113385e-07,8.9501839203904e-08,-7.35330241911621e-08,4.12445211668764e-08,1.14756197438594e-06,-7.51325316250553e-07,-5.2318225334575e-07,-2.73000812798908e-06,7.64196549940495e-07,-1.5001659419384e-08,-2.19838052284873e-08,-2.59996717169839e-07,-2.59421522775569e-07,-2.18763969886059e-07,2.04489219572187e-08,9.36035092647439e-08,-2.73058335811696e-07,1.58549092615211e-10,-1.00035881587396e-09,3.78326976191342e-09,-9.09106724825116e-10,-4.84042943285486e-10,1.28070046619591e-09,4.53089051456399e-09,3.54165973890125e-10,-6.008477914507e-10,-2.12147714498395e-09,2.18000011646442e-06,4.89426133484094e-06,9.86501536261478e-07,-1.55340595768134e-06,-5.42291922243876e-09,8.96577502595848e-06,2.0125095178549e-05,2.36978331702644e-07
"south_east","beta6",-1.62825616584775e-08,-7.24190560165516e-07,-2.47565814136607e-07,1.67930269054318e-08,-5.79079058346097e-08,5.68647159934739e-08,-3.65330919379875e-08,1.52175693070661e-08,1.30471072208224e-08,3.65150502686097e-08,-2.82514407597598e-08,1.67847934894479e-08,7.69245058658360e-09,2.09441393564758e-07,-3.82463887099563e-08,5.05886508207872e-08,-1.56692457113385e-07,3.34614752971009e-07,-2.89349497996693e-07,2.83161213496868e-07,-1.19353128639847e-07,-6.5807340004337e-07,8.49556875155437e-07,-2.03267695175213e-07,-3.38178489997187e-07,-5.44824791628429e-07,-5.13591939357392e-07,-1.22746407979298e-07,2.47813078979255e-07,-3.74928392454291e-07,7.08117620694073e-08,-2.73469825520808e-07,-5.22260849712311e-08,1.41675821484603e-06,5.70809716646373e-10,2.74890343862265e-09,-1.8532965457135e-09,1.21812107764792e-09,1.58244689478957e-09,-1.38409721547562e-09,-4.60383276215004e-09,-5.90248651895375e-10,2.53186174175744e-09,3.31727160872047e-09,-2.11841056708106e-06,-3.88048547880814e-06,1.54165237399622e-06,-9.66551366303999e-07,1.02197057965389e-08,-2.62468180817743e-06,-3.83844403055087e-05,-3.06274977213797e-07
"south_east","beta7",-1.46259048117776e-08,1.38859764074442e-06,5.82475900282385e-08,1.20169115746598e-07,3.807006546156e-08,-1.28817952492278e-07,9.51047178824129e-08,-1.96377677833181e-08,-1.33131329949725e-08,-9.87435995504619e-09,1.31633495284699e-08,-1.41683583690836e-08,-1.23580164224592e-08,-1.09725273955905e-07,1.01625245007491e-08,-1.971454916906e-08,8.9501839203904e-08,-2.89349497996693e-07,4.46084300114385e-07,-5.56163136099414e-07,2.44894392860336e-07,6.99320320728635e-07,6.05301093819809e-07,2.25889898668558e-06,6.46573610211232e-06,-2.85368092067047e-06,1.28462892109966e-06,5.77901139939535e-07,4.5801350224729e-07,-3.85066799648102e-07,-1.74421528655649e-08,1.16714215237063e-07,-3.49903867085259e-08,-7.14590117431752e-07,4.02528717072363e-09,6.93310362129381e-09,5.28018436498333e-09,3.52003726653997e-09,8.9108441999998e-09,-2.87604396752266e-09,5.1586388455111e-09,-8.40357560245711e-11,-1.3579535328766e-11,2.6421669680846e-09,-1.78801289537453e-06,-7.19409695529033e-06,1.44074129198965e-06,1.16735859780221e-06,-1.89230181090426e-08,-9.40324807598292e-06,1.5719176275807e-05,5.5817537511663e-07
"south_east","beta8",-6.91495841930905e-08,-1.85510462383677e-06,-4.18429259935208e-08,-2.07892594621984e-07,-1.79375663214619e-08,3.16263104991509e-07,-2.25283411961442e-07,5.13009661062236e-08,1.31649363448546e-08,2.80690080441516e-08,1.57215781208051e-08,2.13421578905296e-08,3.37430545497347e-08,5.35775920302683e-08,2.78332453423214e-09,1.98419904079052e-08,-7.35330241911621e-08,2.83161213496868e-07,-5.56163136099414e-07,9.61120268808095e-07,-5.80709177006294e-07,-5.52780336920796e-07,-1.8181101399041e-06,-4.80412461643232e-06,-6.54917746833312e-06,5.96626096871429e-06,-2.20630919198835e-06,-1.05493249834746e-06,-1.1772271640771e-06,-9.19120426384513e-07,1.21092304239037e-07,-1.96013754122359e-07,2.30005604930899e-07,4.55936548975265e-07,-4.23149547238785e-09,-6.48845604829087e-09,-9.12603439545029e-09,-2.91499245674961e-09,-9.43987316141192e-09,2.11474776123942e-10,-2.63222352986143e-09,3.2747742119342e-09,-2.70689264769864e-09,-7.49530106568562e-09,4.33313175601937e-06,1.66001020073529e-05,3.84579755749883e-06,-5.40802209909774e-06,1.95525980914994e-08,1.23325085812203e-05,-2.16514249594782e-05,-9.4506500641267e-07
"south_east","beta9",2.54150830654736e-07,-5.93768146123761e-07,-9.46291518691686e-08,1.92616614064109e-07,1.3726821707269e-08,-4.48968510337437e-07,3.59486132372966e-07,-5.93382276197951e-08,-1.31340392840642e-08,-3.6466107205438e-08,-3.93145424082277e-08,-1.7372170470771e-08,-3.7452049178624e-08,9.65331568792236e-09,8.25231076032659e-10,-9.81360241309e-09,4.12445211668764e-08,-1.19353128639847e-07,2.44894392860336e-07,-5.80709177006294e-07,6.75811247988115e-07,1.01660944992851e-06,9.28348026688746e-07,2.11466649127217e-06,-6.37247212801214e-07,-5.26107260886148e-06,1.18700301119366e-06,9.47517487413422e-07,6.93236716741988e-07,-1.14391089643132e-07,3.66951462728323e-08,-2.31924562105867e-08,-1.46950179761858e-07,-1.7121681993317e-07,5.26730099489030e-09,8.10680226215599e-09,1.03092571151737e-08,2.78288340421983e-09,9.147668362529e-09,6.8179468959347e-09,3.6776069665017e-09,-1.53434228761391e-09,5.0490396135361e-09,1.29104790149422e-08,-1.90864818318042e-06,-9.76998666180753e-06,5.15851798461764e-08,1.84295139629956e-06,-6.26895436453615e-09,-2.03030968892479e-05,7.70571320838507e-06,1.55070570285161e-06
"south_east","mu_D",-1.33550439902895e-05,3.4736059430112e-05,3.54797950928792e-06,1.01574413214716e-06,1.13577362099515e-06,-1.77507991281777e-07,-1.03172971414936e-06,1.4319222251781e-06,-1.13319473525943e-06,1.68022766721184e-06,2.45946634720397e-07,7.83892524782012e-08,-1.27127828764487e-07,-2.82056398278655e-06,3.57295682687415e-07,-7.01451429933396e-07,1.14756197438594e-06,-6.5807340004337e-07,6.99320320728635e-07,-5.52780336920796e-07,1.01660944992851e-06,0.000625396563301198,5.11422321564362e-05,3.16247274096885e-05,0.000536501472956602,-9.79990534267176e-05,-1.42573539471201e-05,-2.78393829591399e-05,9.86449365831951e-06,-8.10423110278924e-06,-0.000110077375719342,-1.15717978410813e-05,7.05457587000723e-06,-3.10093765502099e-06,2.39123492050628e-07,3.28885515905341e-07,1.55314326972361e-07,-7.50496599042255e-08,3.69493221611816e-07,2.0604037347302e-07,1.86893544316791e-07,1.29591173630219e-08,8.5353983930618e-08,1.56556937563189e-07,-5.10833551954062e-05,-6.82618544617055e-05,3.37635005945941e-05,-0.000262206908695512,-4.57823152777493e-07,-0.000157298641358776,0.000353047513663307,2.62433028070794e-06
"south_east","mu_D_2",4.73752443362866e-06,2.11714423144821e-05,6.91725726926503e-06,-1.43382865121135e-06,-1.74208382682477e-06,-1.28281384359287e-06,2.61162640197234e-06,-1.43941516736161e-06,1.37669969225178e-06,-6.03109644143605e-07,4.32298929192494e-07,-1.28674442466899e-07,1.20704581233095e-06,7.42852017753071e-06,-8.10559141219824e-07,6.37427477399382e-07,-7.51325316250553e-07,8.49556875155437e-07,6.05301093819809e-07,-1.8181101399041e-06,9.28348026688746e-07,5.11422321564362e-05,0.000360986156040453,0.000357556849916611,0.000251121296303983,-9.85012667116847e-06,2.69264665136958e-06,-1.74792363044627e-05,0.000103180740912299,7.15783647622889e-06,-0.000109124403282349,-1.45434692093573e-05,2.73147450669269e-06,7.32172705297607e-05,2.94428996411098e-09,8.04681908779774e-08,-1.98502077617334e-08,1.06398059758628e-07,1.08652543468688e-07,1.66749649892549e-07,-1.57147749353652e-07,5.51299894792596e-08,1.44006536359107e-09,2.12305204654032e-07,-9.91792792248919e-05,-0.00138176096431489,-3.28701255402062e-05,-8.81642517736849e-05,-1.47405134877705e-07,-0.000494706188075473,-0.00092450659126756,-7.3483046368568e-06
"south_east","mu_D_3",4.03435005967577e-06,3.34746415907925e-05,2.31314200674135e-05,-1.55771740784896e-07,-1.73586435593622e-06,-2.04956866516579e-06,3.44120478362906e-06,-1.54379638729007e-06,9.53676397268328e-07,-1.34217353287379e-06,3.59598385719364e-07,-3.57431212170203e-07,7.3806660623606e-07,7.48603454129439e-06,-8.43341474701055e-07,7.01289033125787e-07,-5.2318225334575e-07,-2.03267695175213e-07,2.25889898668558e-06,-4.80412461643232e-06,2.11466649127217e-06,3.16247274096885e-05,0.000357556849916611,0.000781520606403093,5.35171030390032e-05,-0.000230966928093833,8.50465921198957e-05,-1.32083407677091e-05,0.000176506060569719,1.72372718251833e-05,-6.45711616108159e-05,-9.2505972332682e-06,-2.82775180105158e-06,-4.30640200238541e-06,2.7656201794351e-07,2.53887015748198e-07,2.78936292932814e-07,3.63102150300235e-07,8.22840632547995e-08,2.54931196823819e-07,-9.60710307599329e-08,2.18957214050286e-07,-3.02939199822713e-08,2.82683958876281e-07,-0.000146358412398107,-0.00248089689114107,-6.6157338041842e-05,-3.60874711116493e-05,1.72688278429476e-07,-0.000403905650166848,-0.0006053504653955,1.60871765028297e-06
"south_east","mu_D_4",-3.14539870214724e-05,0.000347481925732897,-1.89123248752753e-05,3.53716771516645e-06,2.34130960647366e-06,1.64762880892335e-06,-1.6474274584901e-06,1.1536413593497e-07,-6.8739757549733e-07,5.71481315818818e-06,-3.17071976715926e-06,5.22665402703777e-07,-1.88801411707377e-06,1.90566474448718e-06,-1.08901106955241e-06,8.81545025073492e-07,-2.73000812798908e-06,-3.38178489997187e-07,6.46573610211232e-06,-6.54917746833312e-06,-6.37247212801214e-07,0.000536501472956602,0.000251121296303983,5.35171030390032e-05,0.00669828488102649,-0.000208184074157603,-1.92624676730636e-05,-0.000123170530630577,4.471499425834e-05,5.94049369882877e-07,-0.000204510887808235,-5.85664904777519e-05,3.2014265264831e-05,0.000109917502169465,-9.78771026334376e-07,3.37482663212322e-07,-1.16196343305559e-07,-6.78375821404731e-07,-1.60423795994375e-08,-7.16926016426592e-07,6.80936671272992e-07,1.1932783288528e-07,7.61360766485908e-08,1.23293326471397e-06,0.000157165439742849,-0.000646729691778914,2.24084373747977e-05,-0.000693058400659827,-1.80419904096915e-06,0.000477392641230248,0.00125343059315979,-5.35868382677695e-06
"south_east","mu_gamma_H",2.99945024789401e-06,3.62023731469193e-07,-3.10736873715987e-06,-5.05361254233825e-06,7.12051949973265e-07,3.69216446708678e-06,-1.88329187029246e-06,-1.01904668110198e-07,6.40260765556421e-07,-7.88895782410963e-07,-1.98674766896e-07,1.06832636560709e-07,1.16298458736243e-06,6.22144286422962e-07,3.92450662531812e-07,-2.3785800837582e-07,7.64196549940495e-07,-5.44824791628429e-07,-2.85368092067047e-06,5.96626096871429e-06,-5.26107260886148e-06,-9.79990534267176e-05,-9.85012667116847e-06,-0.000230966928093833,-0.000208184074157603,0.000629527180277283,-0.000188706681704013,3.36453349702626e-06,-4.51058394449438e-05,1.16330626677993e-05,1.42348468591517e-07,4.79126607883751e-08,-4.8993393646027e-06,1.29489969868983e-05,-3.24218114194013e-07,-6.65077225248986e-07,-2.84523280872073e-07,-2.07432417674374e-07,-3.16076499739972e-07,-2.42986718560801e-07,-1.66084834389084e-07,-3.28688202979722e-08,-6.23405908569063e-08,-5.57382843054959e-07,6.91593271238865e-05,0.000754606552264826,-5.73075643547624e-05,0.000387341628537637,2.20154068747959e-07,0.000520210582567368,0.00067915337648019,-1.88304475636843e-05
"south_east","mu_gamma_H_2",7.9097886248295e-07,2.37668735269156e-05,3.06917832211403e-06,2.93713145019343e-06,3.94764256741269e-07,-1.1786702496215e-06,2.08744991696682e-07,-3.54424215138589e-07,-9.45760296048665e-08,-9.22610300801263e-07,5.11626701795944e-07,-6.47205675783287e-07,-7.70072524654653e-07,-2.34527636122589e-06,-4.86432310612485e-08,-1.17908576787586e-07,-1.5001659419384e-08,-5.13591939357392e-07,1.28462892109966e-06,-2.20630919198835e-06,1.18700301119366e-06,-1.42573539471201e-05,2.69264665136958e-06,8.50465921198957e-05,-1.92624676730636e-05,-0.000188706681704013,0.000279290822193571,5.37556127854221e-06,1.27814394857536e-05,1.27025066292513e-05,1.44041704422151e-05,7.01810556590063e-06,2.37356527240647e-06,1.22307662107726e-05,-4.59192753518707e-08,-1.23387151409675e-07,-8.9813989426909e-08,-2.89499775098511e-08,-2.23804432568939e-07,-1.34939715689817e-07,-1.20436041757319e-07,-1.54989433589778e-07,-1.0391445587952e-07,-9.82179707275795e-08,-3.48031800064541e-05,-0.000139023250395257,-5.63974016778376e-05,-6.53967522771032e-05,3.83097452305491e-08,-0.000119301418068112,0.000323456783410643,7.05177687294243e-06
"south_east","p_G_D",7.22464582471203e-06,-0.000101021490114118,1.01205677161716e-06,1.19564152413814e-06,-2.96857485437087e-07,-4.28664891274453e-07,5.57710293328426e-07,4.51847432138044e-08,1.98891792714175e-07,-4.2366574139103e-07,4.43801259364224e-07,-5.62613029841648e-08,7.08980838352989e-08,-1.66637193417609e-06,4.7007912580806e-08,4.64677866588439e-09,-2.19838052284873e-08,-1.22746407979298e-07,5.77901139939535e-07,-1.05493249834746e-06,9.47517487413422e-07,-2.78393829591399e-05,-1.74792363044627e-05,-1.32083407677091e-05,-0.000123170530630577,3.36453349702626e-06,5.37556127854221e-06,6.98149387303364e-05,-2.43686724804227e-07,3.26851233927288e-06,3.28884416273246e-05,-4.47494289089631e-06,-1.45573931312669e-06,-3.24562109812989e-05,-2.46672752605079e-08,-8.52909886896595e-08,-4.01647419409636e-08,-2.98331738609442e-08,8.85573362370921e-09,-3.8438054146392e-08,-5.21376682808986e-08,-8.13074500712824e-09,4.81858413805474e-09,-3.53194436146422e-08,6.47522670550361e-06,2.33678814014767e-05,-9.99264222289596e-06,5.47910182440291e-05,-7.94170730035888e-08,8.95980713523728e-05,-0.000477647860633586,1.59961766387818e-07
"south_east","p_G_D_2",1.60675578477717e-06,-2.19385294015298e-05,4.22176149682021e-06,5.08182885638394e-08,-8.16750848203912e-07,-8.78898924098022e-07,1.38897980528147e-06,-6.78465742915471e-07,4.95151724807787e-07,-3.63810894766692e-07,1.58913748023478e-07,-8.93864053667741e-08,3.49524118184307e-07,2.37130406172517e-06,-2.27796028831138e-07,1.96247314115385e-07,-2.59996717169839e-07,2.47813078979255e-07,4.5801350224729e-07,-1.1772271640771e-06,6.93236716741988e-07,9.86449365831951e-06,0.000103180740912299,0.000176506060569719,4.471499425834e-05,-4.51058394449438e-05,1.27814394857536e-05,-2.43686724804227e-07,5.47040844899767e-05,3.86659027473747e-06,-7.20668838947464e-06,-1.7493188678665e-06,-7.10389969053432e-07,5.04021146508453e-06,7.47194220932795e-08,9.35555583351349e-08,4.90810482858024e-08,1.05012081945241e-07,8.46863695003604e-08,6.43200069007268e-08,-6.90264123060754e-09,5.6485087693398e-08,-7.9292605979532e-09,1.09403478095711e-07,-3.35027790193053e-05,-0.000654647081314786,-1.55934449454982e-05,-1.97682228802929e-05,-2.99794335335108e-08,-0.000223310412769458,-0.000376266167541599,-5.11579379134417e-07
"south_east","p_H",3.97248931425516e-08,3.01496431207184e-07,4.71592915212185e-06,3.46393390254324e-07,-4.33372885284127e-07,-8.13881383302918e-07,1.64871587043571e-07,-7.24865908083904e-07,9.61463478680816e-09,-5.38979407379759e-07,-2.39077331288563e-07,-2.63166220389671e-07,-3.06735227407343e-07,-2.17693344730067e-06,-4.12272012808515e-08,-4.0904182416188e-07,-2.59421522775569e-07,-3.74928392454291e-07,-3.85066799648102e-07,-9.19120426384513e-07,-1.14391089643132e-07,-8.10423110278924e-06,7.15783647622889e-06,1.72372718251833e-05,5.94049369882877e-07,1.16330626677993e-05,1.27025066292513e-05,3.26851233927288e-06,3.86659027473747e-06,6.92581688898916e-05,-3.43986786818066e-06,3.39989361721252e-06,-1.07241056741762e-06,-3.76836467899778e-06,-1.10664990225386e-07,-3.68411981913432e-07,-1.68815529964656e-07,-1.59536656098691e-07,-3.14882433062385e-07,-3.26739853594099e-08,-1.56014856316189e-07,-9.17185834229615e-08,-5.62324158364001e-08,-1.58834744517009e-07,7.41004029577105e-06,-8.9212930608052e-06,-0.00027171193885189,7.40248685953429e-05,9.36721155636889e-08,0.000117344839974508,0.000429447812168305,-7.44574639309964e-06
"south_east","p_H_D",-4.45187016492294e-07,-1.53442259249482e-05,-6.90772319718563e-06,3.13111454866785e-06,1.72881993596944e-06,-2.79454872988807e-07,-6.00573561097363e-07,1.27022877891719e-07,-3.15713595131022e-07,-1.33401284611803e-07,1.43063050061567e-07,-2.91738428445097e-07,-1.82777852265423e-07,-7.64594357408151e-06,1.37011588776758e-07,5.74093656262422e-08,-2.18763969886059e-07,7.08117620694073e-08,-1.74421528655649e-08,1.21092304239037e-07,3.66951462728323e-08,-0.000110077375719342,-0.000109124403282349,-6.45711616108159e-05,-0.000204510887808235,1.42348468591517e-07,1.44041704422151e-05,3.28884416273246e-05,-7.20668838947464e-06,-3.43986786818066e-06,0.000165614757131535,1.30222025457507e-05,-1.79242755749892e-06,-7.68414439636773e-05,3.46577089935963e-08,-1.57281100617093e-07,-5.28564228378977e-08,7.36288667098461e-10,-1.13639185588016e-07,-2.11237048169673e-07,4.79755335833175e-08,-4.9089501940021e-08,-6.88727804546631e-09,-5.00111977143672e-08,2.9757261244658e-05,7.35070959396388e-05,1.48617138192532e-05,3.84172754975957e-05,6.07710046930258e-08,0.000155878610808126,0.000790924130394532,5.6557253653348e-06
"south_east","p_ICU",-1.4769022099825e-06,1.95303039585833e-05,5.04865352176292e-09,3.43610275268298e-07,-2.74461467659655e-07,-1.79723894990698e-07,-1.00740837247276e-07,6.58174362009609e-08,-1.2960535827916e-07,-1.52932474120761e-07,7.55823122775451e-08,-5.93803769484514e-08,-8.82724528652586e-08,-7.23231363858851e-07,-7.2686599554321e-09,1.74723823285937e-08,2.04489219572187e-08,-2.73469825520808e-07,1.16714215237063e-07,-1.96013754122359e-07,-2.31924562105867e-08,-1.15717978410813e-05,-1.45434692093573e-05,-9.2505972332682e-06,-5.85664904777519e-05,4.79126607883751e-08,7.01810556590063e-06,-4.47494289089631e-06,-1.7493188678665e-06,3.39989361721252e-06,1.30222025457507e-05,1.51784195878213e-05,-1.16751773625341e-06,8.65336350776531e-06,2.19200075692696e-08,2.82450795354839e-08,-6.09525361723405e-08,5.81565738285397e-09,-1.40305955900149e-08,-8.43128655077833e-09,-1.63422080383698e-10,1.98270904537539e-08,-4.68932289130139e-09,-1.33068989430803e-08,3.29504116784951e-05,2.26885695314808e-05,-1.51423572927511e-05,4.48795526575625e-05,-2.00762879261557e-08,-1.86604245565096e-06,-7.10562557266704e-05,1.75567518309951e-07
"south_east","p_ICU_2",-2.91928359805048e-07,3.50177008879998e-06,1.70413490368757e-08,4.32066542690807e-07,3.48815649034681e-07,1.03981592864404e-07,-2.35356616069302e-07,7.1890189126429e-08,-3.51297395717959e-08,1.54024803754483e-07,-1.10087346631345e-07,2.0253211987004e-08,-6.30903186518297e-08,-1.34376185562192e-06,5.68790208739481e-08,-7.0572123294627e-08,9.36035092647439e-08,-5.22260849712311e-08,-3.49903867085259e-08,2.30005604930899e-07,-1.46950179761858e-07,7.05457587000723e-06,2.73147450669269e-06,-2.82775180105158e-06,3.2014265264831e-05,-4.8993393646027e-06,2.37356527240647e-06,-1.45573931312669e-06,-7.10389969053432e-07,-1.07241056741762e-06,-1.79242755749892e-06,-1.16751773625341e-06,3.65535039559391e-06,6.8177878913703e-06,-1.24812614569192e-08,-1.13622549356088e-08,-6.90931686997601e-09,-8.42115283574958e-09,4.78211531512815e-09,9.26205548987084e-09,-9.1732248077903e-09,-1.37779060695402e-09,3.84118787422902e-10,-9.97856899942942e-09,8.96847404119058e-06,-7.88870292795258e-07,5.2643607906676e-06,-9.89265586578094e-05,8.32894593545271e-09,3.64254699405256e-05,0.000124746897322745,3.03811502114251e-07
"south_east","p_ICU_D",1.90300509275388e-06,2.3290566449381e-05,8.95909925134108e-06,1.07837876049664e-06,-1.26976264569583e-06,-8.50198229034215e-07,1.58984730040185e-06,-4.82366501237782e-07,4.21076298909145e-07,1.84420986369771e-08,-8.83572499316497e-07,6.67530153275259e-07,-6.44376551290151e-07,2.10868331588247e-07,8.82285717917516e-07,-3.70913152585176e-07,-2.73058335811696e-07,1.41675821484603e-06,-7.14590117431752e-07,4.55936548975265e-07,-1.7121681993317e-07,-3.10093765502099e-06,7.32172705297607e-05,-4.30640200238541e-06,0.000109917502169465,1.29489969868983e-05,1.22307662107726e-05,-3.24562109812989e-05,5.04021146508453e-06,-3.76836467899778e-06,-7.68414439636773e-05,8.65336350776531e-06,6.8177878913703e-06,0.000574773737720838,-1.68698879629526e-08,2.57207159577414e-07,-6.13429549830253e-08,1.28590217532317e-07,-1.58112319602882e-07,5.17075205694137e-09,-2.6773098784429e-07,5.91398235721302e-08,1.43637170237264e-08,1.5458637300581e-07,-0.000180133248143238,-0.000218959733071731,3.2433843867421e-06,-0.00015794608563303,3.08269923842057e-08,-0.000332993194737347,-0.000742006764030084,-3.02507990066021e-06
"south_east","p_NC_15_24",1.55393219571245e-08,8.56575690031055e-08,-1.47356693594549e-08,8.19887369363244e-09,-3.07092260175757e-09,-5.53859214259204e-09,8.68233408217587e-09,-2.31255988085317e-09,1.44726843969185e-09,3.41251543888305e-10,2.53196207287114e-09,3.36598726789393e-10,1.78568308111145e-09,3.08602469217227e-09,-2.54819880596399e-09,1.88995747122317e-09,1.58549092615211e-10,5.70809716646373e-10,4.02528717072363e-09,-4.23149547238785e-09,5.26730099489030e-09,2.39123492050628e-07,2.94428996411098e-09,2.7656201794351e-07,-9.78771026334376e-07,-3.24218114194013e-07,-4.59192753518707e-08,-2.46672752605079e-08,7.47194220932795e-08,-1.10664990225386e-07,3.46577089935963e-08,2.19200075692696e-08,-1.24812614569192e-08,-1.68698879629526e-08,6.1935898527518e-09,1.49355857720907e-09,1.55042454637328e-09,7.05313935400049e-10,8.91574442949223e-10,6.68604287554537e-10,1.72188216411728e-09,2.69357642381958e-10,-9.9832323035887e-11,-2.90424057160899e-10,-2.25101808393744e-07,-7.99914569525534e-07,3.24218830339347e-07,4.79866906930595e-08,-9.91474634686184e-10,-2.33293324639323e-06,-3.61794477049148e-06,8.13256084145174e-09
"south_east","p_NC_25_49",-3.10466329704432e-08,6.88500461990707e-08,-7.01977783409645e-08,-1.1764005943284e-08,-4.33443439811292e-09,9.10992383794798e-10,4.56789597313734e-09,-6.05510342391033e-10,1.29247221238207e-09,7.37635784472437e-09,-1.59771738943072e-09,2.93336071785302e-09,3.11421031917317e-09,4.52025797808011e-08,-8.85849929973334e-10,3.18224488585196e-09,-1.00035881587396e-09,2.74890343862265e-09,6.93310362129381e-09,-6.48845604829087e-09,8.10680226215599e-09,3.28885515905341e-07,8.04681908779774e-08,2.53887015748198e-07,3.37482663212322e-07,-6.65077225248986e-07,-1.23387151409675e-07,-8.52909886896595e-08,9.35555583351349e-08,-3.68411981913432e-07,-1.57281100617093e-07,2.82450795354839e-08,-1.13622549356088e-08,2.57207159577414e-07,1.49355857720907e-09,1.46184473291768e-08,2.20894039468166e-09,1.5710626969408e-09,4.38346695905504e-09,1.0685586086562e-09,2.03640825554526e-09,1.93727750973289e-09,9.8638516697427e-10,1.88445555585034e-09,-1.31505570092594e-07,-1.29650492413923e-06,1.44204799421861e-06,-6.63215655133076e-07,-4.13666433328535e-09,-3.85066674262754e-06,-3.9189654901914e-06,3.26866157106212e-08
"south_east","p_NC_50_64",-4.06311592157079e-08,-1.12174527957295e-08,-1.57074735548787e-08,-4.74502847047448e-09,8.51834197747274e-09,4.34520231415952e-10,2.79579494635259e-09,9.43470081275855e-10,-2.94055903695126e-09,-1.31673404377074e-09,6.35944612074095e-09,-3.6705451136358e-09,5.78964695736252e-09,-2.18402438085293e-08,4.34700072423085e-09,-2.28412485104171e-09,3.78326976191342e-09,-1.8532965457135e-09,5.28018436498333e-09,-9.12603439545029e-09,1.03092571151737e-08,1.55314326972361e-07,-1.98502077617334e-08,2.78936292932814e-07,-1.16196343305559e-07,-2.84523280872073e-07,-8.9813989426909e-08,-4.01647419409636e-08,4.90810482858024e-08,-1.68815529964656e-07,-5.28564228378977e-08,-6.09525361723405e-08,-6.90931686997601e-09,-6.13429549830253e-08,1.55042454637328e-09,2.20894039468166e-09,1.18383640798608e-08,1.32061318443892e-09,4.23915313404264e-10,1.84075517482927e-09,1.3235017493576e-09,2.97583135270272e-10,5.21425791116773e-10,1.87236430069586e-09,-1.10876227439951e-07,-7.96928536355103e-07,5.76994160360612e-07,-2.28675139975905e-07,-2.41651027243932e-10,2.37556945173653e-06,3.18407911441598e-06,9.39473992688052e-08
"south_east","p_NC_65_79",4.84132451666488e-10,-1.50684384122211e-07,-1.06450550762041e-09,-5.23809597331914e-09,-4.47032706733876e-09,6.65547659413177e-10,3.01941084794127e-09,-7.46111043660589e-10,2.54784522776462e-09,4.09715258985606e-10,2.30745022328936e-09,1.33738089353735e-09,2.24607027718233e-09,1.6456023719478e-08,-8.69711709487666e-10,2.03089319957183e-09,-9.09106724825116e-10,1.21812107764792e-09,3.52003726653997e-09,-2.91499245674961e-09,2.78288340421983e-09,-7.50496599042255e-08,1.06398059758628e-07,3.63102150300235e-07,-6.78375821404731e-07,-2.07432417674374e-07,-2.89499775098511e-08,-2.98331738609442e-08,1.05012081945241e-07,-1.59536656098691e-07,7.36288667098461e-10,5.81565738285397e-09,-8.42115283574958e-09,1.28590217532317e-07,7.05313935400049e-10,1.5710626969408e-09,1.32061318443892e-09,4.31206324427822e-09,8.31298915996306e-10,4.86991225954331e-10,6.77022678441746e-10,7.26997043980681e-10,3.27432135086219e-10,1.3146316892889e-09,-1.4447004984124e-07,-1.37259380947091e-06,5.60274557067149e-07,-1.5405067461324e-07,-7.02328488561793e-10,-2.18080466813769e-06,-3.87348787211487e-06,-7.92648925706743e-09
"south_east","p_NC_80_plus",-2.2419805714007e-09,-3.32464157877508e-07,-3.93787963844269e-08,-7.59889003135948e-09,-3.73734848336424e-09,-7.23922168501096e-10,5.41732503766312e-09,2.50685791952955e-09,1.81408192495314e-09,6.36428024127435e-09,-1.52319373099074e-09,3.15849594755936e-09,2.0492015136897e-09,3.8540784260975e-08,-1.17927441573039e-09,2.46566957043388e-09,-4.84042943285486e-10,1.58244689478957e-09,8.9108441999998e-09,-9.43987316141192e-09,9.147668362529e-09,3.69493221611816e-07,1.08652543468688e-07,8.22840632547995e-08,-1.60423795994375e-08,-3.16076499739972e-07,-2.23804432568939e-07,8.85573362370921e-09,8.46863695003604e-08,-3.14882433062385e-07,-1.13639185588016e-07,-1.40305955900149e-08,4.78211531512815e-09,-1.58112319602882e-07,8.91574442949223e-10,4.38346695905504e-09,4.23915313404264e-10,8.31298915996306e-10,1.18110372541157e-08,4.43054958178329e-10,1.09902666353911e-09,3.78866919446201e-10,8.73461849571729e-10,1.87821371508380e-09,-2.76140439550957e-07,-7.98826797954391e-07,1.17619407404432e-06,-6.32647524748719e-07,-3.07205419410332e-09,-2.01764029285865e-06,-4.29990751339212e-06,1.2349369147205e-08
"south_east","p_NC_weekend_15_24",-1.08153153694696e-08,1.68925022166433e-07,2.83997166998051e-08,-6.10811471608494e-09,-6.53720856742887e-09,-1.76998123529079e-09,2.60653354785926e-09,1.07585173253064e-09,7.58236159513811e-10,-9.15637700895919e-10,3.9405175430048e-09,-2.21921035556072e-10,2.1545367749007e-09,6.41748602176849e-09,2.68837814352687e-10,1.71942622643478e-10,1.28070046619591e-09,-1.38409721547562e-09,-2.87604396752266e-09,2.11474776123942e-10,6.8179468959347e-09,2.0604037347302e-07,1.66749649892549e-07,2.54931196823819e-07,-7.16926016426592e-07,-2.42986718560801e-07,-1.34939715689817e-07,-3.8438054146392e-08,6.43200069007268e-08,-3.26739853594099e-08,-2.11237048169673e-07,-8.43128655077833e-09,9.26205548987084e-09,5.17075205694137e-09,6.68604287554537e-10,1.0685586086562e-09,1.84075517482927e-09,4.86991225954331e-10,4.43054958178329e-10,7.49866230571628e-09,-8.85129326706241e-11,1.00031696500399e-09,2.38889825193197e-10,4.1227762070016e-11,-1.4702086238262e-07,-1.09094953755991e-06,2.29847585124498e-07,-9.66907370048671e-07,-1.39733688521354e-09,-1.28662944191052e-07,-4.31994584526434e-06,-2.07075976322292e-09
"south_east","p_NC_weekend_25_49",-2.81471236829615e-08,2.42210480341275e-07,-3.26669867135934e-08,8.58011879251237e-09,1.66433155914247e-08,2.27940256880708e-09,-5.12755359994728e-09,2.95343760959977e-09,-1.19646976908558e-09,-8.83966552283475e-10,5.6151337725053e-09,-1.16666864345382e-09,2.79843794010684e-09,-2.64717734656967e-08,1.59141444914863e-09,-7.14645923462987e-10,4.53089051456399e-09,-4.60383276215004e-09,5.1586388455111e-09,-2.63222352986143e-09,3.6776069665017e-09,1.86893544316791e-07,-1.57147749353652e-07,-9.60710307599329e-08,6.80936671272992e-07,-1.66084834389084e-07,-1.20436041757319e-07,-5.21376682808986e-08,-6.90264123060754e-09,-1.56014856316189e-07,4.79755335833175e-08,-1.63422080383698e-10,-9.1732248077903e-09,-2.6773098784429e-07,1.72188216411728e-09,2.03640825554526e-09,1.3235017493576e-09,6.77022678441746e-10,1.09902666353911e-09,-8.85129326706241e-11,7.78958651806567e-09,5.19766625069022e-10,3.02318398174846e-11,1.7859642772101e-09,3.37026480509221e-07,4.12633393698634e-07,4.88625983573046e-07,1.16291554905784e-07,-1.23542158799499e-09,-1.79679445753436e-06,7.59281714771439e-06,3.10544609615748e-08
"south_east","p_NC_weekend_50_64",-6.9241681552291e-09,-2.64766675248393e-07,-1.08088806331938e-09,-3.35867921702931e-09,-1.89086261942209e-09,4.94034869997485e-09,-5.43857171227386e-09,3.25901616895855e-09,-4.5452863547459e-10,4.7058442653161e-09,-2.59354370290687e-09,1.05964309369581e-09,1.58982248564931e-09,4.54550227227888e-09,7.55042810264058e-10,6.84316955622265e-10,3.54165973890125e-10,-5.90248651895375e-10,-8.40357560245711e-11,3.2747742119342e-09,-1.53434228761391e-09,1.29591173630219e-08,5.51299894792596e-08,2.18957214050286e-07,1.1932783288528e-07,-3.28688202979722e-08,-1.54989433589778e-07,-8.13074500712824e-09,5.6485087693398e-08,-9.17185834229615e-08,-4.9089501940021e-08,1.98270904537539e-08,-1.37779060695402e-09,5.91398235721302e-08,2.69357642381958e-10,1.93727750973289e-09,2.97583135270272e-10,7.26997043980681e-10,3.78866919446201e-10,1.00031696500399e-09,5.19766625069022e-10,4.59638601877864e-09,1.30492518125818e-10,7.63895114443219e-10,-1.62939826865058e-07,-8.47431592448238e-07,3.39349616993737e-07,-3.02145944374167e-07,-9.3830034006972e-10,-2.90910905130695e-07,-1.95962180782929e-06,-9.76442364778549e-10
"south_east","p_NC_weekend_65_79",-2.28076368995025e-08,-1.87089129452371e-07,-1.64539312596032e-08,-3.76978555255204e-09,1.97588684498328e-10,-2.08925880110148e-09,2.82649568184404e-09,-2.7979152033896e-10,2.27879403458787e-10,5.61416895000466e-10,-1.08693438152739e-10,3.42395466126362e-10,-8.86947444375161e-10,1.35200137346991e-08,-2.09204804126305e-10,2.98060431463359e-10,-6.008477914507e-10,2.53186174175744e-09,-1.3579535328766e-11,-2.70689264769864e-09,5.0490396135361e-09,8.5353983930618e-08,1.44006536359107e-09,-3.02939199822713e-08,7.61360766485908e-08,-6.23405908569063e-08,-1.0391445587952e-07,4.81858413805474e-09,-7.9292605979532e-09,-5.62324158364001e-08,-6.88727804546631e-09,-4.68932289130139e-09,3.84118787422902e-10,1.43637170237264e-08,-9.9832323035887e-11,9.8638516697427e-10,5.21425791116773e-10,3.27432135086219e-10,8.73461849571729e-10,2.38889825193197e-10,3.02318398174846e-11,1.30492518125818e-10,2.13514086313252e-09,4.39047011222065e-10,-1.31756707082924e-07,1.06659573045924e-08,1.88302818771581e-07,-1.08364410373054e-07,2.98893391779973e-10,3.85778427209266e-07,2.70362555982131e-07,2.3929668846502e-08
"south_east","p_NC_weekend_80_plus",6.46459513288701e-09,-5.78131872344865e-09,-3.65730971958917e-08,-5.98933707913166e-09,-1.18138114959203e-08,-6.25740661094702e-09,9.88273724248565e-09,4.90592660170014e-10,1.46751618791771e-10,5.37895385628488e-09,-3.55296908081034e-09,1.87008111731915e-09,8.06826879488499e-10,4.53096341586274e-08,-2.72805158979509e-09,2.55639229511682e-09,-2.12147714498395e-09,3.31727160872047e-09,2.6421669680846e-09,-7.49530106568562e-09,1.29104790149422e-08,1.56556937563189e-07,2.12305204654032e-07,2.82683958876281e-07,1.23293326471397e-06,-5.57382843054959e-07,-9.82179707275795e-08,-3.53194436146422e-08,1.09403478095711e-07,-1.58834744517009e-07,-5.00111977143672e-08,-1.33068989430803e-08,-9.97856899942942e-09,1.5458637300581e-07,-2.90424057160899e-10,1.88445555585034e-09,1.87236430069586e-09,1.3146316892889e-09,1.87821371508380e-09,4.1227762070016e-11,1.7859642772101e-09,7.63895114443219e-10,4.39047011222065e-10,9.65177762109553e-09,-6.69375692511843e-08,-1.5127132672508e-06,5.19197816375188e-07,-2.61788740422529e-07,-5.61338743733917e-10,-1.05821675208245e-06,-7.22910815422794e-06,2.23597632476049e-08
"south_east","p_W_D",-7.98478237983783e-06,1.59617412732644e-05,7.45705341951909e-06,-7.27421811175739e-07,4.04334489042711e-06,1.34187587730829e-06,-1.90882569726081e-06,1.60017466421432e-06,-1.11857501376929e-06,-1.18411415526848e-06,1.44861754101599e-06,-2.82378982447638e-07,9.68544854985812e-08,-1.03214910150443e-05,1.16294118997179e-06,-1.01172478610432e-06,2.18000011646442e-06,-2.11841056708106e-06,-1.78801289537453e-06,4.33313175601937e-06,-1.90864818318042e-06,-5.10833551954062e-05,-9.91792792248919e-05,-0.000146358412398107,0.000157165439742849,6.91593271238865e-05,-3.48031800064541e-05,6.47522670550361e-06,-3.35027790193053e-05,7.41004029577105e-06,2.9757261244658e-05,3.29504116784951e-05,8.96847404119058e-06,-0.000180133248143238,-2.25101808393744e-07,-1.31505570092594e-07,-1.10876227439951e-07,-1.4447004984124e-07,-2.76140439550957e-07,-1.4702086238262e-07,3.37026480509221e-07,-1.62939826865058e-07,-1.31756707082924e-07,-6.69375692511843e-08,0.00112562267109805,0.000446801804985817,-3.68552865467603e-05,-9.35785266775605e-06,2.19679098492045e-07,0.00113037976833585,0.00240963316988762,8.31005747737469e-06
"south_east","rel_p_D_alpha",-1.62679420811203e-06,-0.000118000558862383,-6.92409551179242e-05,-6.29216588394395e-06,9.06226460498723e-06,1.0115659845092e-05,-1.45312521464652e-05,6.68863121453527e-06,-4.92090065313673e-06,4.02052181016763e-06,-1.91936073572645e-06,9.81848176011549e-07,-3.59435935975958e-06,-2.53332359868504e-05,3.56177070255707e-06,-3.60082913333008e-06,4.89426133484094e-06,-3.88048547880814e-06,-7.19409695529033e-06,1.66001020073529e-05,-9.76998666180753e-06,-6.82618544617055e-05,-0.00138176096431489,-0.00248089689114107,-0.000646729691778914,0.000754606552264826,-0.000139023250395257,2.33678814014767e-05,-0.000654647081314786,-8.9212930608052e-06,7.35070959396388e-05,2.26885695314808e-05,-7.88870292795258e-07,-0.000218959733071731,-7.99914569525534e-07,-1.29650492413923e-06,-7.96928536355103e-07,-1.37259380947091e-06,-7.98826797954391e-07,-1.09094953755991e-06,4.12633393698634e-07,-8.47431592448238e-07,1.06659573045924e-08,-1.5127132672508e-06,0.000446801804985817,0.00946525791393312,2.27862143734607e-05,0.000569348684176069,3.99752408433912e-07,0.00204848876461051,0.00479846431438799,-1.03666620278343e-05
"south_east","rel_p_H_alpha",6.32314247728705e-07,-6.74665033411464e-06,-1.70355575075432e-05,-1.17624649475959e-06,1.52660172542684e-06,3.61896491333972e-06,-1.5148374733353e-06,3.01341513307042e-06,-2.90641252109045e-07,2.55006629098306e-06,4.80036313409411e-07,8.99940380106029e-07,1.19917221525127e-06,7.74386927632971e-06,3.50288069993036e-07,1.51993597489563e-06,9.86501536261478e-07,1.54165237399622e-06,1.44074129198965e-06,3.84579755749883e-06,5.15851798461764e-08,3.37635005945941e-05,-3.28701255402062e-05,-6.6157338041842e-05,2.24084373747977e-05,-5.73075643547624e-05,-5.63974016778376e-05,-9.99264222289596e-06,-1.55934449454982e-05,-0.00027171193885189,1.48617138192532e-05,-1.51423572927511e-05,5.2643607906676e-06,3.2433843867421e-06,3.24218830339347e-07,1.44204799421861e-06,5.76994160360612e-07,5.60274557067149e-07,1.17619407404432e-06,2.29847585124498e-07,4.88625983573046e-07,3.39349616993737e-07,1.88302818771581e-07,5.19197816375188e-07,-3.68552865467603e-05,2.27862143734607e-05,0.00113639521788636,-0.000357965564935255,-4.29069243348686e-07,-0.000327023094455452,-0.00180525988386836,3.14643561574245e-05
"south_east","rel_p_ICU_alpha",1.52906513751312e-05,-5.79218834108977e-05,8.31146796056668e-07,-1.3344877599535e-05,-6.66551439331246e-06,-1.84275405885658e-06,4.82427101676661e-06,-9.55306374771519e-07,1.02228173795364e-07,-4.40935597097416e-06,2.68950184940101e-06,-7.6579794327603e-07,1.26062123977153e-06,3.17065825781814e-05,-1.20645946852537e-06,1.41627780465145e-06,-1.55340595768134e-06,-9.66551366303999e-07,1.16735859780221e-06,-5.40802209909774e-06,1.84295139629956e-06,-0.000262206908695512,-8.81642517736849e-05,-3.60874711116493e-05,-0.000693058400659827,0.000387341628537637,-6.53967522771032e-05,5.47910182440291e-05,-1.97682228802929e-05,7.40248685953429e-05,3.84172754975957e-05,4.48795526575625e-05,-9.89265586578094e-05,-0.00015794608563303,4.79866906930595e-08,-6.63215655133076e-07,-2.28675139975905e-07,-1.5405067461324e-07,-6.32647524748719e-07,-9.66907370048671e-07,1.16291554905784e-07,-3.02145944374167e-07,-1.08364410373054e-07,-2.61788740422529e-07,-9.35785266775605e-06,0.000569348684176069,-0.000357965564935255,0.00330605434058808,4.33075732818743e-08,-0.00020981128177923,-0.00125709292807155,-1.87800983329437e-05
"south_east","rho_pillar2_tests",-3.57475652744675e-08,-5.02849104708804e-07,-1.24486002605585e-08,-2.26150269452846e-08,4.29949789941526e-09,1.70575302021571e-09,-3.83944035558196e-09,8.24049634678693e-09,1.02648848024635e-09,3.06450869018187e-09,-9.34217309125414e-09,3.54681750089286e-09,-3.67219726477087e-09,3.87080997399432e-08,-3.74069600456617e-09,3.08766914787773e-09,-5.42291922243876e-09,1.02197057965389e-08,-1.89230181090426e-08,1.95525980914994e-08,-6.26895436453615e-09,-4.57823152777493e-07,-1.47405134877705e-07,1.72688278429476e-07,-1.80419904096915e-06,2.20154068747959e-07,3.83097452305491e-08,-7.94170730035888e-08,-2.99794335335108e-08,9.36721155636889e-08,6.07710046930258e-08,-2.00762879261557e-08,8.32894593545271e-09,3.08269923842057e-08,-9.91474634686184e-10,-4.13666433328535e-09,-2.41651027243932e-10,-7.02328488561793e-10,-3.07205419410332e-09,-1.39733688521354e-09,-1.23542158799499e-09,-9.3830034006972e-10,2.98893391779973e-10,-5.61338743733917e-10,2.19679098492045e-07,3.99752408433912e-07,-4.29069243348686e-07,4.33075732818743e-08,2.20597263305121e-08,1.94526050050198e-06,5.94495149875715e-06,-6.85690031141379e-08
"south_east","seed_date_alpha",-7.87438920542676e-06,8.0943035741385e-05,6.58383603235071e-05,-1.10769329944222e-05,3.03842879015488e-05,2.73372532498664e-05,-1.96502406395042e-05,1.08489091393513e-05,-1.07332225432445e-05,-1.26342235330915e-05,-5.48159730065713e-06,-1.17473169431176e-05,-1.39819700131226e-06,-0.00011614971477884,9.91465548059424e-06,-8.45957014092775e-06,8.96577502595848e-06,-2.62468180817743e-06,-9.40324807598292e-06,1.23325085812203e-05,-2.03030968892479e-05,-0.000157298641358776,-0.000494706188075473,-0.000403905650166848,0.000477392641230248,0.000520210582567368,-0.000119301418068112,8.95980713523728e-05,-0.000223310412769458,0.000117344839974508,0.000155878610808126,-1.86604245565096e-06,3.64254699405256e-05,-0.000332993194737347,-2.33293324639323e-06,-3.85066674262754e-06,2.37556945173653e-06,-2.18080466813769e-06,-2.01764029285865e-06,-1.28662944191052e-07,-1.79679445753436e-06,-2.90910905130695e-07,3.85778427209266e-07,-1.05821675208245e-06,0.00113037976833585,0.00204848876461051,-0.000327023094455452,-0.00020981128177923,1.94526050050198e-06,0.0368380798890584,0.0152248850067964,0.000395846548350854
"south_east","start_date",1.67428294376651e-05,0.00241711947664083,-0.000103585502672749,-1.17978108486695e-05,0.000690925465914517,1.825625977812e-05,-8.02603184144802e-05,2.01981095839055e-05,-1.44968870355177e-05,-4.05868275767314e-05,1.43556145380714e-05,-1.31300596147159e-05,-1.14289856255345e-05,-0.0007195964259986,2.17164071862855e-05,-1.74108175345858e-05,2.0125095178549e-05,-3.83844403055087e-05,1.5719176275807e-05,-2.16514249594782e-05,7.70571320838507e-06,0.000353047513663307,-0.00092450659126756,-0.0006053504653955,0.00125343059315979,0.00067915337648019,0.000323456783410643,-0.000477647860633586,-0.000376266167541599,0.000429447812168305,0.000790924130394532,-7.10562557266704e-05,0.000124746897322745,-0.000742006764030084,-3.61794477049148e-06,-3.9189654901914e-06,3.18407911441598e-06,-3.87348787211487e-06,-4.29990751339212e-06,-4.31994584526434e-06,7.59281714771439e-06,-1.95962180782929e-06,2.70362555982131e-07,-7.22910815422794e-06,0.00240963316988762,0.00479846431438799,-0.00180525988386836,-0.00125709292807155,5.94495149875715e-06,0.0152248850067964,0.424625951943392,0.000326631760230372
"south_east","ta_alpha",-2.942911579617e-07,2.36891677311153e-06,-7.52486322960706e-07,8.63542039558603e-07,8.56874602833755e-07,-1.04032237508076e-06,5.83991008379634e-07,-6.42563862475259e-08,-5.40254582859337e-07,-4.32125392489476e-07,-3.33851268976524e-07,-3.74316034559704e-07,-2.49741468145651e-07,-2.84669506706541e-06,1.7581784422557e-07,-1.06030453227209e-07,2.36978331702644e-07,-3.06274977213797e-07,5.5817537511663e-07,-9.4506500641267e-07,1.55070570285161e-06,2.62433028070794e-06,-7.3483046368568e-06,1.60871765028297e-06,-5.35868382677695e-06,-1.88304475636843e-05,7.05177687294243e-06,1.59961766387818e-07,-5.11579379134417e-07,-7.44574639309964e-06,5.6557253653348e-06,1.75567518309951e-07,3.03811502114251e-07,-3.02507990066021e-06,8.13256084145174e-09,3.26866157106212e-08,9.39473992688052e-08,-7.92648925706743e-09,1.2349369147205e-08,-2.07075976322292e-09,3.10544609615748e-08,-9.76442364778549e-10,2.3929668846502e-08,2.23597632476049e-08,8.31005747737469e-06,-1.03666620278343e-05,3.14643561574245e-05,-1.87800983329437e-05,-6.85690031141379e-08,0.000395846548350854,0.000326631760230372,1.8998787264777e-05
"south_west","alpha_admission",2.64756565705522e-05,-9.59290070404833e-06,1.2620054910616e-06,4.2372603948711e-07,-5.01698884439727e-07,-9.70434435927384e-08,-6.14399901722003e-07,5.4598432977282e-07,-5.53345831340051e-07,1.2031108427236e-06,-5.06972471721307e-07,-9.49108150748379e-08,-7.62902429425259e-08,1.05786663636547e-06,1.12908679458408e-08,-1.00114214363218e-07,1.66564001089607e-07,-2.0182492795618e-07,1.91039800615404e-07,-3.7440602119182e-07,4.83851367862831e-07,-6.698386113879e-06,-3.81170513299935e-06,-2.28640666820794e-05,2.7474828553075e-05,1.93176376054372e-05,-6.77152297861471e-06,6.4052798413885e-06,-6.82626413137208e-07,4.46411788972294e-06,5.51022937364973e-06,2.54997198977154e-06,2.87764869757049e-07,1.37127662166951e-05,-6.96636241837371e-09,7.99779917982939e-08,3.55579793809389e-08,1.27941246356078e-08,-2.02859967110086e-08,2.32668346474929e-08,-3.12004118039854e-09,4.81170644316239e-09,-1.64530712291316e-08,-1.87526877768178e-08,-9.13636366168517e-06,8.12310650677815e-05,-1.23635567652594e-05,-7.40501656975868e-06,-1.4393790594554e-07,0.000403330260845937,-8.92144888312136e-05,5.54196866726773e-06
"south_west","alpha_D",-9.59290070404833e-06,0.00237573250548003,-3.58251012269126e-05,6.74955389498551e-07,1.11219366481733e-05,-1.86372669737085e-06,2.04745661572886e-06,1.78014303832056e-06,6.94150568759565e-07,-4.14590414644214e-06,6.11142133786853e-06,-1.74265033503889e-06,-2.29776239871378e-06,6.3793261655094e-06,-2.05506781395538e-06,6.86528604488655e-07,-9.01770041893801e-07,5.2072681772604e-06,-7.74280267673949e-06,7.44935161214306e-06,-3.84981166757451e-07,-0.000134000297940944,0.000208741738073205,0.000324385951479155,-0.00038070035855818,-0.000314073086785859,4.17502932174724e-05,-9.36105677774949e-05,4.95394653574308e-05,-4.67251171706618e-06,4.90309579715381e-06,-4.72865757928828e-06,1.68410433814989e-05,-6.01556901486197e-05,1.70520454644565e-07,1.33914109468616e-06,-1.0008975398695e-09,-4.30636693561664e-08,6.63911458149779e-07,-3.58701083813209e-08,2.65947470298082e-07,7.48652149442572e-07,-3.82341271231701e-07,8.44934077837267e-08,-4.06302104934139e-06,-0.00207724038528156,-4.98380052980242e-06,-0.000383168621506931,-1.07754438375786e-06,0.00837447642997149,0.00532735527359564,9.87307007077705e-05
"south_west","alpha_death_hosp",1.2620054910616e-06,-3.58251012269126e-05,9.63817667416462e-05,-1.11144719617444e-06,2.3734763107008e-06,4.19302681021239e-09,-2.26964766769468e-07,4.63292829326267e-07,-1.00732856320977e-06,7.96655474585968e-07,1.72439771094359e-08,-1.92687072062851e-07,4.05910393446026e-07,-3.60422664854448e-06,6.01646712743712e-07,-3.07653670256929e-07,3.14616486555938e-07,-1.02318003488578e-06,1.25739922167383e-06,-1.33276208814199e-06,5.25613430105769e-07,7.36761733447163e-05,4.2275807406272e-05,2.37286682573082e-05,6.73853933282056e-05,5.40730192026081e-05,2.58650745139857e-06,-8.54463636965411e-06,2.19602736017504e-05,8.39992514918934e-06,-4.32913374452785e-05,-3.3592804329751e-07,-1.55985262756488e-06,6.7630116362332e-05,5.59970738704715e-08,-8.48911481730971e-08,-5.06962614079769e-08,7.94566692687232e-08,-2.59131350642949e-08,1.19057832416665e-08,-1.50793007692321e-09,3.27180477009006e-08,-2.34845309366434e-08,-1.88743034705911e-08,9.61303242060593e-06,-0.000285354418107808,-1.65827781832516e-05,7.66825127360406e-05,-2.62335186832404e-07,-0.000689484753084849,0.00096770229759436,-4.40639815462419e-06
"south_west","alpha_H",4.2372603948711e-07,6.74955389498551e-07,-1.11144719617444e-06,5.33426531478615e-06,-7.19809831626119e-07,-5.01178945774437e-07,5.50437980682319e-08,-9.4549826478323e-08,6.14513192972358e-08,2.45545423615391e-07,-1.67582549617476e-07,2.12901980511212e-08,-1.89961854446087e-08,-2.15942917409005e-06,4.48981724642851e-09,8.77404033198434e-09,1.97164714963038e-07,-5.30229230066696e-08,4.63898122445506e-08,9.31362314853268e-08,7.35379455790306e-08,-1.14464004779763e-05,-6.87659069842982e-07,-9.35106435111503e-06,-4.23082459599152e-07,-1.66121580939916e-05,4.4011222867324e-06,6.27652469826446e-06,2.96206057267388e-07,-4.465002106368e-06,7.9253913837995e-06,3.89958732470905e-07,-4.65516453582058e-07,5.0649891796077e-06,-8.6383996908219e-10,4.09457114640866e-08,-6.88425887132662e-09,8.00196068400526e-09,1.11433224233606e-08,2.64996415908334e-08,-9.60595440041585e-09,8.79289177430509e-09,-1.07325772354969e-08,1.29639177213092e-08,-3.30249072683799e-06,1.48744429137044e-05,1.47767007153358e-05,4.14931573806034e-06,-4.07003712811138e-09,-4.24999368855992e-05,-0.000468337196421252,-9.22669242448928e-08
"south_west","beta1",-5.01698884439727e-07,1.11219366481733e-05,2.3734763107008e-06,-7.19809831626119e-07,4.21578643814721e-06,3.7848616642904e-07,-1.65787520416876e-07,-3.46579490184358e-08,8.16292175087222e-08,-1.62306075662596e-07,-1.38164843243576e-07,5.98325418035232e-09,-9.72669820709569e-08,-3.40597643285995e-06,1.24051891874107e-07,-9.71636604879943e-08,1.39200695447969e-07,-2.24485122147583e-07,1.75500918287494e-07,-1.52349744025894e-07,-2.6300323948993e-07,4.11693706327957e-06,1.88801366732012e-06,1.57728986748668e-06,-2.21311550183721e-05,2.45994500891115e-05,-7.41227071112552e-06,-9.5859906452649e-07,7.01375219999151e-07,1.31713289783693e-06,-1.38818759755851e-06,6.07857502934993e-07,5.553565996263e-07,3.64512301246911e-06,1.0665871822899e-08,2.05177771552994e-08,-4.65100258892548e-09,-7.88961887185494e-09,-5.53352954428519e-09,-1.03432449533909e-08,-4.57904477669601e-09,-1.14739737911539e-08,1.10731283760421e-08,1.21123147699778e-08,1.17366627465743e-05,-6.99684883687598e-07,-4.14531009249582e-06,-1.41901511721072e-05,-5.82876727850427e-08,0.00018894333312625,0.00169356263057481,2.91409591206757e-06
"south_west","beta10",-9.70434435927384e-08,-1.86372669737085e-06,4.19302681021239e-09,-5.01178945774437e-07,3.7848616642904e-07,7.89895597693545e-07,-7.13160322888532e-07,1.30639982922444e-07,1.81566018488265e-08,-1.48116018825215e-08,6.91337537355575e-08,3.65598593171098e-08,1.75734646894271e-08,4.18665506708008e-08,-3.70264979546434e-08,2.93812158728991e-08,-7.71285840058601e-08,1.00193705638662e-07,-1.44446885254486e-07,4.74788542196473e-07,-8.94899930405242e-07,4.1918002151427e-06,-1.15754785091404e-06,1.63616554628521e-06,-7.93153120341255e-06,5.46907600296458e-06,-1.45708915982757e-06,1.76698779993391e-07,-3.28971303836349e-07,-4.55028322163199e-07,-2.06764262347021e-06,-3.18746636549844e-07,1.5939372144827e-07,-1.43340571317105e-07,1.41042708285021e-09,1.80785671074297e-08,4.48084427045459e-09,-1.52859901891002e-09,8.36425191910699e-10,-3.74692657076223e-09,8.8676536769449e-09,1.48973968815156e-09,8.98936518499736e-09,8.40095389581542e-10,4.43982530621799e-07,8.70725802096718e-06,1.3093320427342e-06,-1.01838745447465e-06,1.08910835281516e-08,-9.99705311873434e-05,0.000143279863480275,-1.28517534136475e-06
"south_west","beta11",-6.14399901722003e-07,2.04745661572886e-06,-2.26964766769468e-07,5.50437980682319e-08,-1.65787520416876e-07,-7.13160322888532e-07,1.20198003495397e-06,-4.73913082620963e-07,1.85683574751365e-07,-1.92587888890736e-07,-1.25927523867505e-07,-4.28146553041876e-08,-5.53033709151034e-08,-2.32866866684676e-08,4.17569637251355e-08,-2.98930070849566e-08,5.26378202953586e-08,-7.89204350285524e-08,9.99119547090129e-08,-3.03990917399337e-07,6.18324199963269e-07,-1.35257798825393e-06,1.58199854418909e-06,-1.74134382889812e-06,7.44349131954351e-06,-4.37315834103647e-07,-3.08889935937821e-07,-1.02435994634284e-06,-2.23480748865462e-07,1.9898764518452e-07,1.36199482596978e-06,2.72592008671297e-07,-1.04777167486066e-07,-2.68041430885537e-06,1.03734139329904e-09,-2.13399802360053e-08,6.1838687793081e-09,2.09473996184789e-09,3.6542114106277e-09,-1.85184887556565e-10,-4.99982514996426e-09,-4.97517857466105e-09,-8.99119254177843e-09,4.16353749553406e-09,8.70764625619461e-07,-4.78523885548801e-06,-3.76932727565409e-07,-2.33438300969935e-07,-1.41339039487938e-09,0.000242066121200427,-5.00958631509007e-05,2.90714095704639e-06
"south_west","beta12",5.4598432977282e-07,1.78014303832056e-06,4.63292829326267e-07,-9.4549826478323e-08,-3.46579490184358e-08,1.30639982922444e-07,-4.73913082620963e-07,5.01665162940856e-07,-3.1759107592422e-07,3.04422558425057e-07,-3.42410058034336e-08,-2.52848222320638e-08,-3.6105491578659e-10,-8.42615615549553e-09,2.25216181408075e-09,4.21718043330837e-09,-1.70617462137037e-08,3.61469131462405e-08,-3.68535526610712e-08,5.15559867721933e-08,-5.78551312419674e-08,-1.43923411382126e-06,2.60822727155686e-06,1.11655639618011e-06,-3.29706256380939e-07,-4.57079726098111e-07,3.80694868333025e-07,6.10505196125241e-07,6.39498653527979e-07,-2.77448178138446e-07,-1.37251081505217e-06,4.37158250666467e-08,1.56721842949707e-07,2.00011931414686e-06,9.77814525327918e-10,1.02201628754399e-08,5.9286531993991e-09,3.01528672570652e-09,4.3324462347747e-09,7.07259098224637e-09,6.5996769033011e-09,7.86301169543366e-09,1.94838792042871e-09,-5.30920146497384e-09,-1.10594608150342e-06,-8.18963184181098e-06,1.01713199794914e-06,1.18216400270588e-06,-1.41454231890898e-08,9.50997954100137e-05,-2.65983392828863e-05,1.21747053379223e-06
"south_west","beta13",-5.53345831340051e-07,6.94150568759565e-07,-1.00732856320977e-06,6.14513192972358e-08,8.16292175087222e-08,1.81566018488265e-08,1.85683574751365e-07,-3.1759107592422e-07,3.56332659954552e-07,-4.05032246860801e-07,1.75483241245931e-07,7.03933480511679e-09,-2.03571419669437e-08,-2.05322901353039e-08,-9.07848628926947e-09,-1.56968506169582e-09,1.07565154452826e-08,-9.59387744740504e-09,-5.29141793028402e-09,4.88038481694836e-08,-9.14471009440176e-08,4.36657802222337e-07,-2.57211539109025e-06,-3.16941261909682e-07,-2.46225141109224e-06,-1.00270239635736e-06,-1.21818723635352e-07,3.23916697932033e-08,-6.9998659792787e-07,1.76254069397616e-07,1.2269713891337e-06,-3.19373466124449e-07,4.87487920095101e-08,-4.3873355054025e-08,3.05947533738106e-10,6.7599790240414e-09,-3.43480397665588e-09,6.16615336535814e-10,-1.66170687139927e-09,-5.40472826187975e-09,-3.36240165546056e-09,-3.29585807622493e-09,-8.37802063468608e-10,4.50640514776972e-09,1.53497516189107e-06,6.66749490094094e-06,-1.21928593825855e-06,-3.10404261016265e-06,2.427514437958e-08,7.96733080618722e-05,3.45122394928448e-05,2.84389731648466e-07
"south_west","beta14",1.2031108427236e-06,-4.14590414644214e-06,7.96655474585968e-07,2.45545423615391e-07,-1.62306075662596e-07,-1.48116018825215e-08,-1.92587888890736e-07,3.04422558425057e-07,-4.05032246860801e-07,9.25103129983632e-07,-5.60017120596345e-07,4.88685673165532e-08,1.88712403013134e-08,-1.77406648145383e-09,-5.79307856250305e-09,1.19670533845023e-08,-1.05110144916888e-08,1.56979560639399e-08,5.02245311627647e-08,-1.05743385073875e-07,9.39184792255154e-08,2.03118171552295e-08,3.53788564456556e-06,-9.5361041199079e-07,2.99835748416019e-06,2.06495960013513e-06,6.05571222352032e-07,7.45146552773183e-07,6.75817048628628e-07,-6.18698860319704e-07,-1.34078876743044e-06,1.64166006952168e-07,5.80959327408354e-08,-2.75654422283715e-06,8.56667300011445e-09,1.27067593435705e-08,8.75232386184109e-09,8.01448201548691e-10,-9.60398624820081e-10,6.48857795055153e-09,1.05554122003148e-08,9.15799615664943e-09,4.58923055066252e-09,1.87519361690126e-09,-8.85683335948571e-07,2.59481702376019e-06,2.55715866713035e-06,5.28090357220633e-07,-3.69171238127764e-08,-8.199908509102e-05,-7.66049653199353e-05,-1.59325963641459e-06
"south_west","beta15",-5.06972471721307e-07,6.11142133786853e-06,1.72439771094359e-08,-1.67582549617476e-07,-1.38164843243576e-07,6.91337537355575e-08,-1.25927523867505e-07,-3.42410058034336e-08,1.75483241245931e-07,-5.60017120596345e-07,1.02783176655338e-06,-3.25177801870872e-08,1.57980150988601e-07,1.63021455753564e-07,-2.25602038011608e-09,2.63614407503967e-09,-1.12813765981508e-08,-8.16178232827951e-09,-2.71420303959568e-08,1.02897021573949e-07,-8.54388123469305e-08,-1.59980160345103e-06,-4.09248895305694e-06,1.4571083628633e-06,-1.13769702648546e-05,-7.71977943273634e-06,7.15411616817802e-07,-6.63980322598259e-07,-3.6391233263912e-07,1.57673790027817e-07,1.307716101879e-06,1.25943858266434e-07,-2.72326674432398e-07,3.36235770720452e-06,-8.2510262582161e-09,-4.65974705681157e-09,2.03648839449325e-09,4.52879062880097e-09,8.14258295184563e-09,1.32551985388394e-09,-4.72191089964898e-09,3.50348755017647e-10,-4.73521659881778e-09,4.3384795309703e-09,-8.96125258157497e-08,-3.4584105840371e-06,-5.04711087451148e-07,4.80820965365624e-06,3.10795207251946e-09,-0.000177972516560562,-5.30020687403574e-05,-4.025945757484e-06
"south_west","beta16",-9.49108150748379e-08,-1.74265033503889e-06,-1.92687072062851e-07,2.12901980511212e-08,5.98325418035232e-09,3.65598593171098e-08,-4.28146553041876e-08,-2.52848222320638e-08,7.03933480511679e-09,4.88685673165532e-08,-3.25177801870872e-08,8.74237664019671e-08,6.82939218364798e-09,1.59309303521523e-08,-1.07921885011052e-08,7.06696627995823e-09,-3.52501010145592e-09,-7.99285359338031e-10,2.98464219812774e-08,-3.88382902791039e-09,-2.98878897743108e-08,1.73776015851058e-06,-8.08720953324823e-07,-3.75752973581784e-07,-1.75141170477469e-07,1.00464440455384e-06,-5.59766090169013e-07,3.10207330964626e-08,-2.59417044431309e-07,-1.13061471277561e-06,-8.14509077248104e-08,2.56841205765777e-08,1.77328551911776e-08,-7.60528514092599e-07,-1.28885459776666e-09,9.10593387150855e-09,7.25229639312071e-10,1.65833385441324e-09,-3.62123524870796e-10,6.6166798406619e-10,-2.73136363850924e-10,1.51221623188574e-09,1.8851720493658e-09,1.04445380701205e-09,1.15940577115556e-06,4.89076551913492e-06,4.22315590829858e-06,-1.4760043738067e-06,3.8808313720814e-09,-0.000209878954602437,-1.13826670155387e-05,-3.05181476559412e-06
"south_west","beta17",-7.62902429425259e-08,-2.29776239871378e-06,4.05910393446026e-07,-1.89961854446087e-08,-9.72669820709569e-08,1.75734646894271e-08,-5.53033709151034e-08,-3.6105491578659e-10,-2.03571419669437e-08,1.88712403013134e-08,1.57980150988601e-07,6.82939218364798e-09,1.66799409766043e-07,2.48789003784601e-07,-6.34684157978557e-09,4.76490540546549e-09,2.34459398346825e-08,-6.07907451642885e-08,5.40802633766276e-08,-2.53942009118414e-09,-2.73371197934983e-08,-1.11992635363454e-08,-1.51776959343904e-06,6.35132149422770e-09,-1.08999379128733e-07,4.09525048480347e-07,-2.00790468357978e-07,-4.13558249185646e-07,1.07052733715657e-07,-1.27372567187685e-06,-8.14650727790401e-08,-4.88994168606344e-08,-2.4860608637071e-08,4.24960614450431e-07,2.41877925371196e-09,-4.94531306732615e-09,5.54045633261563e-09,2.36436163910431e-09,3.5027115898055e-09,1.31179787220584e-09,5.5601560333637e-09,5.5776963948882e-10,4.51617757071216e-09,6.07629266692416e-09,-1.04905625121857e-06,3.36191105399551e-06,4.61223651104221e-06,4.06777273854137e-07,-5.11169056337875e-10,-0.000266060887095177,-4.42171652978334e-05,-3.57206145678322e-06
"south_west","beta2",1.05786663636547e-06,6.3793261655094e-06,-3.60422664854448e-06,-2.15942917409005e-06,-3.40597643285995e-06,4.18665506708008e-08,-2.32866866684676e-08,-8.42615615549553e-09,-2.05322901353039e-08,-1.77406648145383e-09,1.63021455753564e-07,1.59309303521523e-08,2.48789003784601e-07,1.62722576459467e-05,-1.26653176116339e-06,5.99604924029132e-07,-7.37947829184092e-07,8.10299559829065e-07,-3.84989685504453e-07,4.13508343428919e-08,2.3094620201577e-07,2.47967243787343e-05,-2.79565353995948e-07,1.10626045753025e-05,-2.09491839833625e-05,-8.40550909071943e-06,7.6332530956933e-06,3.61113696691324e-08,-2.62989886806505e-07,7.35492870064693e-07,-3.15787993497921e-06,-3.28878482481375e-06,3.65720902919494e-08,-1.42328837335196e-05,-5.71332420274752e-08,-5.60530293706056e-08,3.59731945473952e-08,1.55322931495084e-09,-2.77351900963702e-08,-1.89608789261428e-08,-1.36342588116214e-09,5.26591975104311e-08,-1.36308563507453e-09,1.32518244187286e-08,-1.35331822962428e-05,-2.608910177143e-06,-3.10545665255966e-06,5.0512526746514e-06,5.80340211661307e-08,-0.000484663872380573,-0.000771960964885961,-6.49337007615618e-06
"south_west","beta3",1.12908679458408e-08,-2.05506781395538e-06,6.01646712743712e-07,4.48981724642851e-09,1.24051891874107e-07,-3.70264979546434e-08,4.17569637251355e-08,2.25216181408075e-09,-9.07848628926947e-09,-5.79307856250305e-09,-2.25602038011608e-09,-1.07921885011052e-08,-6.34684157978557e-09,-1.26653176116339e-06,2.35138892729275e-07,-1.49883450517205e-07,1.63195480615055e-07,-1.37428423821294e-07,5.82990893747592e-08,-2.69348035124864e-08,1.6444708001417e-08,-4.30756218919665e-06,-1.53468819425419e-06,-1.8104383822846e-06,1.07038085617052e-07,-6.07130208525426e-07,-4.37823632232446e-07,-1.39040284538264e-07,-2.92609610946456e-07,-1.21169360166134e-07,8.55576205407077e-07,3.02408307003235e-07,-5.14338365158536e-08,3.07355521808809e-06,7.26660237451345e-09,3.77524920552865e-09,-2.15079118967789e-09,2.04149919516433e-09,5.01283389572303e-09,3.99733073674271e-09,1.57346596473758e-09,-2.63368670869549e-09,6.16863899197759e-10,-4.68452810650225e-11,4.9978105758372e-07,4.2887170250478e-06,5.89380266930841e-07,-4.62554271481763e-07,-5.87945267269432e-09,3.75057949408008e-05,2.42224966623966e-05,6.0489633887064e-07
"south_west","beta4",-1.00114214363218e-07,6.86528604488655e-07,-3.07653670256929e-07,8.77404033198434e-09,-9.71636604879943e-08,2.93812158728991e-08,-2.98930070849566e-08,4.21718043330837e-09,-1.56968506169582e-09,1.19670533845023e-08,2.63614407503967e-09,7.06696627995823e-09,4.76490540546549e-09,5.99604924029132e-07,-1.49883450517205e-07,1.34686987452066e-07,-1.7997212661347e-07,1.46813755245235e-07,-5.10546817989441e-08,2.67709228507258e-08,-1.93718981470446e-08,1.98674526172582e-06,8.46303273246542e-07,1.2062885594064e-06,2.22726572529749e-06,6.10659062989904e-08,-1.86575942954205e-07,-2.51526672912782e-07,2.41568524184867e-07,-3.94729306907251e-07,-5.16639167949335e-07,-6.79460579940955e-08,2.13100579404541e-08,-1.27906351297871e-06,-1.4317163803347e-09,1.81443837581351e-09,3.35150450807923e-09,-4.28394513642342e-10,9.05224046597794e-10,-2.22970565095896e-09,1.32981646765258e-09,1.56148649913228e-09,2.58007289773649e-10,1.73085118670297e-09,-2.59540329867814e-07,-5.17675313539807e-06,1.38404587014631e-06,5.40230146320118e-07,5.19831337421145e-09,-3.19287609898579e-05,-3.38640912014539e-05,-3.86574868622509e-07
"south_west","beta5",1.66564001089607e-07,-9.01770041893801e-07,3.14616486555938e-07,1.97164714963038e-07,1.39200695447969e-07,-7.71285840058601e-08,5.26378202953586e-08,-1.70617462137037e-08,1.07565154452826e-08,-1.05110144916888e-08,-1.12813765981508e-08,-3.52501010145592e-09,2.34459398346825e-08,-7.37947829184092e-07,1.63195480615055e-07,-1.7997212661347e-07,4.36339909764903e-07,-5.63323222874592e-07,2.52595813400872e-07,-1.18035875646984e-07,5.01071695369718e-08,-6.14734377866482e-07,-9.23966887741729e-07,-8.82039511065078e-07,-2.67573407652677e-06,2.70918366956916e-07,-4.43060550666641e-07,4.00985622104183e-07,2.13936142547126e-07,-5.90008707825525e-07,1.09237549826937e-06,1.61922505137412e-07,-2.76825999992937e-10,1.49440330163011e-06,7.67500388671709e-09,-3.99906615995906e-09,-6.10187863409012e-09,4.41462414894758e-09,-3.88315010337627e-09,2.03349816577882e-09,1.48934819610033e-09,1.29323156060012e-10,-1.58257333270524e-10,-2.25311671514093e-09,-1.20905940772466e-06,1.04847813535668e-07,2.27275938660417e-06,-1.53967467606996e-06,1.17819499295905e-09,-1.18186307558577e-05,3.48482027214175e-05,1.77067393470197e-08
"south_west","beta6",-2.0182492795618e-07,5.2072681772604e-06,-1.02318003488578e-06,-5.30229230066696e-08,-2.24485122147583e-07,1.00193705638662e-07,-7.89204350285524e-08,3.61469131462405e-08,-9.59387744740504e-09,1.56979560639399e-08,-8.16178232827951e-09,-7.99285359338031e-10,-6.07907451642885e-08,8.10299559829065e-07,-1.37428423821294e-07,1.46813755245235e-07,-5.63323222874592e-07,1.31198764298362e-06,-9.72496405181082e-07,6.02849458483235e-07,-1.62065548943834e-07,-9.84263695901293e-07,1.45156079309999e-06,2.48154406348815e-06,-5.38856616369062e-06,-4.19889942492428e-06,1.00489942838263e-06,6.61710395534995e-08,-3.65737226886677e-08,4.91980026170397e-07,-9.22048888659718e-07,-2.12274164090987e-07,3.31694227351558e-08,-3.51703916216762e-06,-1.73266260230518e-09,2.61862332838905e-08,2.67911960750421e-08,-4.50618542374471e-09,1.31598531283661e-08,1.23644911773946e-09,2.95075945389659e-10,2.55978635486004e-09,-3.39597474295764e-09,-1.40140944011757e-09,4.58957488634678e-06,-7.12234146951798e-06,-2.41880495284502e-06,-6.07132168565832e-07,-1.59107179279751e-08,6.82435601664347e-05,-6.85109129543529e-05,8.44562808611555e-07
"south_west","beta7",1.91039800615404e-07,-7.74280267673949e-06,1.25739922167383e-06,4.63898122445506e-08,1.75500918287494e-07,-1.44446885254486e-07,9.99119547090129e-08,-3.68535526610712e-08,-5.29141793028402e-09,5.02245311627647e-08,-2.71420303959568e-08,2.98464219812774e-08,5.40802633766276e-08,-3.84989685504453e-07,5.82990893747592e-08,-5.10546817989441e-08,2.52595813400872e-07,-9.72496405181082e-07,1.20697183110085e-06,-1.10406463099702e-06,4.11935089878125e-07,2.01181056750799e-07,3.89834148503636e-07,-3.64299651568973e-06,9.92493621067807e-06,5.54043374274836e-06,-6.41424636727717e-07,-7.36653122957979e-07,-2.89287749160953e-07,-1.80470302482292e-06,2.01551554891993e-07,7.60990283156682e-08,-6.60861329315539e-08,1.75950143031849e-06,-7.09927440444426e-09,-2.18113334985362e-08,-2.08669989772034e-08,7.31762379256075e-09,-4.27198067014587e-09,6.39427893859342e-09,-1.70518815808657e-09,-2.17322355510304e-09,5.59096695873949e-09,8.47366147844467e-09,-4.44347989948753e-06,1.26957100294833e-05,7.18921665248154e-06,1.73203371343494e-06,-2.57544991258126e-09,-0.000121824051945902,4.55110955283697e-05,-1.51050079523481e-06
"south_west","beta8",-3.7440602119182e-07,7.44935161214306e-06,-1.33276208814199e-06,9.31362314853268e-08,-1.52349744025894e-07,4.74788542196473e-07,-3.03990917399337e-07,5.15559867721933e-08,4.88038481694836e-08,-1.05743385073875e-07,1.02897021573949e-07,-3.88382902791039e-09,-2.53942009118414e-09,4.13508343428919e-08,-2.69348035124864e-08,2.67709228507258e-08,-1.18035875646984e-07,6.02849458483235e-07,-1.10406463099702e-06,1.72155115212089e-06,-1.22957919747146e-06,2.16852772107219e-06,-2.98595489014716e-06,3.59481287882986e-06,-1.1278422721403e-05,-5.28324911516155e-06,3.4537274724703e-07,1.96974880984951e-06,-3.07940187308504e-07,-6.63274973141758e-07,-6.26424082794546e-07,-4.33112490741255e-07,2.43934323091474e-07,5.52126052627623e-07,7.38139477864886e-09,3.5706666670083e-08,2.38449891307809e-08,-4.5338743711498e-09,4.74039603723258e-09,-4.22142980199695e-09,8.71122397840925e-09,1.09386815763267e-08,-2.0186356734612e-10,-3.81221651217596e-09,2.71952120696892e-06,-3.54596870684105e-06,1.81586060110434e-06,-3.66400155203192e-06,1.62213661599106e-08,2.81706315839624e-05,-8.70354454085075e-05,3.00607441272155e-07
"south_west","beta9",4.83851367862831e-07,-3.84981166757451e-07,5.25613430105769e-07,7.35379455790306e-08,-2.6300323948993e-07,-8.94899930405242e-07,6.18324199963269e-07,-5.78551312419674e-08,-9.14471009440176e-08,9.39184792255154e-08,-8.54388123469305e-08,-2.98878897743108e-08,-2.73371197934983e-08,2.3094620201577e-07,1.6444708001417e-08,-1.93718981470446e-08,5.01071695369718e-08,-1.62065548943834e-07,4.11935089878125e-07,-1.22957919747146e-06,1.6482644758701e-06,-5.20908703767481e-06,2.06322776496983e-06,-1.99762318406221e-06,8.90096725528913e-06,-5.05947152364001e-06,5.93886524229649e-07,-1.01629570472174e-06,4.88430098216498e-07,8.73058315711374e-07,1.29604484347108e-06,3.58355199044351e-07,-2.81014392587839e-07,-9.08964608009486e-07,2.97623760467018e-09,-1.33949001097047e-08,-1.13395217370424e-08,3.71008724111429e-09,4.1184392879466e-09,9.62665813107917e-10,-7.99918048835882e-09,-5.65469474364871e-09,-6.667281991242e-09,1.84257891847922e-09,1.37296787216924e-06,-8.91967767608119e-06,-2.84818916090455e-06,1.13540802847739e-06,-2.14293064073954e-08,3.41757639397642e-05,-7.82153041446789e-05,9.99878599929265e-07
"south_west","mu_D",-6.698386113879e-06,-0.000134000297940944,7.36761733447163e-05,-1.14464004779763e-05,4.11693706327957e-06,4.1918002151427e-06,-1.35257798825393e-06,-1.43923411382126e-06,4.36657802222337e-07,2.03118171552295e-08,-1.59980160345103e-06,1.73776015851058e-06,-1.11992635363454e-08,2.47967243787343e-05,-4.30756218919665e-06,1.98674526172582e-06,-6.14734377866482e-07,-9.84263695901293e-07,2.01181056750799e-07,2.16852772107219e-06,-5.20908703767481e-06,0.00186151197025211,0.000262464603124194,0.000160538411501109,0.000358079454753135,0.000252399329234087,-2.61919887795117e-05,-4.81878642537575e-05,3.49154518824996e-05,9.95613195643584e-06,-0.000339072856880484,-7.94697412405935e-06,9.18565558674827e-06,-0.000208495554188347,-2.18056821543525e-07,-4.90945171492991e-07,-3.76555506611742e-07,-6.94083048206322e-08,1.84213849394718e-07,-6.12945108044306e-07,-1.69698123328195e-07,-1.8204545116945e-07,1.68900266867436e-07,2.06227613861801e-07,-4.6493307901228e-06,-0.000262530031312681,-8.51927708392343e-06,-5.63945763628375e-05,-5.01802223315336e-07,-0.00540558939718537,0.00203703958184478,-7.19526962695984e-05
"south_west","mu_D_2",-3.81170513299935e-06,0.000208741738073205,4.2275807406272e-05,-6.87659069842982e-07,1.88801366732012e-06,-1.15754785091404e-06,1.58199854418909e-06,2.60822727155686e-06,-2.57211539109025e-06,3.53788564456556e-06,-4.09248895305694e-06,-8.08720953324823e-07,-1.51776959343904e-06,-2.79565353995948e-07,-1.53468819425419e-06,8.46303273246542e-07,-9.23966887741729e-07,1.45156079309999e-06,3.89834148503636e-07,-2.98595489014716e-06,2.06322776496983e-06,0.000262464603124194,0.000732001885576882,0.000299321683500039,0.000892083428664694,0.000319576857778956,-7.53252690665164e-06,-2.25053198362825e-05,0.000135349718368907,1.62717084876042e-05,-0.000264507933674214,3.99572964463358e-06,7.54658155264965e-06,-4.23389583324056e-05,-2.14399272153771e-07,-2.02239888381195e-07,2.292526507729e-07,2.64341324717546e-08,-1.62035911141901e-08,-3.53894304288573e-08,2.09368415522329e-07,-1.81713686946439e-08,-3.03202071851732e-07,1.33394187596997e-07,2.8973177606812e-05,-0.00232180248102739,-4.70233923696443e-05,7.16495930314197e-05,-7.49768711099044e-07,0.0044668431798566,0.00051789930536795,5.9892963856486e-05
"south_west","mu_D_3",-2.28640666820794e-05,0.000324385951479155,2.37286682573082e-05,-9.35106435111503e-06,1.57728986748668e-06,1.63616554628521e-06,-1.74134382889812e-06,1.11655639618011e-06,-3.16941261909682e-07,-9.5361041199079e-07,1.4571083628633e-06,-3.75752973581784e-07,6.35132149422770e-09,1.10626045753025e-05,-1.8104383822846e-06,1.2062885594064e-06,-8.82039511065078e-07,2.48154406348815e-06,-3.64299651568973e-06,3.59481287882986e-06,-1.99762318406221e-06,0.000160538411501109,0.000299321683500039,0.000909114341881959,0.000166001071157128,-0.00085473244659125,0.000137904542397321,-3.84000074124647e-05,0.000198951573198846,-2.14743590025119e-06,-0.000120874023276092,-8.59031244212173e-06,1.66934880157661e-06,-8.2545889350436e-05,1.96811361120464e-07,3.32814794370573e-07,1.56345332199834e-07,2.40499390674669e-07,2.17416293997747e-07,-2.37240902254617e-07,-4.18528669033403e-08,2.19626201903081e-07,-8.03458846522844e-08,4.62061075805736e-07,-4.63517751689038e-05,-0.00416783967019689,2.08123618634311e-05,-0.000173756115547983,-2.33751415545692e-07,-0.000981771288673669,0.00108759741392152,-4.19431033843407e-06
"south_west","mu_D_4",2.7474828553075e-05,-0.00038070035855818,6.73853933282056e-05,-4.23082459599152e-07,-2.21311550183721e-05,-7.93153120341255e-06,7.44349131954351e-06,-3.29706256380939e-07,-2.46225141109224e-06,2.99835748416019e-06,-1.13769702648546e-05,-1.75141170477469e-07,-1.08999379128733e-07,-2.09491839833625e-05,1.07038085617052e-07,2.22726572529749e-06,-2.67573407652677e-06,-5.38856616369062e-06,9.92493621067807e-06,-1.1278422721403e-05,8.90096725528913e-06,0.000358079454753135,0.000892083428664694,0.000166001071157128,0.00775783137304809,0.000788955679713322,-0.00031724195606689,2.32073748155437e-05,0.000216052363157622,3.06980187933599e-05,-0.000354731253688307,-1.71960198915828e-05,-1.61827494711076e-05,-0.000100569212476301,-1.03703216127787e-07,-1.63325125310472e-06,-1.17118485048793e-06,-7.68493229725794e-07,-1.67844412473316e-06,9.88314336618672e-07,-5.50179003335747e-07,1.22210482993872e-07,-5.16506150304595e-07,-1.85538236912221e-07,3.36147845398308e-06,-0.00370930030220876,-4.41795702191405e-05,0.000609438700035457,1.56545417285357e-06,-0.00336980472943303,-0.0106790551900225,-2.35049265153735e-06
"south_west","mu_gamma_H",1.93176376054372e-05,-0.000314073086785859,5.40730192026081e-05,-1.66121580939916e-05,2.45994500891115e-05,5.46907600296458e-06,-4.37315834103647e-07,-4.57079726098111e-07,-1.00270239635736e-06,2.06495960013513e-06,-7.71977943273634e-06,1.00464440455384e-06,4.09525048480347e-07,-8.40550909071943e-06,-6.07130208525426e-07,6.10659062989904e-08,2.70918366956916e-07,-4.19889942492428e-06,5.54043374274836e-06,-5.28324911516155e-06,-5.05947152364001e-06,0.000252399329234087,0.000319576857778956,-0.00085473244659125,0.000788955679713322,0.00501342121245671,-0.00074893863172978,-2.06342252910587e-05,-9.70318973136256e-05,1.57483627662846e-05,-0.000133368913000725,2.89936746123942e-05,2.14366243477105e-05,0.000147667123683956,-8.30466410529435e-07,-2.31650174743387e-06,-2.25165890316823e-07,-1.05150181852092e-06,-8.83525467912183e-07,-3.13586252021882e-07,-3.89103789756853e-07,-7.2078124153862e-07,-1.55672018909026e-07,-1.07675532741313e-06,0.000265056051170564,0.00336333189184221,-0.00011198315426125,0.000391710392189733,-1.94740818766863e-07,0.00246005693242808,0.0101174574819057,1.06370916476871e-05
"south_west","mu_gamma_H_2",-6.77152297861471e-06,4.17502932174724e-05,2.58650745139857e-06,4.4011222867324e-06,-7.41227071112552e-06,-1.45708915982757e-06,-3.08889935937821e-07,3.80694868333025e-07,-1.21818723635352e-07,6.05571222352032e-07,7.15411616817802e-07,-5.59766090169013e-07,-2.00790468357978e-07,7.6332530956933e-06,-4.37823632232446e-07,-1.86575942954205e-07,-4.43060550666641e-07,1.00489942838263e-06,-6.41424636727717e-07,3.4537274724703e-07,5.93886524229649e-07,-2.61919887795117e-05,-7.53252690665164e-06,0.000137904542397321,-0.00031724195606689,-0.00074893863172978,0.000384723520755039,3.76530069520406e-06,1.64100889551496e-05,5.0474931625087e-05,-4.53446219033236e-06,-2.72314589386828e-06,-4.09201130755822e-06,-1.35182076543371e-05,-1.07344949852487e-07,-2.52514299112967e-07,-4.68647927273639e-07,-1.60752926767955e-08,-1.70899167819533e-07,-3.24760592865609e-09,7.67499327071952e-09,-3.62139669682904e-08,-4.99670724969953e-08,1.82729075544409e-07,-9.62036717937048e-05,-0.000337181920822602,-0.000192324034783956,9.61232960190363e-05,-1.75196746461653e-09,0.000586815476104292,-0.00237876668973986,-5.88021755300489e-06
"south_west","p_G_D",6.4052798413885e-06,-9.36105677774949e-05,-8.54463636965411e-06,6.27652469826446e-06,-9.5859906452649e-07,1.76698779993391e-07,-1.02435994634284e-06,6.10505196125241e-07,3.23916697932033e-08,7.45146552773183e-07,-6.63980322598259e-07,3.10207330964626e-08,-4.13558249185646e-07,3.61113696691324e-08,-1.39040284538264e-07,-2.51526672912782e-07,4.00985622104183e-07,6.61710395534995e-08,-7.36653122957979e-07,1.96974880984951e-06,-1.01629570472174e-06,-4.81878642537575e-05,-2.25053198362825e-05,-3.84000074124647e-05,2.32073748155437e-05,-2.06342252910587e-05,3.76530069520406e-06,0.000121240814135024,-1.15175388157023e-05,5.94418379736714e-06,2.63967270253386e-05,-2.77486915356592e-06,-4.43771673909351e-06,-3.9181487199304e-05,-9.08896375723564e-08,-3.40175043927055e-08,-1.87843161407626e-08,-2.30109808529865e-08,-1.14405841269722e-07,1.29318905448988e-08,-1.46794503807398e-07,3.16088249181307e-08,-3.76387246498883e-08,1.69412306744493e-08,1.00630524089422e-06,0.000190314931232903,-2.76318697664839e-05,3.14714545907067e-05,-7.1203222034385e-08,0.000850108981305882,-0.000697760196205745,8.6718603262396e-06
"south_west","p_G_D_2",-6.82626413137208e-07,4.95394653574308e-05,2.19602736017504e-05,2.96206057267388e-07,7.01375219999151e-07,-3.28971303836349e-07,-2.23480748865462e-07,6.39498653527979e-07,-6.9998659792787e-07,6.75817048628628e-07,-3.6391233263912e-07,-2.59417044431309e-07,1.07052733715657e-07,-2.62989886806505e-07,-2.92609610946456e-07,2.41568524184867e-07,2.13936142547126e-07,-3.65737226886677e-08,-2.89287749160953e-07,-3.07940187308504e-07,4.88430098216498e-07,3.49154518824996e-05,0.000135349718368907,0.000198951573198846,0.000216052363157622,-9.70318973136256e-05,1.64100889551496e-05,-1.15175388157023e-05,7.99342907023824e-05,4.52303149462688e-06,-1.80371711078344e-05,2.31867991140963e-06,-2.92105868251258e-07,-5.50233825039414e-06,9.98521910107832e-08,-6.99597547957309e-08,1.37689276806634e-07,6.63960123452658e-08,5.90412676273885e-08,-2.69948215304805e-08,1.19709527073476e-07,5.85186722324727e-08,-6.17124269993579e-08,5.40136807923548e-08,-2.05808273704385e-05,-0.00128844328795594,-3.1560927177573e-06,-3.11918044196336e-06,-9.97030198807733e-08,-0.000147824499249866,0.000361741070633275,2.94571190608677e-06
"south_west","p_H",4.46411788972294e-06,-4.67251171706618e-06,8.39992514918934e-06,-4.465002106368e-06,1.31713289783693e-06,-4.55028322163199e-07,1.9898764518452e-07,-2.77448178138446e-07,1.76254069397616e-07,-6.18698860319704e-07,1.57673790027817e-07,-1.13061471277561e-06,-1.27372567187685e-06,7.35492870064693e-07,-1.21169360166134e-07,-3.94729306907251e-07,-5.90008707825525e-07,4.91980026170397e-07,-1.80470302482292e-06,-6.63274973141758e-07,8.73058315711374e-07,9.95613195643584e-06,1.62717084876042e-05,-2.14743590025119e-06,3.06980187933599e-05,1.57483627662846e-05,5.0474931625087e-05,5.94418379736714e-06,4.52303149462688e-06,0.000139557120744694,-1.9621499917562e-06,-2.36956058306445e-07,-7.08265426573513e-06,1.08309889230304e-05,-3.30038277437752e-07,-8.74853456923842e-07,-4.83510205590097e-07,-2.98038174637349e-07,-5.24315379783697e-07,-1.75328534841909e-07,-3.31080132218595e-07,-2.50679866629811e-07,-1.25543777135671e-07,-2.90456488980309e-07,-5.71539664143131e-06,2.92740651809714e-05,-0.000500590997621578,0.000168288882553241,1.64211606185287e-07,0.00472343096206196,0.00203259558669845,3.78978909109508e-05
"south_west","p_H_D",5.51022937364973e-06,4.90309579715381e-06,-4.32913374452785e-05,7.9253913837995e-06,-1.38818759755851e-06,-2.06764262347021e-06,1.36199482596978e-06,-1.37251081505217e-06,1.2269713891337e-06,-1.34078876743044e-06,1.307716101879e-06,-8.14509077248104e-08,-8.14650727790401e-08,-3.15787993497921e-06,8.55576205407077e-07,-5.16639167949335e-07,1.09237549826937e-06,-9.22048888659718e-07,2.01551554891993e-07,-6.26424082794546e-07,1.29604484347108e-06,-0.000339072856880484,-0.000264507933674214,-0.000120874023276092,-0.000354731253688307,-0.000133368913000725,-4.53446219033236e-06,2.63967270253386e-05,-1.80371711078344e-05,-1.9621499917562e-06,0.00028710840205307,1.29206496132899e-05,-3.82769571723218e-06,-2.25713562590771e-05,7.66362464207426e-08,-1.32695930908359e-07,4.42423680943381e-08,-6.55231810919441e-08,5.09787241600736e-08,8.05251366659057e-08,5.80423114888224e-08,8.7165107670742e-08,1.34870877931867e-08,-8.99715277717674e-08,-4.49061339552915e-05,0.0002614078549043,8.67660838059087e-06,-6.49356480553489e-05,1.40353405465997e-07,5.67021900583027e-05,-0.000216985632748258,-3.68534260218486e-06
"south_west","p_ICU",2.54997198977154e-06,-4.72865757928828e-06,-3.3592804329751e-07,3.89958732470905e-07,6.07857502934993e-07,-3.18746636549844e-07,2.72592008671297e-07,4.37158250666467e-08,-3.19373466124449e-07,1.64166006952168e-07,1.25943858266434e-07,2.56841205765777e-08,-4.88994168606344e-08,-3.28878482481375e-06,3.02408307003235e-07,-6.79460579940955e-08,1.61922505137412e-07,-2.12274164090987e-07,7.60990283156682e-08,-4.33112490741255e-07,3.58355199044351e-07,-7.94697412405935e-06,3.99572964463358e-06,-8.59031244212173e-06,-1.71960198915828e-05,2.89936746123942e-05,-2.72314589386828e-06,-2.77486915356592e-06,2.31867991140963e-06,-2.36956058306445e-07,1.29206496132899e-05,2.72403147953383e-05,-7.95556529390166e-07,7.6060541551654e-06,2.62836096941899e-08,-7.46452026904185e-08,5.43421560605676e-08,-4.72509269766612e-08,2.1947421705268e-08,-2.31524806792907e-08,1.1041231738163e-07,-4.27411957604801e-08,-2.01081917097849e-08,6.19107379606252e-08,1.57432022995702e-05,-2.36209764479764e-05,2.43424256634191e-06,3.85493006529231e-05,-4.15950668117138e-08,-0.000208974603119339,0.000317561112788584,-3.13171481272014e-06
"south_west","p_ICU_2",2.87764869757049e-07,1.68410433814989e-05,-1.55985262756488e-06,-4.65516453582058e-07,5.553565996263e-07,1.5939372144827e-07,-1.04777167486066e-07,1.56721842949707e-07,4.87487920095101e-08,5.80959327408354e-08,-2.72326674432398e-07,1.77328551911776e-08,-2.4860608637071e-08,3.65720902919494e-08,-5.14338365158536e-08,2.13100579404541e-08,-2.76825999992937e-10,3.31694227351558e-08,-6.60861329315539e-08,2.43934323091474e-07,-2.81014392587839e-07,9.18565558674827e-06,7.54658155264965e-06,1.66934880157661e-06,-1.61827494711076e-05,2.14366243477105e-05,-4.09201130755822e-06,-4.43771673909351e-06,-2.92105868251258e-07,-7.08265426573513e-06,-3.82769571723218e-06,-7.95556529390166e-07,7.16909972458739e-06,2.03952699217083e-06,4.23424529505606e-08,1.79007730958061e-08,5.2751687791283e-08,1.94963016945914e-08,4.36768175781273e-08,-4.44755194294391e-09,6.27605295243347e-09,1.86928265358199e-08,-3.82876268777856e-09,1.21689475201012e-08,1.63918717914361e-05,-8.26965818369259e-06,2.35824887109758e-05,-0.000109343864356378,-2.35155861809083e-08,0.000251749336019682,0.000195698493224791,2.82314247170642e-06
"south_west","p_ICU_D",1.37127662166951e-05,-6.01556901486197e-05,6.7630116362332e-05,5.0649891796077e-06,3.64512301246911e-06,-1.43340571317105e-07,-2.68041430885537e-06,2.00011931414686e-06,-4.3873355054025e-08,-2.75654422283715e-06,3.36235770720452e-06,-7.60528514092599e-07,4.24960614450431e-07,-1.42328837335196e-05,3.07355521808809e-06,-1.27906351297871e-06,1.49440330163011e-06,-3.51703916216762e-06,1.75950143031849e-06,5.52126052627623e-07,-9.08964608009486e-07,-0.000208495554188347,-4.23389583324056e-05,-8.2545889350436e-05,-0.000100569212476301,0.000147667123683956,-1.35182076543371e-05,-3.9181487199304e-05,-5.50233825039414e-06,1.08309889230304e-05,-2.25713562590771e-05,7.6060541551654e-06,2.03952699217083e-06,0.00121174448988885,-2.27207160617679e-08,2.91607122033856e-07,-9.69051488027631e-09,1.48775920616817e-07,1.26385464969059e-08,2.59420483373659e-07,6.41953954339515e-07,1.05106343607625e-07,-1.15148332750533e-07,-1.57847549068357e-07,-0.000152522715622267,-0.000147624591800246,-5.97453204786206e-05,0.000191872670294084,5.23180626005782e-07,0.00167045004361316,0.00173928800005565,2.56135238258526e-05
"south_west","p_NC_15_24",-6.96636241837371e-09,1.70520454644565e-07,5.59970738704715e-08,-8.6383996908219e-10,1.0665871822899e-08,1.41042708285021e-09,1.03734139329904e-09,9.77814525327918e-10,3.05947533738106e-10,8.56667300011445e-09,-8.2510262582161e-09,-1.28885459776666e-09,2.41877925371196e-09,-5.71332420274752e-08,7.26660237451345e-09,-1.4317163803347e-09,7.67500388671709e-09,-1.73266260230518e-09,-7.09927440444426e-09,7.38139477864886e-09,2.97623760467018e-09,-2.18056821543525e-07,-2.14399272153771e-07,1.96811361120464e-07,-1.03703216127787e-07,-8.30466410529435e-07,-1.07344949852487e-07,-9.08896375723564e-08,9.98521910107832e-08,-3.30038277437752e-07,7.66362464207426e-08,2.62836096941899e-08,4.23424529505606e-08,-2.27207160617679e-08,1.0091496768534e-08,4.02594064813503e-09,2.9009047928049e-09,1.70858227617943e-09,4.27857096625896e-09,1.38102311751836e-09,3.54653265364473e-09,1.51052162167881e-09,4.09400604856149e-10,1.22139028039633e-09,1.92837326490332e-08,-1.82441516082063e-06,1.0334305064443e-06,-9.8005020879757e-07,-2.50607133646835e-09,1.22194618777504e-06,4.29563547683514e-07,1.09658111072964e-07
"south_west","p_NC_25_49",7.99779917982939e-08,1.33914109468616e-06,-8.48911481730971e-08,4.09457114640866e-08,2.05177771552994e-08,1.80785671074297e-08,-2.13399802360053e-08,1.02201628754399e-08,6.7599790240414e-09,1.27067593435705e-08,-4.65974705681157e-09,9.10593387150855e-09,-4.94531306732615e-09,-5.60530293706056e-08,3.77524920552865e-09,1.81443837581351e-09,-3.99906615995906e-09,2.61862332838905e-08,-2.18113334985362e-08,3.5706666670083e-08,-1.33949001097047e-08,-4.90945171492991e-07,-2.02239888381195e-07,3.32814794370573e-07,-1.63325125310472e-06,-2.31650174743387e-06,-2.52514299112967e-07,-3.40175043927055e-08,-6.99597547957309e-08,-8.74853456923842e-07,-1.32695930908359e-07,-7.46452026904185e-08,1.79007730958061e-08,2.91607122033856e-07,4.02594064813503e-09,3.59723254849502e-08,7.27659925004078e-09,3.35193755428306e-09,6.33326890452161e-09,4.21575013824191e-09,4.07963425478753e-09,4.24259809787896e-09,8.86982674689037e-10,1.70858038640719e-09,3.68477021785428e-07,-1.84699523033821e-06,2.83248936289855e-06,-1.7927522656974e-06,-9.98141186677276e-09,9.76147565920299e-09,-3.86287867649358e-06,8.38669091330356e-08
"south_west","p_NC_50_64",3.55579793809389e-08,-1.0008975398695e-09,-5.06962614079769e-08,-6.88425887132662e-09,-4.65100258892548e-09,4.48084427045459e-09,6.1838687793081e-09,5.9286531993991e-09,-3.43480397665588e-09,8.75232386184109e-09,2.03648839449325e-09,7.25229639312071e-10,5.54045633261563e-09,3.59731945473952e-08,-2.15079118967789e-09,3.35150450807923e-09,-6.10187863409012e-09,2.67911960750421e-08,-2.08669989772034e-08,2.38449891307809e-08,-1.13395217370424e-08,-3.76555506611742e-07,2.292526507729e-07,1.56345332199834e-07,-1.17118485048793e-06,-2.25165890316823e-07,-4.68647927273639e-07,-1.87843161407626e-08,1.37689276806634e-07,-4.83510205590097e-07,4.42423680943381e-08,5.43421560605676e-08,5.2751687791283e-08,-9.69051488027631e-09,2.9009047928049e-09,7.27659925004078e-09,2.10520077028131e-08,2.78897871020511e-09,4.03693430613715e-09,1.09440944013611e-09,2.09893230546993e-09,2.11908538909699e-09,1.78683339049515e-11,9.21924858781838e-10,6.82552307039498e-07,-2.56450103210506e-06,1.70786542898647e-06,-1.26080935716208e-06,-8.16536469149623e-09,8.08470573542553e-07,-4.6865418693616e-06,6.54535212871405e-08
"south_west","p_NC_65_79",1.27941246356078e-08,-4.30636693561664e-08,7.94566692687232e-08,8.00196068400526e-09,-7.88961887185494e-09,-1.52859901891002e-09,2.09473996184789e-09,3.01528672570652e-09,6.16615336535814e-10,8.01448201548691e-10,4.52879062880097e-09,1.65833385441324e-09,2.36436163910431e-09,1.55322931495084e-09,2.04149919516433e-09,-4.28394513642342e-10,4.41462414894758e-09,-4.50618542374471e-09,7.31762379256075e-09,-4.5338743711498e-09,3.71008724111429e-09,-6.94083048206322e-08,2.64341324717546e-08,2.40499390674669e-07,-7.68493229725794e-07,-1.05150181852092e-06,-1.60752926767955e-08,-2.30109808529865e-08,6.63960123452658e-08,-2.98038174637349e-07,-6.55231810919441e-08,-4.72509269766612e-08,1.94963016945914e-08,1.48775920616817e-07,1.70858227617943e-09,3.35193755428306e-09,2.78897871020511e-09,5.84506568344756e-09,1.71793394742835e-09,8.93370899359098e-10,2.00982107442369e-09,1.55367810739932e-09,4.46135865714589e-10,5.79419502950547e-10,-6.59615338707877e-08,-1.57402430064895e-06,1.06903314227276e-06,-4.2806766122034e-07,-1.92150634174819e-09,-4.2867145603973e-06,-6.5054624452944e-06,-2.46441853615032e-08
"south_west","p_NC_80_plus",-2.02859967110086e-08,6.63911458149779e-07,-2.59131350642949e-08,1.11433224233606e-08,-5.53352954428519e-09,8.36425191910699e-10,3.6542114106277e-09,4.3324462347747e-09,-1.66170687139927e-09,-9.60398624820081e-10,8.14258295184563e-09,-3.62123524870796e-10,3.5027115898055e-09,-2.77351900963702e-08,5.01283389572303e-09,9.05224046597794e-10,-3.88315010337627e-09,1.31598531283661e-08,-4.27198067014587e-09,4.74039603723258e-09,4.1184392879466e-09,1.84213849394718e-07,-1.62035911141901e-08,2.17416293997747e-07,-1.67844412473316e-06,-8.83525467912183e-07,-1.70899167819533e-07,-1.14405841269722e-07,5.90412676273885e-08,-5.24315379783697e-07,5.09787241600736e-08,2.1947421705268e-08,4.36768175781273e-08,1.26385464969059e-08,4.27857096625896e-09,6.33326890452161e-09,4.03693430613715e-09,1.71793394742835e-09,1.60469560221386e-08,6.79625484735017e-10,2.37031576917621e-09,2.48332490577894e-09,6.32121975513441e-10,2.47716152711733e-09,2.3888446879402e-08,-1.69951525755192e-06,1.73464922231482e-06,-1.06848556264756e-06,-5.75565234601495e-09,-3.63787834452651e-06,-7.73980569512627e-06,6.32109465245082e-08
"south_west","p_NC_weekend_15_24",2.32668346474929e-08,-3.58701083813209e-08,1.19057832416665e-08,2.64996415908334e-08,-1.03432449533909e-08,-3.74692657076223e-09,-1.85184887556565e-10,7.07259098224637e-09,-5.40472826187975e-09,6.48857795055153e-09,1.32551985388394e-09,6.6166798406619e-10,1.31179787220584e-09,-1.89608789261428e-08,3.99733073674271e-09,-2.22970565095896e-09,2.03349816577882e-09,1.23644911773946e-09,6.39427893859342e-09,-4.22142980199695e-09,9.62665813107917e-10,-6.12945108044306e-07,-3.53894304288573e-08,-2.37240902254617e-07,9.88314336618672e-07,-3.13586252021882e-07,-3.24760592865609e-09,1.29318905448988e-08,-2.69948215304805e-08,-1.75328534841909e-07,8.05251366659057e-08,-2.31524806792907e-08,-4.44755194294391e-09,2.59420483373659e-07,1.38102311751836e-09,4.21575013824191e-09,1.09440944013611e-09,8.93370899359098e-10,6.79625484735017e-10,7.57439462521677e-09,1.1151736517148e-09,3.29232943697823e-10,-2.06672757862441e-10,-3.78133753509427e-10,-1.02560561880462e-07,-1.20922037739976e-07,5.07974935353044e-07,-1.75483740862727e-07,-9.3381853055935e-10,-4.07943373917705e-06,-6.97647148104161e-06,-1.83587035527832e-08
"south_west","p_NC_weekend_25_49",-3.12004118039854e-09,2.65947470298082e-07,-1.50793007692321e-09,-9.60595440041585e-09,-4.57904477669601e-09,8.8676536769449e-09,-4.99982514996426e-09,6.5996769033011e-09,-3.36240165546056e-09,1.05554122003148e-08,-4.72191089964898e-09,-2.73136363850924e-10,5.5601560333637e-09,-1.36342588116214e-09,1.57346596473758e-09,1.32981646765258e-09,1.48934819610033e-09,2.95075945389659e-10,-1.70518815808657e-09,8.71122397840925e-09,-7.99918048835882e-09,-1.69698123328195e-07,2.09368415522329e-07,-4.18528669033403e-08,-5.50179003335747e-07,-3.89103789756853e-07,7.67499327071952e-09,-1.46794503807398e-07,1.19709527073476e-07,-3.31080132218595e-07,5.80423114888224e-08,1.1041231738163e-07,6.27605295243347e-09,6.41953954339515e-07,3.54653265364473e-09,4.07963425478753e-09,2.09893230546993e-09,2.00982107442369e-09,2.37031576917621e-09,1.1151736517148e-09,1.41137057930725e-08,4.84811445795242e-10,4.55372657267319e-11,2.6157129365495e-09,-1.29462960613249e-07,-2.2113407034048e-06,1.24233559765078e-06,-9.23987346910141e-08,-2.34677858898946e-09,-3.67030446999908e-06,-4.77928609898525e-06,9.52869503638554e-09
"south_west","p_NC_weekend_50_64",4.81170644316239e-09,7.48652149442572e-07,3.27180477009006e-08,8.79289177430509e-09,-1.14739737911539e-08,1.48973968815156e-09,-4.97517857466105e-09,7.86301169543366e-09,-3.29585807622493e-09,9.15799615664943e-09,3.50348755017647e-10,1.51221623188574e-09,5.5776963948882e-10,5.26591975104311e-08,-2.63368670869549e-09,1.56148649913228e-09,1.29323156060012e-10,2.55978635486004e-09,-2.17322355510304e-09,1.09386815763267e-08,-5.65469474364871e-09,-1.8204545116945e-07,-1.81713686946439e-08,2.19626201903081e-07,1.22210482993872e-07,-7.2078124153862e-07,-3.62139669682904e-08,3.16088249181307e-08,5.85186722324727e-08,-2.50679866629811e-07,8.7165107670742e-08,-4.27411957604801e-08,1.86928265358199e-08,1.05106343607625e-07,1.51052162167881e-09,4.24259809787896e-09,2.11908538909699e-09,1.55367810739932e-09,2.48332490577894e-09,3.29232943697823e-10,4.84811445795242e-10,6.4420858258232e-09,3.00537570240892e-10,7.24958166204027e-10,-3.92984920163566e-08,-1.91998931416367e-06,8.60454808801432e-07,-5.53106451441744e-07,-1.60765505211247e-09,-1.63360927476191e-06,-5.11360162786837e-06,6.04587026751556e-10
"south_west","p_NC_weekend_65_79",-1.64530712291316e-08,-3.82341271231701e-07,-2.34845309366434e-08,-1.07325772354969e-08,1.10731283760421e-08,8.98936518499736e-09,-8.99119254177843e-09,1.94838792042871e-09,-8.37802063468608e-10,4.58923055066252e-09,-4.73521659881778e-09,1.8851720493658e-09,4.51617757071216e-09,-1.36308563507453e-09,6.16863899197759e-10,2.58007289773649e-10,-1.58257333270524e-10,-3.39597474295764e-09,5.59096695873949e-09,-2.0186356734612e-10,-6.667281991242e-09,1.68900266867436e-07,-3.03202071851732e-07,-8.03458846522844e-08,-5.16506150304595e-07,-1.55672018909026e-07,-4.99670724969953e-08,-3.76387246498883e-08,-6.17124269993579e-08,-1.25543777135671e-07,1.34870877931867e-08,-2.01081917097849e-08,-3.82876268777856e-09,-1.15148332750533e-07,4.09400604856149e-10,8.86982674689037e-10,1.78683339049515e-11,4.46135865714589e-10,6.32121975513441e-10,-2.06672757862441e-10,4.55372657267319e-11,3.00537570240892e-10,2.78406439778129e-09,7.12026121800258e-10,-2.40165531359674e-08,1.143983233063e-06,4.32520057706309e-07,-1.84440814781236e-07,-1.70148833206958e-10,-1.11829048353359e-05,3.14106706018393e-06,-1.13129978323246e-07
"south_west","p_NC_weekend_80_plus",-1.87526877768178e-08,8.44934077837267e-08,-1.88743034705911e-08,1.29639177213092e-08,1.21123147699778e-08,8.40095389581542e-10,4.16353749553406e-09,-5.30920146497384e-09,4.50640514776972e-09,1.87519361690126e-09,4.3384795309703e-09,1.04445380701205e-09,6.07629266692416e-09,1.32518244187286e-08,-4.68452810650225e-11,1.73085118670297e-09,-2.25311671514093e-09,-1.40140944011757e-09,8.47366147844467e-09,-3.81221651217596e-09,1.84257891847922e-09,2.06227613861801e-07,1.33394187596997e-07,4.62061075805736e-07,-1.85538236912221e-07,-1.07675532741313e-06,1.82729075544409e-07,1.69412306744493e-08,5.40136807923548e-08,-2.90456488980309e-07,-8.99715277717674e-08,6.19107379606252e-08,1.21689475201012e-08,-1.57847549068357e-07,1.22139028039633e-09,1.70858038640719e-09,9.21924858781838e-10,5.79419502950547e-10,2.47716152711733e-09,-3.78133753509427e-10,2.6157129365495e-09,7.24958166204027e-10,7.12026121800258e-10,1.24672185137901e-08,3.25184755522457e-07,-2.18988147877836e-06,1.06370807818126e-06,-3.65425423891387e-07,-2.12469456571257e-09,-9.16378718184933e-06,4.18061690866679e-06,-1.11423957731676e-07
"south_west","p_W_D",-9.13636366168517e-06,-4.06302104934139e-06,9.61303242060593e-06,-3.30249072683799e-06,1.17366627465743e-05,4.43982530621799e-07,8.70764625619461e-07,-1.10594608150342e-06,1.53497516189107e-06,-8.85683335948571e-07,-8.96125258157497e-08,1.15940577115556e-06,-1.04905625121857e-06,-1.35331822962428e-05,4.9978105758372e-07,-2.59540329867814e-07,-1.20905940772466e-06,4.58957488634678e-06,-4.44347989948753e-06,2.71952120696892e-06,1.37296787216924e-06,-4.6493307901228e-06,2.8973177606812e-05,-4.63517751689038e-05,3.36147845398308e-06,0.000265056051170564,-9.62036717937048e-05,1.00630524089422e-06,-2.05808273704385e-05,-5.71539664143131e-06,-4.49061339552915e-05,1.57432022995702e-05,1.63918717914361e-05,-0.000152522715622267,1.92837326490332e-08,3.68477021785428e-07,6.82552307039498e-07,-6.59615338707877e-08,2.3888446879402e-08,-1.02560561880462e-07,-1.29462960613249e-07,-3.92984920163566e-08,-2.40165531359674e-08,3.25184755522457e-07,0.00160622708768938,7.91687971219237e-05,2.87857379433353e-05,-2.93080667524023e-05,-7.37108343826381e-07,0.00117781779480797,0.00416059485319573,4.43509255245958e-06
"south_west","rel_p_D_alpha",8.12310650677815e-05,-0.00207724038528156,-0.000285354418107808,1.48744429137044e-05,-6.99684883687598e-07,8.70725802096718e-06,-4.78523885548801e-06,-8.18963184181098e-06,6.66749490094094e-06,2.59481702376019e-06,-3.4584105840371e-06,4.89076551913492e-06,3.36191105399551e-06,-2.608910177143e-06,4.2887170250478e-06,-5.17675313539807e-06,1.04847813535668e-07,-7.12234146951798e-06,1.26957100294833e-05,-3.54596870684105e-06,-8.91967767608119e-06,-0.000262530031312681,-0.00232180248102739,-0.00416783967019689,-0.00370930030220876,0.00336333189184221,-0.000337181920822602,0.000190314931232903,-0.00128844328795594,2.92740651809714e-05,0.0002614078549043,-2.36209764479764e-05,-8.26965818369259e-06,-0.000147624591800246,-1.82441516082063e-06,-1.84699523033821e-06,-2.56450103210506e-06,-1.57402430064895e-06,-1.69951525755192e-06,-1.20922037739976e-07,-2.2113407034048e-06,-1.91998931416367e-06,1.143983233063e-06,-2.18988147877836e-06,7.91687971219237e-05,0.0270894437231942,-0.000294926503312661,0.000839616027677086,3.22731463200152e-06,-0.00423276733698138,-0.000831157012651146,-0.000157547240046812
"south_west","rel_p_H_alpha",-1.23635567652594e-05,-4.98380052980242e-06,-1.65827781832516e-05,1.47767007153358e-05,-4.14531009249582e-06,1.3093320427342e-06,-3.76932727565409e-07,1.01713199794914e-06,-1.21928593825855e-06,2.55715866713035e-06,-5.04711087451148e-07,4.22315590829858e-06,4.61223651104221e-06,-3.10545665255966e-06,5.89380266930841e-07,1.38404587014631e-06,2.27275938660417e-06,-2.41880495284502e-06,7.18921665248154e-06,1.81586060110434e-06,-2.84818916090455e-06,-8.51927708392343e-06,-4.70233923696443e-05,2.08123618634311e-05,-4.41795702191405e-05,-0.00011198315426125,-0.000192324034783956,-2.76318697664839e-05,-3.1560927177573e-06,-0.000500590997621578,8.67660838059087e-06,2.43424256634191e-06,2.35824887109758e-05,-5.97453204786206e-05,1.0334305064443e-06,2.83248936289855e-06,1.70786542898647e-06,1.06903314227276e-06,1.73464922231482e-06,5.07974935353044e-07,1.24233559765078e-06,8.60454808801432e-07,4.32520057706309e-07,1.06370807818126e-06,2.87857379433353e-05,-0.000294926503312661,0.00192544065947553,-0.000616024291331272,-5.25619191946126e-07,-0.0180693203113005,-0.0070369977798713,-0.00015033756966644
"south_west","rel_p_ICU_alpha",-7.40501656975868e-06,-0.000383168621506931,7.66825127360406e-05,4.14931573806034e-06,-1.41901511721072e-05,-1.01838745447465e-06,-2.33438300969935e-07,1.18216400270588e-06,-3.10404261016265e-06,5.28090357220633e-07,4.80820965365624e-06,-1.4760043738067e-06,4.06777273854137e-07,5.0512526746514e-06,-4.62554271481763e-07,5.40230146320118e-07,-1.53967467606996e-06,-6.07132168565832e-07,1.73203371343494e-06,-3.66400155203192e-06,1.13540802847739e-06,-5.63945763628375e-05,7.16495930314197e-05,-0.000173756115547983,0.000609438700035457,0.000391710392189733,9.61232960190363e-05,3.14714545907067e-05,-3.11918044196336e-06,0.000168288882553241,-6.49356480553489e-05,3.85493006529231e-05,-0.000109343864356378,0.000191872670294084,-9.8005020879757e-07,-1.7927522656974e-06,-1.26080935716208e-06,-4.2806766122034e-07,-1.06848556264756e-06,-1.75483740862727e-07,-9.23987346910141e-08,-5.53106451441744e-07,-1.84440814781236e-07,-3.65425423891387e-07,-2.93080667524023e-05,0.000839616027677086,-0.000616024291331272,0.0029611040989905,1.55276110843424e-06,0.000743657797324688,-0.00487892166188531,-1.56291048934233e-05
"south_west","rho_pillar2_tests",-1.4393790594554e-07,-1.07754438375786e-06,-2.62335186832404e-07,-4.07003712811138e-09,-5.82876727850427e-08,1.08910835281516e-08,-1.41339039487938e-09,-1.41454231890898e-08,2.427514437958e-08,-3.69171238127764e-08,3.10795207251946e-09,3.8808313720814e-09,-5.11169056337875e-10,5.80340211661307e-08,-5.87945267269432e-09,5.19831337421145e-09,1.17819499295905e-09,-1.59107179279751e-08,-2.57544991258126e-09,1.62213661599106e-08,-2.14293064073954e-08,-5.01802223315336e-07,-7.49768711099044e-07,-2.33751415545692e-07,1.56545417285357e-06,-1.94740818766863e-07,-1.75196746461653e-09,-7.1203222034385e-08,-9.97030198807733e-08,1.64211606185287e-07,1.40353405465997e-07,-4.15950668117138e-08,-2.35155861809083e-08,5.23180626005782e-07,-2.50607133646835e-09,-9.98141186677276e-09,-8.16536469149623e-09,-1.92150634174819e-09,-5.75565234601495e-09,-9.3381853055935e-10,-2.34677858898946e-09,-1.60765505211247e-09,-1.70148833206958e-10,-2.12469456571257e-09,-7.37108343826381e-07,3.22731463200152e-06,-5.25619191946126e-07,1.55276110843424e-06,4.67102354507348e-08,-4.01751899653913e-06,-2.19748601280021e-05,-1.38415174338505e-07
"south_west","seed_date_alpha",0.000403330260845937,0.00837447642997149,-0.000689484753084849,-4.24999368855992e-05,0.00018894333312625,-9.99705311873434e-05,0.000242066121200427,9.50997954100137e-05,7.96733080618722e-05,-8.199908509102e-05,-0.000177972516560562,-0.000209878954602437,-0.000266060887095177,-0.000484663872380573,3.75057949408008e-05,-3.19287609898579e-05,-1.18186307558577e-05,6.82435601664347e-05,-0.000121824051945902,2.81706315839624e-05,3.41757639397642e-05,-0.00540558939718537,0.0044668431798566,-0.000981771288673669,-0.00336980472943303,0.00246005693242808,0.000586815476104292,0.000850108981305882,-0.000147824499249866,0.00472343096206196,5.67021900583027e-05,-0.000208974603119339,0.000251749336019682,0.00167045004361316,1.22194618777504e-06,9.76147565920299e-09,8.08470573542553e-07,-4.2867145603973e-06,-3.63787834452651e-06,-4.07943373917705e-06,-3.67030446999908e-06,-1.63360927476191e-06,-1.11829048353359e-05,-9.16378718184933e-06,0.00117781779480797,-0.00423276733698138,-0.0180693203113005,0.000743657797324688,-4.01751899653913e-06,1.14548386067538,0.111099524853026,0.0139295191735518
"south_west","start_date",-8.92144888312136e-05,0.00532735527359564,0.00096770229759436,-0.000468337196421252,0.00169356263057481,0.000143279863480275,-5.00958631509007e-05,-2.65983392828863e-05,3.45122394928448e-05,-7.66049653199353e-05,-5.30020687403574e-05,-1.13826670155387e-05,-4.42171652978334e-05,-0.000771960964885961,2.42224966623966e-05,-3.38640912014539e-05,3.48482027214175e-05,-6.85109129543529e-05,4.55110955283697e-05,-8.70354454085075e-05,-7.82153041446789e-05,0.00203703958184478,0.00051789930536795,0.00108759741392152,-0.0106790551900225,0.0101174574819057,-0.00237876668973986,-0.000697760196205745,0.000361741070633275,0.00203259558669845,-0.000216985632748258,0.000317561112788584,0.000195698493224791,0.00173928800005565,4.29563547683514e-07,-3.86287867649358e-06,-4.6865418693616e-06,-6.5054624452944e-06,-7.73980569512627e-06,-6.97647148104161e-06,-4.77928609898525e-06,-5.11360162786837e-06,3.14106706018393e-06,4.18061690866679e-06,0.00416059485319573,-0.000831157012651146,-0.0070369977798713,-0.00487892166188531,-2.19748601280021e-05,0.111099524853026,0.733952131387867,0.00140987961710701
"south_west","ta_alpha",5.54196866726773e-06,9.87307007077705e-05,-4.40639815462419e-06,-9.22669242448928e-08,2.91409591206757e-06,-1.28517534136475e-06,2.90714095704639e-06,1.21747053379223e-06,2.84389731648466e-07,-1.59325963641459e-06,-4.025945757484e-06,-3.05181476559412e-06,-3.57206145678322e-06,-6.49337007615618e-06,6.0489633887064e-07,-3.86574868622509e-07,1.77067393470197e-08,8.44562808611555e-07,-1.51050079523481e-06,3.00607441272155e-07,9.99878599929265e-07,-7.19526962695984e-05,5.9892963856486e-05,-4.19431033843407e-06,-2.35049265153735e-06,1.06370916476871e-05,-5.88021755300489e-06,8.6718603262396e-06,2.94571190608677e-06,3.78978909109508e-05,-3.68534260218486e-06,-3.13171481272014e-06,2.82314247170642e-06,2.56135238258526e-05,1.09658111072964e-07,8.38669091330356e-08,6.54535212871405e-08,-2.46441853615032e-08,6.32109465245082e-08,-1.83587035527832e-08,9.52869503638554e-09,6.04587026751556e-10,-1.13129978323246e-07,-1.11423957731676e-07,4.43509255245958e-06,-0.000157547240046812,-0.00015033756966644,-1.56291048934233e-05,-1.38415174338505e-07,0.0139295191735518,0.00140987961710701,0.000199508405622557
